1,Elijah Wood
2,Ian McKellen
3,Viggo Mortensen
4,Liv Tyler
5,Orlando Bloom
6,John Rhys-Davies
7,Sean Bean
8,Christopher Lee
9,Billy Boyd
10,Dominic Monaghan
11,Sean Astin
12,Andy Serkis
13,Hugo Weaving
14,Cate Blanchett
15,Ian Holm
16,Craig Parker
17,Lawrence Makoare
18,Sala Baker
19,Sarah McLeod
20,Marton Csokas
21,Alan Howard
22,Noel Appleby
23,Megan Edwards
24,Michael Elsworth
25,Mark Ferguson
26,Brent McIntyre
27,Peter Jackson
28,Bernard Hill
29,Miranda Otto
30,David Wenham
31,Karl Urban
32,John Noble
33,Paul Norell
34,Thomas Robins
35,David Aston
36,Sadwyn Brophy
37,Alistair Browning
38,Brad Dourif
39,Olivia Tennet
40,Jed Brophy
41,Calum Gittins
42,John Bach
43,Robbie Magasiva
44,Jim Carrey
45,Kate Winslet
46,Mark Ruffalo
47,Kirsten Dunst
48,Tom Wilkinson
49,Ryan Whitney
50,Jane Adams
51,Debbon Ayer
52,David Cross
53,Gerry Robert Byrne
54,Brian Price
55,Josh Flitter
56,Paul Litowsky
57,Lola Daehler
58,Amir Ali Said
59,Deirdre O'Connell
60,Lauren Adler
61,Eugene Hutz
62,Boris Leskin
63,Jana Hrabetova
64,Jonathan Safran Foer
65,Stephen Samudovsky
66,Oleksandr Choroshko
67,Gil Kazimirov
68,Zuzana Hodkova
69,Ljubomir Dezera
70,Laryssa Lauret
71,Tereza Veselkova
72,Vera Sindelarova
73,Lukas Kral
74,Michael J. Fox
75,Christopher Lloyd
76,Lea Thompson
77,Elisabeth Shue
78,James Tolkan
79,Jeffrey Weissman
80,Casey Siemaszko
81,Billy Zane
82,Darlene Vogel
83,Jason Scott Lee
84,Ricky Dean Logan
85,Charles Fleischer
86,J.J. Cohen
87,Flea
88,Joe Flaherty
89,Neil Ross
90,Al White
91,Thomas F. Wilson
92,E. Casanova Evans
93,Jay Koch
94,Charles Gherardi
95,John Thornton
96,Theo Schwartz
97,Lindsey Whitney Barry
98,Judy Ovitz
99,Stephanie Williams
100,Marty Levy
101,Jim Ishida
102,Nikki Birdsong
103,Junior Fann
104,Shaun Hunter
105,George Buck Flower
106,Tamara Carrera
107,Tracy Dali
108,Jennifer Brown
109,Irina Cashen
110,Angela Greenblatt
111,Cameron Moore
112,Justin Mosley Spink
113,Lisa Freeman
114,John Erwin
115,|Harry Waters, Jr.|
116,David Harold Brown
117,Tommy Thomas
118,Lloyd L. Tolbert
119,Granville 'Danny' Young
120,Wesley Mann
121,Freddie
122,Crispin Glover
123,Todd Blood
124,Sean Michael Fish
125,Donald Fullilove
126,Annette May
127,Mary Ellen Trainor
128,Gregory Nicotero
129,Howard Berger
130,Tom Savini
131,John Carpenter
132,Frank Darabont
133,John Landis
134,Robert Kirkman
135,George A. Romero
136,Quentin Tarantino
137,Jessica Alba
138,Devon Aoki
139,Alexis Bledel
140,Powers Boothe
141,Rosario Dawson
142,Benicio del Toro
143,Michael Clarke Duncan
144,Carla Gugino
145,Josh Hartnett
146,Rutger Hauer
147,Jaime King
148,Michael Madsen
149,Brittany Murphy
150,Clive Owen
151,Mickey Rourke
152,Nick Stahl
153,Bruce Willis
154,Jude Ciccolella
155,Jeffrey J. Dashnaw
156,Jesse De Luna
157,Jason Douglas
158,Tommy Flanagan
159,Rick Gomez
160,David H. Hickey
161,Greg Ingram
162,Nicky Katt
163,Helen Kirk
164,Ethan Maniquis
165,John McLeod
166,Frank Miller
167,Lisa Marie Newmyer
168,Tommy Nix
169,Nick Offerman
170,Marco Perella
171,Randal Reeder
172,Jeff Schwan
173,Marley Shelton
174,Korey Simeone
175,Paul T. Taylor
176,Ken Thomas
177,Rico Torres
178,Makenzie Vega
179,Arie Verveen
180,Patricia Vonne
181,Chris Warner
182,Bobby Hackney
183,Dannis Hackney
184,David Hackney
185,Henry Rollins
186,Kid Rock
187,Alice Cooper
188,Mick Collins
189,Mickey Leigh
190,Bobbie Duncan
191,Ahmir-Khalib Thompson
192,Vernon Reid
193,Claire Forlani
194,Charlie Hunnam
195,Ross McCall
196,Leo Gregory
197,Marc Warren
198,Rafe Spall
199,Kieran Bew
200,Geoff Bell
201,Henry Goodman
202,Francis Pope
203,Christopher Hehir
204,Terence Jay
205,David Alexander
206,Oliver Allison
207,James Allison
208,Joel Beckett
209,Scott Christie
210,David Carr
211,Jacob Gaffney
212,Jamie Kenna
213,Johnny Palmiero
214,Martin Freeman
215,Richard Armitage
216,Sylvester McCoy
217,Lee Pace
218,Conan Stevens
219,Bret McKenzie
220,Aidan Turner
221,James Nesbitt
222,Graham McTavish
223,Barry Humphries
224,Ken Stott
225,Jeffrey Thomas
226,Mark Hadlow
227,John Callen
228,William Kircher
229,John Bell
230,Benedict Cumberbatch
231,Dean O'Gorman
232,Manu Bennett
233,Adam Brown
234,Stephen Hunter
235,Tim McLachlan
236,Steve Buscemi
237,Natalie Portman
238,Willem Dafoe
239,Maggie Gyllenhaal
240,Axel Kiener
241,Julie Bataille
242,Bruno Podalydès
243,Florence Muller
244,Fanny Ardant
245,Leïla Bekhti
246,Juliette Binoche
247,Seydou Boro
248,Javier Cámara
249,Sergio Castellitto
250,Martin Combes
251,Cyril Descours
252,Lionel Dray
253,Marianne Faithfull
254,Ben Gazzara
255,Hippolyte Girardot
256,Bob Hoskins
257,Olga Kurylenko
258,Sara Martins
259,Elias McConnell
260,Yolande Moreau
261,Catalina Sandino Moreno
262,Emily Mortimer
263,Nick Nolte
264,Paul Putner
265,Joana Preiss
266,Gena Rowlands
267,Miranda Richardson
268,Ludivine Sagnier
269,Barbet Schroeder
270,Rufus Sewell
271,Gaspard Ulliel
272,Leonor Watling
273,Li Xin
274,Margo Martindale
275,Aïssa Maïga
276,Courtney B. Vance
277,Robbie Coltrane
278,Jason Robards
279,Ron Perlman
280,Dana Ivey
281,Anne Heche
282,John C. Reilly
283,Jennifer Connelly
284,Christopher Plummer
285,Martin Landau
286,Fred Tatasciore
287,Alan Oppenheimer
288,Tom Kane
289,Helen Wilson
290,Kevin Costner
291,Mare Winningham
292,Lexi Randall
293,LaToya Chisholm
294,Christopher Fennell
295,Donald Sellers
296,Leon Sills
297,Will West
298,Lucas Black
299,Jennifer Tyler
300,Charlette Julius
301,Adam Henderson
302,Brennan Gallagher
303,Justin Lucas
304,Judson Vaughn
305,Christine Baranski
306,Raynor Scheine
307,Bruce A. Young
308,Gary Basaraba
309,Nick Searcy
310,Mary Nell Santacroce
311,Rashida Jones
312,Andy Samberg
313,Emma Roberts
314,Ari Graynor
315,Eric Christian Olsen
316,Janel Parrish
317,Chris Messina
318,Sarah Haskins
319,Matthew Del Negro
320,Shira Lazar
321,Will McCormack
322,Kate Krieger
323,Rebecca Dayan
324,Chris Pine
325,Zoë Hall
326,Lenny Jacobson
327,Chris D'Elia
328,Lauren Sánchez
329,Robert Kya-Hill
330,Sarah Wright
331,Kevin Kline
332,Joan Allen
333,Sigourney Weaver
334,Henry Czerny
335,Tobey Maguire
336,Christina Ricci
337,Adam Hann-Byrd
338,David Krumholtz
339,Jamey Sheridan
340,Kate Burton
341,William Cain
342,Michael Cumpsty
343,Maia Danziger
344,Katie Holmes
345,Colleen Camp
346,Lorraine Bracco
347,Adam Baldwin
348,John Heard
349,Joseph Mazzello
350,Ben Johnson
351,Tom Hanks
352,Thomas Ian Nicholas
353,Garette Ratliff Henson
354,Sean Baca
355,Victor DiMattia
356,Abraham Verduzco
357,Adam Hendershott
358,Daniel Bieber
359,John Mazzello
360,Coleby Lombardo
361,Mike Simmrin
362,Elden Ratliff
363,Lennard Camarillo
364,Macaulay Culkin
365,Wendy Crewson
366,David Morse
367,Daniel Hugh Kelly
368,Ashley Crow
369,Mark Stefanich
370,Jacqueline Brookes
371,Quinn Culkin
372,Guy Strauss
373,Keith Brava
374,Jerem Goodwin
375,Andria Hall
376,Bobby Huber
377,Susan Hopper
378,Richard Gere
379,Andy García
380,Laurie Metcalf
381,Nancy Travis
382,Richard Bradford
383,William Baldwin
384,Michael Beach
385,Faye Grant
386,John Kapelos
387,Katherine Borowitz
388,Annabella Sciorra
389,Susan Forristal
390,Salma Hayek
391,Jeff Goldblum
392,Orlando Jones
393,Kevin Corrigan
394,David Hyde Pierce
395,Steve Zahn
396,Lara Flynn Boyle
397,Michael Rapaport
398,Jordana Brewster
399,Clea DuVall
400,Laura Harris
401,Shawn Hatosy
402,Famke Janssen
403,Usher Raymond
404,Robert Patrick
405,Piper Laurie
406,Christopher McDonald
407,Bebe Neuwirth
408,Jon Stewart
409,Daniel von Bargen
410,Jon Abrahams
411,Summer Phoenix
412,Susan Willis
413,Pete Janssen
414,Tina Rodriguez
415,Danny Masterson
416,Wiley Wiggins
417,Harry Jay Knowles
418,Donna Casey
419,Louis Black
420,Eric Jungmann
421,Chris Viteychuk
422,Jim Johnston
423,Libby Villari
424,Duane Martin
425,Katherine Willis
426,Mike Lutz
427,Douglas Aarniokoski
428,Rachael Leigh Cook
429,Janeane Garofalo
430,Roger Rees
431,Mel Gibson
432,Jamie Lee Curtis
433,Isabel Glasser
434,George Wendt
435,Joe Morton
436,Nicolas Surovy
437,David Marshall Grant
438,Robert Hy Gorman
439,Michael A. Goorjian
440,Veronica Lauren
441,Art LaFleur
442,Eric Pierpoint
443,Walton Goggins
444,Amanda Foreman
445,Karla Tamburrelli
446,Harry Belafonte
447,Joy Bryant
448,Nick Cannon
449,Emilio Estevez
450,Laurence Fishburne
451,Heather Graham
452,Anthony Hopkins
453,Helen Hunt
454,Ashton Kutcher
455,Shia LaBeouf
456,Lindsay Lohan
457,William H. Macy
458,Demi Moore
459,Martin Sheen
460,Christian Slater
461,Sharon Stone
462,Mary Elizabeth Winstead
463,Joshua Jackson
464,John Hurt
465,Julie Cox
466,Jim Carter
467,Burn Gorman
468,Dominique Pinon
469,Anna Massey
470,Danny Sapani
471,Alex Cox
472,James Howard
473,Duane Henry
474,Lombardo Boyar
475,Robin Williams
476,Johnny A. Sanchez
477,Carlos Alazraqui
478,Jeffrey Garcia
479,Hugh Jackman
480,Nicole Kidman
481,E.G. Daily
482,Magda Szubanski
483,Miriam Margolyes
484,Cesar Flores
485,Anthony LaPaglia
486,Fat Joe
487,Alyssa Shafer
488,Danny Mann
489,Mark Klastorin
490,Michael Cornacchia
491,Chris Edgerly
492,Franka Potente
493,Mandy Moore
494,Deborah Harry
495,Elizabeth Perkins
496,Chris William Martin
497,Aaron Pearl
498,Aloma Wright
499,Andrew Jackson
500,Malcolm Scott
501,Frank C. Turner
502,Chad Faust
503,Daniella Evangelista
504,Pink
505,Sofía Vergara
506,Common
507,Brad Pitt
508,Matt Damon
509,Ava Acres
510,Benjamin Flores Jr.
511,Meibh Campbell
512,Hank Azaria
513,Richard Carter
514,Lee Perry
515,Jai Sloper
516,Oscar Beard
517,Gary Eck
518,Imogen Trowell
519,Jordan Prosser
520,David Arnott
521,Robin Atkin Downes
522,Sarah Aubrey
523,Veena Bidasha
524,Denise Blasor
525,Holland Broggie
526,Catherine Cavadini
527,Rob Coleman
528,Warren Coleman
529,Will Collyer
530,Karissa Corday
531,Mason Vale Cotton
532,Django Craig
533,John Demita
534,Liza de Weerd
535,Dashel Eck
536,Rosa Fernandez
537,Charlie Finn
538,Aaron Fors
539,Pat Fraley
540,Nicolette Gani
541,Lillian Groag
542,Monica Guzman
543,Aaron Hendry
544,Nathan Kameya
545,Daamen J. Krall
546,Kal Mansoor
547,Ivo Nandi
548,Roger Narayan
549,Jason Pace
550,Harry Pashley
551,Max Pashley
552,Moira Quirk
553,Michael Ralph
554,Noreen Reardon
555,Nancy Truman
556,Nicole Vieira
557,Ruth Zalduondo
558,Septimus Caton
559,Ivan Vunich
560,Arshad Aslam
561,Hélène Cardona
562,Justin Cotta
563,Roberto Donati
564,Antony Ginandjar
565,Ivy Mak
566,Sunil Malhotra
567,Ajay Mehta
568,Puja Mohindra
569,Carlos Moreno Jr.
570,Eddie Tang
571,America Olivo
572,Nora Arnezeder
573,Zoe Aggeliki
574,Jan Broberg
575,Joshua De La Garza
576,Dan Hunter
577,Genevieve Alexandra
578,Liane Balaban
579,Megan Duffy
580,Luis Fernandez-Gil
581,Aaron Colom
582,Akbar Kurtha
583,Sal Landi
584,Délé Ogundiran
585,Bryan Lugo
586,Ron Reznik
587,Devra Korwin
588,Steffinnie Phrommany
589,Mike McCarty
590,Brian Ames
591,Patrick Orr
592,Mic Rodgers
593,Sammi Rotibi
594,Rochelle Rudolph
595,Lauren Emily Vaughan
596,Steven James Williams
597,Robert Duvall
598,Téa Leoni
599,Vanessa Redgrave
600,Morgan Freeman
601,Maximilian Schell
602,Leelee Sobieski
603,James Cromwell
604,Jon Favreau
605,Laura Innes
606,Mary McCormack
607,Richard Schiff
608,Blair Underwood
609,Charles Martin Smith
610,Una Damon
611,Dougray Scott
612,Derek de Lint
613,Suzy Nakamura
614,Alimi Ballard
615,W. Earl Brown
616,Denise Crosby
617,Jason Dohring
618,Tucker Smallwood
619,Mike O'Malley
620,Kurtwood Smith
621,Ron Eldard
622,John Cusack
623,Tamsin Egerton
624,Allen Leech
625,Kerry Bishé
626,Alex Winter
627,Dee Wallace
628,Don McManus
629,Stephanie Garvin
630,Mino Mackic
631,Christopher Kahler
632,Benjamin Nathan-Serio
633,Beth Trollan
634,Vin Diesel
635,Rose Leslie
636,Michael Caine
637,Ólafur Darri Ólafsson
638,Julie Engelbrecht
639,Rena Owen
640,Bex Taylor-Klaus
641,Aimee Carrero
642,Isaach De Bankolé
643,Armani Jackson
644,Samara Lee
645,Stephanie Bertoni
646,Kurt Angle
647,Joseph Gilgun
648,Sloane Coombs
649,Dawn Olivieri
650,David Whalen
651,Jack Erdie
652,Toussaint Raphael Abessolo
653,Allegra Carpenter
654,Paul Hogan
655,Jonathan Banks
656,Jason Fuchs
657,Robert Deacon
658,Luke Halpin
659,Chelsea Field
660,Tomi Fujiyama
661,Leo Fuchs
662,Eve Gordon
663,Lou Jacobi
664,Armin Mueller-Stahl
665,Joan Plowright
666,Aidan Quinn
667,Israel Rubinek
668,Grant Gelt
669,Kevin Pollak
670,Brian Petsos
671,Oscar Isaac
672,Ryan Phillippe
673,Kristen Wiig
674,Adam Brody
675,Gillian Jacobs
676,Bobby Moynihan
677,David Rasche
678,Garret Dillahunt
679,Amy Seimetz
680,Brad Morris
681,Edward Burns
682,Brian Burns
683,Vincent Rubino
684,Jimmy Cummings
685,Oliver Platt
686,Melanie Griffith
687,Thora Birch
688,Don Johnson
689,Sheila McCarthy
690,Louise Latham
691,Greg Travis
692,Delta Burke
693,Carlin Glynn
694,Charles Shaughnessy
695,David Packer
696,Ashley Peldon
697,Caroline Dollar
698,Bekka Eaton
699,Richard K. Olsen
700,Michael Hunter
701,Alison Pill
702,Rainn Wilson
703,Jack McBrayer
704,Nasim Pedrad
705,Leigh Whannell
706,Jorge Garcia
707,Ian Brennan
708,Cooper Roth
709,Miles Elliot
710,Morgan Lily
711,Peter Kwong
712,Kate Flannery
713,Matt Jones
714,Rebecca Marshall
715,Sunny May Allison
716,Jason Alexander
717,Julia Louis-Dreyfus
718,Jon Lovitz
719,Alan Arkin
720,Dan Aykroyd
721,Reba McEntire
722,Graham Greene
723,Kathy Bates
724,Alan Rachins
725,Abe Vigoda
726,Alexander Godunov
727,Kelly McGillis
728,Faith Ford
729,John Ritter
730,Scarlett Johansson
731,Keone Young
732,Lauren Tom
733,Richard Belzer
734,Rosalind Chao
735,George Cheung
736,Ayo Adejugbe
737,Darwyn Carson
738,Jesse Zeigler
739,Matthew McCurley
740,Tyler Gurciullo
741,Robert Costanzo
742,Ben Stein
743,Maud Winchester
744,Fritz Sperberg
745,Jussie Smollett
746,Glenn Walker Harris Jr.
747,Ryan O'Neill
748,Tony T. Johnson
749,Audrey Klebahn
750,Philip Levy
751,Dan Grimaldi
752,Marvin Braverman
753,Wendle Josepher
754,Carmela Rappazzo
755,Jordan Jacobson
756,James F. Dean
757,Nancy Nichols
758,Kim Delgado
759,Mitchell Group
760,Chuck Cooper
761,Peg Shirley
762,Alana Austin
763,Taylor Fry
764,Alan Zweibel
765,Donavon Dietz
766,Lucy Lin
767,Marla Frees
768,Robert Rigamonti
769,Brian Levinson
770,Sasha Grey
771,Neil Maskell
772,Nacho Vigalondo
773,Brian Elder
774,Scott Weinberg
775,Richard Dreyfuss
776,David O'Hara
777,Celyn Jones
778,Kelly Reilly
779,Steven Mackintosh
780,Shirley Henderson
781,Kevin Eldon
782,Antonio Banderas
783,Alexa PenaVega
784,Daryl Sabara
785,Sylvester Stallone
786,Ricardo Montalban
787,Holland Taylor
788,Mike Judge
789,Matt O'Leary
790,Emily Osment
791,Ryan Pinkston
792,Robert Vito
793,Bobby Edner
794,Courtney Jines
795,Cheech Marin
796,Danny Trejo
797,Alan Cumming
798,Tony Shalhoub
799,Bill Paxton
800,George Clooney
801,Selena Gomez
802,Evan Sabara
803,Camille Chen
804,Steve Wertheimer
805,Alejandro Rose-Garcia
806,Lane Turney
807,Glen Powell
808,Bob Fonseca
809,Peter Marquardt
810,James Paxton
811,Anna Paquin
812,Josh Duhamel
813,Dianna Agron
814,Malin Åkerman
815,Jeremy Strong
816,Candice Bergen
817,Nicolas Cage
818,Jerry Lewis
819,Kevin Weisman
820,Steven Williams
821,Sky Ferreira
822,Kenna James
823,Ethan Suplee
824,Eric Heister
825,Alexandria Lee
826,Carl Windom Carlito
827,Lisa Mack
828,Marc D. Donovan
829,Erica Vanlee
830,Tommie Vegas
831,Christie Beran
832,Jeff Manning
833,Ronnie Thurmand Jr
834,Jeff Howard
835,Keston John
836,Reagan Pfifer
837,Ashley Campbell
838,Joe Palubinsky
839,Jay Hieron
840,Vanessa Christelle
841,Paul Vato
842,Xin Yi Gan
843,Jiaming Zhang
844,Marcus Weiss
845,James D. Smith Jr.
846,Lisa Gardner
847,Robert Downey Jr.
848,Scott Caan
849,Stacy Edwards
850,Allan Houston
851,Gaby Hoffmann
852,Jared Leto
853,Claudia Schiffer
854,Brooke Shields
855,Joe Pantoliano
856,Kidada Jones
857,Marla Maples
858,Bijou Phillips
859,Oliver 'Power' Grant
860,Raekwon
861,William Lee Scott
862,Michael B. Jordan
863,Ben Stiller
864,Eddie Kaye Thomas
865,James Toback
866,Mike Tyson
867,Kim Matulova
868,Brett Ratner
869,Method Man
870,Inspectah Deck
871,Ghostface Killah
872,Sticky Fingaz
873,George Wayne
874,Scottie Epstein
875,Thaddaeus Birkett
876,Chip Banks
877,Hassan Johnson
878,Larry Shaw
879,Superb
880,Tyrone S. Walker
881,Richard Akiva
882,Justin Ske
883,Richard Voll
884,Steven C. Beer
885,Sabine Lamy
886,Michelle Dent
887,Frank Pesce
888,Richard Rose
889,Chuck Zito
890,Sheila Ball
891,John Bolger
892,Joseph Bongiorno
893,Masta Killa
894,Frank Adonis
895,Jodi Cohen
896,John Buffalo Mailer
897,Tina Nguyen
898,Garry Pastore
899,Richard Elms
900,Keith Grayson
901,Janine Green
902,Cara Hamill
903,Katie Hamill
904,David Alastair King
905,Kristin Klosterman
906,Duane McLaughlin
907,Lauren Pratt
908,Shari Raghunati
909,Katie Sagona
910,Melvin James Shaad
911,Tyree Michael Simpson
912,Patrick Watt
913,Jade Yorker
914,Pell James
915,George F. Miller
916,Steve Nuke
917,James M. Sandín
918,Davy Sardou
919,Fredro Starr
920,Sanny van Heteren
921,Bellamy Young
922,Shawn Regruto
923,Robert B. Alexander
924,Eric Keith McNeil
