1,Peter Jackson
2,Michael Pellerin
3,Michel Gondry
4,Liev Schreiber
5,Robert Zemeckis
6,Donna Davies
7,Robert Rodriguez
8,Frank Miller
9,Quentin Tarantino
10,Mark Christopher Covino
11,Jeff Howlett
12,Lexi Alexander
13,Olivier Assayas
14,Frédéric Auburtin
15,Gurinder Chadha
16,Sylvain Chomet
17,Ethan Coen
18,Isabel Coixet
19,Wes Craven
20,Alfonso Cuarón
21,Gérard Depardieu
22,Christopher Doyle
23,Richard LaGravenese
24,Vincenzo Natali
25,Alexander Payne
26,Walter Salles
27,Oliver Schmitz
28,Nobuhiro Suwa
29,Daniela Thomas
30,Tom Tykwer
31,Gus Van Sant
32,Bruno Podalydès
33,Joel Coen
34,Stephen Sommers
35,Shane Acker
36,Jon Avnet
37,Lee Toland Krieger
38,Ang Lee
39,Richard Donner
40,Joseph Ruben
41,Mike Figgis
42,Pontus Löwenhielm
43,Patrick von Krusenstjerna
44,Martin Duffy
45,Steve Miner
46,Emilio Estevez
47,Álex de la Iglesia
48,George Miller
49,Jeffrey Porter
50,Franck Khalfoun
51,Mimi Leder
52,Eugenio Mira
53,Breck Eisner
54,Alan Shapiro
55,Josh Bishop
56,Barry Levinson
57,Chadd Harbold
58,Edward Burns
59,Mary Agnes Donoghue
60,Michael Schultz
61,Cary Murnion
62,Jonathan Milott
63,Rob Reiner
64,Nacho Vigalondo
65,Tony Bill
66,Andy Goddard
67,Galt Niederhoffer
68,Alex Brewer
69,Benjamin Brewer
70,James Toback
