1,elves
2,dwarves
3,orcs
4,middle-earth (tolkien)
5,hobbits
6,based on novel
7,mountains
8,fireworks
9,castle
10,volcano
11,password
12,death of a friend
13,uncle
14,sword and sorcerery
15,mirror
16,wizard
17,middle earth
18,the lord of the rings
19,lotr
20,the appendices
21,suspicion
22,bravery
23,war
24,honor
25,crushed to death
26,troll
27,brutality
28,ghost
29,end of trilogy
30,quest
31,explosive
32,cave
33,fort
34,army
35,mission
36,attack
37,guide
38,deja vu
39,lovesickness
40,jealousy
41,amnesia
42,loss of sense of reality
43,dream
44,operation
45,future
46,relationship problems
47,love
48,brainwashing
49,love story
50,grandfather grandson relationship
51,mass murder
52,ukraine
53,pop culture
54,blindness and impaired vision
55,journey in the past
56,passion for collection
57,souvenir
58,nazis
59,anti semitism
60,photograph
61,skateboarding
62,flying car
63,car race
64,delorean
65,lightning
66,almanac
67,inventor
68,time travel
69,sequel
70,diner
71,alternate history
72,teenager
73,electric guitar
74,walking cane
75,high school dance
76,hoverboard
77,video phone
78,horror filmmaking
79,makeup artist
80,woman director
81,dystopia
82,based on comic book
83,based on graphic novel
84,black and white and color
85,black and white scene
86,black & white to color
87,mysterious killer
88,doing the right thing
89,mercedes
90,tied to a chair
91,silhouette
92,neo-noir
93,punk
94,punk rock
95,rock band
96,rockumentary
97,punk band
98,police brutality
99,harvard university
100,sport
101,hooligan
102,student
103,soccer
104,cruelty
105,american
106,violence
107,firm
108,west ham united
109,riddle
110,journey
111,ring
112,goblin
113,courage
114,giant
115,tunnel
116,underground lake
117,hobbit
118,buried treasure
119,climbing a tree
120,invisibility
121,ancient
122,arm cut off
123,gnomes
124,paris
125,city portrait
126,jazz
127,subway
128,new love
129,immigration
130,nanny
131,tourist
132,southern accent
133,wanted man
134,lynch mob
135,reflection in water
136,lesson
137,nosebleed
138,bloodhound
139,fake accent
140,grave digging
141,man vs machine
142,hope
143,post-apocalyptic
144,friendship
145,steampunk
146,coward
147,end of world
148,rag doll
149,vietnam veteran
150,bullying
151,child
152,male female relationship
153,divorce
154,best friends in love
155,1970s
156,thanksgiving
157,dysfunctional family
158,independent film
159,step father
160,physical abuse
161,abuse
162,suspense
163,business trip
164,child psychiatrist
165,fratricide
166,opening in the ice
167,disbelieving adult
168,mother kills own child
169,scuffle
170,shop
171,undercover agent
172,illegality
173,internal affairs
174,detective
175,treasure
176,romance
177,theft
178,barber
179,coins
180,stolen
181,american football
182,alien life-form
183,high school
184,teacher
185,memory
186,clinic
187,patient
188,twins
189,test person
190,us air force
191,airplane
192,experiment with human beings
193,hotel
194,senator
195,kitchen
196,marriage crisis
197,politics
198,xenophobia
199,mathematician
200,mathematics
201,oxford
202,symbol
203,triangle
204,mass child killing
205,ocean
206,fish
207,zoo
208,penguin
209,tap dancing
210,crush
211,snow
212,singing
213,antarctica
214,family
215,photographer
216,flirt
217,symbolism
218,virgin
219,fantasy
220,letter
221,college
222,beer
223,geek
224,road trip
225,misfit
226,surrealism
227,neighbor
228,alcoholic
229,apartment
230,cowboys
231,actress
232,accident
233,struggles
234,digit in title
235,aftercreditsstinger
236,3d
237,murder
238,gore
239,serial killer
240,one word title
241,u.s. president
242,nasa
243,metereologist
244,space mission
245,comet
246,natural disaster
247,tsunami
248,astronomer
249,astronaut
250,disaster movie
251,chicago
252,assassin
253,performance
254,piano playing
255,grand piano
256,new york
257,witch
258,uprising
259,witch hunter
260,dolphin
261,florida
262,florida keys
263,summer
264,country music
265,japanese
266,tokyo japan
267,new york city
268,las vegas nevada
269,country singer
270,nashville tennessee
271,usa
272,russia
273,jew
274,rabbi
275,synagogue
276,bar mitvah
277,emigrant
278,revenge
279,rampage
280,dead dog
281,bar
282,gun
283,hitman
284,priest
285,tears
286,church
287,drink
288,irish mob
289,vendetta
290,deli
291,grief
292,remake of french film
293,child care
294,imaginary friend
295,family relationships
296,father daughter relationship
297,self esteem
298,elementary school
299,zombies
300,virus
301,child prodigy
302,travel
303,young boy
304,kid
305,based on a children's book
306,parent child relationship
307,high technology
308,written by director
309,voyeurism
310,london
311,orphan
312,orphan boy
313,charles dickens
314,19th century
315,poet
316,video game
317,intelligence
318,liberation
319,child hero
320,cheating
321,wedding
322,romantic literature
323,heist
324,dirty cop
