|1|,|The Lord of the Rings: The Fellowship of the Ring|,|2001-12-18|,|1,2,3|,|1,2,3,4,5,6,7,8,9,10,11,12,13,14,15,16,17|,|1|,|1,2,3,4,5,6,7,8,9,10,11,12,13,14,15,16,17,18,19,20,21,22,23,24,25,26|,|Young hobbit Frodo Baggins, after inheriting a mysterious ring from his uncle Bilbo, must leave his home in order to keep it from falling into the hands of its evil creator. Along the way, a fellowship is formed to protect the ringbearer and make sure that the ring arrives at its final destination: Mt. Doom, the only place where it can be destroyed.|,|tt0120737|,|120|,|93000000|,|871368364|,|8.25073|,|7.8|,|[u'V75dMMIW2B4', u'aStYWD25fAQ']|
|2|,|The Appendices: Part One|,|2002-11-12|,|4|,|18,19,20|,|2|,|27,3,1,2|,|The first part of the behind the scenes look at the making of Lord of the Rings.|,|tt0466851|,|364630|,|0|,|0|,|0.196984|,|8.8|,|[]|
|3|,|The Lord of the Rings: The Return of the King|,|2003-12-01|,|1,2,3|,|1,3,4,6,21,22,23,24,25,26,27,14,28,29,17,30|,|1|,|1,2,3,4,5,6,11,9,10,12,13,15,28,29,30,31,32,14,17,33,34,19,7,20,8,35,36,37|,|Aragorn is revealed as the heir to the ancient kings as he, Gandalf and the other members of the broken fellowship struggle to save Gondor from Sauron's forces. Meanwhile, Frodo and Sam bring the ring closer to the heart of Mordor, the dark lord's realm.|,|tt0167260|,|122|,|94000000|,|1118888979|,|7.574184|,|7.9|,|[u'co9SNfJNDN8']|
|4|,|The Lord of the Rings: The Two Towers|,|2002-12-18|,|1,2,3|,|1,3,4,5,6,31,32,33,34,35,36,14,37,16,17|,|1|,|1,2,3,4,5,6,8,11,9,10,12,13,16,28,38,29,30,31,14,39,7,40,41,42,43|,|Frodo and Sam are trekking to Mordor to destroy the One Ring of Power while Gimli, Legolas and Aragorn search for the orc-captured Merry and Pippin. All along, nefarious wizard Saruman awaits the Fellowship members at the Orthanc Tower in Isengard.|,|tt0167261|,|121|,|79000000|,|926287400|,|6.687389|,|7.8|,|[u'LbfMDwc4azU']|
|5|,|Eternal Sunshine of the Spotless Mind|,|2004-03-19|,|5,6,7|,|38,39,40,41,42,43,44,45,46,47,48,49|,|3|,|44,45,1,46,47,48,49,50,51,52,53,54,55,56,57,58,59,60|,|Joel Barish, heartbroken that his girlfriend underwent a procedure to erase him from her memory, decides to do the same. However, as he watches his memories of her fade away, he realises that he still loves her, and may be too late to correct his mistake.|,|tt0338013|,|38|,|20000000|,|72258126|,|3.665337|,|7.8|,|[u'xItkiEbPvQw', u'BBeBpZ-cPLE']|
|6|,|Everything is Illuminated|,|2005-09-16|,|8,6|,|50,51,52,53,54,55,56,57,58,59,60|,|4|,|1,61,62,63,64,65,66,67,68,69,70,71,72,73|,|A film based on the semi-autobiographical novel of the same name by American writer Jonathan Safran Foer, in which a young Jewish American man endeavors—with the help of eccentric, distant relatives—to find the woman who saved his grandfather during World War II, in a Ukrainian village which was ultimately razed by the Nazis.|,|tt0404030|,|340|,|7000000|,|2697930|,|0.5771|,|7.4|,|[u'tSUOYY4oukc']|
|7|,|Back to the Future Part II|,|1989-11-20|,|1,8,9,5,3|,|61,62,63,64,65,66,67,68,69,70,71,72,73,74,75,76,77|,|5|,|74,75,76,77,78,79,80,81,82,1,83,84,85,86,87,88,89,90,91,92,93,94,95,96,97,98,99,100,101,102,103,104,105,106,107,108,109,110,111,112,113,114,115,116,117,118,119,120,121,122,123,124,125,126,127|,|Marty and Doc are at it again in this wacky sequel to the 1985 blockbuster as the time-traveling duo head to 2015 to nip some McFly family woes in the bud. But things go awry thanks to bully Biff Tannen and a pesky sports almanac. In a last-ditch attempt to set things straight, Marty finds himself bound for 1955 and face to face with his teenage parents -- again.|,|tt0096874|,|165|,|40000000|,|332000000|,|3.508333|,|7.2|,|[u'MdENmefJRpw']|
|8|,|Nightmare Factory|,|2011-10-27|,|4|,|78,79,80|,|6|,|128,129,130,131,132,133,134,135,136,1|,|Nightmare Factory, directed by Donna Davies (Zombiemania), is the story of how one Pittsburgh boy’s fascination with monsters drove him to the very top of the Hollywood food chain. In 1989, Greg Nicotero, much to his parents’ chagrin, quit medical school and headed for Hollywood to pursue a dream of making monsters. Together with gore masters Howard Berger and Robert Kurtzman, Nicotero went on to create KNB EFX Group, one of the most prolific makeup effects studios in the world. After twenty years as the “go to guy” for the world’s most successful horror/sci-fi films, Greg Nicotero is the first one directors like Quentin Tarantino and Robert Rodriguez call.|,|tt2062602|,|92850|,|0|,|0|,|0.118937|,|7.2|,|[u'CzPbIxfQXuY']|
|9|,|Sin City|,|2005-03-31|,|3,10,11|,|81,82,83,84,85,86,87,88,89,90,91,92|,|7,8,9|,|137,138,139,140,141,142,143,144,145,146,147,148,149,150,151,152,153,1,154,155,156,157,158,159,160,161,162,163,164,165,166,167,168,169,170,171,172,173,174,175,176,177,178,179,180,181|,|Welcome to Sin City. This town beckons to the tough, the corrupt, the brokenhearted. Some call it dark… Hard-boiled. Then there are those who call it home — Crooked cops, sexy dames, desperate vigilantes. Some are seeking revenge, others lust after redemption, and then there are those hoping for a little of both. A universe of unlikely and reluctant heroes still trying to do the right thing in a city that refuses to care.|,|tt0401792|,|187|,|40000000|,|158733820|,|1.766042|,|7.1|,|[u'YKFLrTYKIXk']|
|10|,|A Band Called Death|,|2013-06-27|,|4,12|,|93,94,95,96,97|,|10,11|,|182,183,184,185,1,186,187,188,189,190,191,192|,|Before Bad Brains, the Sex Pistols or even the Ramones, there was Death. Formed in the early '70s by three teenage brothers from Detroit, Death is credited as being the first black punk band, and the Hackney brothers, David, Bobby, and Dannis, are now considered pioneers in their field. But it wasn’t until recently — when a dusty 1974 demo tape made its way out of Bobby’s attic nearly 30 years after Death’s heyday — that anyone outside a small group of punk enthusiasts had even heard of them.|,|tt2064713|,|137563|,|0|,|125|,|0.146511|,|7.1|,|[u'hAcLnf6Tx_A']|
|11|,|Green Street Hooligans|,|2005-09-09|,|6,11|,|98,99,100,101,102,103,104,105,106,80,107,108|,|12|,|1,193,194,195,196,197,198,199,200,201,202,203,204,205,206,207,208,209,210,211,212,213|,|After being wrongfully expelled from Harvard University, American Matt Buckner flees to his sister's home in England. Once there, he is befriended by her charming and dangerous brother-in-law, Pete Dunham, and introduced to the underworld of British football hooliganism. Matt learns to stand his ground through a friendship that develops against the backdrop of this secret and often violent world. 'Green Street Hooligans' is a story of loyalty, trust and the sometimes brutal consequences of living close to the edge.|,|tt0385002|,|8923|,|0|,|3154346|,|0.813514|,|7.0|,|[u'EAe-1Lv1KYU']|
|12|,|The Hobbit: An Unexpected Journey|,|2012-11-26|,|1,2,3|,|109,1,2,3,4,7,16,110,111,112,17,113,114,115,116,117,118,119,120,121,122,123|,|1|,|2,214,215,12,14,8,216,15,1,13,217,218,219,220,221,222,223,224,225,226,227,228,229,230,231,232,40,233,234,235|,|Bilbo Baggins, a hobbit enjoying his quiet life, is swept into an epic quest by Gandalf the Grey and thirteen dwarves who seek to reclaim their mountain home from Smaug, the dragon.|,|tt0903624|,|49051|,|250000000|,|1017003568|,|5.993109|,|6.9|,|[u'dFQS8IKrUHA', u'JpZoaO6ceV0', u'SZ6WX0EI31Q', u'dUfBxB-yC1Y', u'SDnYMbYB-nU']|
|13|,|Paris, je t'aime|,|2006-05-16|,|6,7|,|124,125,126,127,128,129,130,131,80|,|13,14,15,16,17,18,19,20,21,22,23,24,25,26,27,28,29,30,31,32,33|,|236,237,238,239,240,241,242,243,244,245,246,247,248,249,250,251,252,253,254,255,256,257,258,259,260,261,262,263,264,265,266,267,268,269,270,271,272,1,273,274,275|,|Olivier Assayas, Gus Van Sant, Wes Craven and Alfonso Cuaron are among the 20 distinguished directors who contribute to this collection of 18 stories, each exploring a different aspect of Parisian life. The colourful characters in this drama include a pair of mimes, a husband trying to chose between his wife and his lover, and a married man who turns to a prostitute for advice.|,|tt0401711|,|2266|,|13000000|,|4857367|,|0.308789|,|6.8|,|[u'yAOQBuPHV3M']|
|14|,|The Adventures of Huck Finn|,|1993-04-02|,|3,1,6,9|,|132,133,134,135,136,137,138,139,140|,|34|,|1,276,277,278,279,280,281|,|Climb aboard for an extraordinary version of Mark Twain's sweeping adventure when Walt Disney presents The Adventures of Huck Finn, starring Elijah Wood (The Lord of the Rings). Directed by Stephen Sommers (The Mummy, The Mummy Returns), it's the unforgettable saga of a mischievous youngster and a runaway slave|,|tt0106223|,|34723|,|0|,|0|,|0.319226|,|6.6|,|[u'cS9-HeIUa-M']|
|15|,|9|,|2009-08-19|,|3,1,13,5,10|,|141,142,143,81,144,23,145,146,147,148|,|35|,|1,282,283,284,122,285,286,287,288,289|,|When 9 first comes to life, he finds himself in a post-apocalyptic world. All humans are gone, and it is only by chance that he discovers a small community of others like him taking refuge from fearsome machines that roam the earth intent on their extinction. Despite being the neophyte of the group, 9 convinces the others that hiding will do them no good.|,|tt0472033|,|12244|,|30000000|,|48428063|,|2.019499|,|6.5|,|[u'XJSTGpwLUF0']|
|16|,|The War|,|1994-11-04|,|6|,|149,150,151|,|36|,|1,290,291,292,293,294,295,296,297,298,299,300,301,302,303,304,305,306,307,308,309,310|,|The son of a Vietnam War Veteran must deal with neighborhood bullies as well as his dad's post-traumatic stress disorder while growing up in the deep south in the 1970's.|,|tt0111667|,|19855|,|0|,|0|,|0.218835|,|6.4|,|[u'BzB_Qkl2Gec']|
|17|,|Celeste & Jesse Forever|,|2012-08-03|,|8,6,7|,|46,152,153,154|,|37|,|311,312,1,313,314,315,316,317,318,319,320,321,322,323,324,325,326,327,328,329,330|,|Celeste and Jesse met in high school and got married young. They laugh at the same jokes and finish each other’s sentences. They are forever linked in their friends’ minds as the perfect couple – she, a high-powered businesswoman and budding novelist; he, a free spirit who keeps things from getting boring. Their only problem is that they have decided to get divorced. Can their perfect relationship withstand this minor setback?|,|tt1405365|,|84184|,|0|,|3094813|,|0.344374|,|6.4|,|[]|
|18|,|The Ice Storm|,|1997-09-27|,|6|,|6,155,156,157,158|,|38|,|331,332,333,334,335,336,1,337,338,339,340,341,342,343,344,345|,|In the weekend after thanksgiving 1973 the Hoods are skidding out of control. Benjamin Hood reels from drink to drink, trying not to think about his trouble at the office. His wife, Elena, is reading self help books and losing patience with her husband's lies. Their son, Paul, home for the holidays, escapes to the city to pursue an alluring rich girl from his prep school. Young, budding nymphomaniac, Wendy Hood roams the neighborhood, innocently exploring liquor cabinets and lingerie drawers of her friends' parents, looking for something new. Then an ice storm hits, the worst in a century.|,|tt0119349|,|68924|,|18000000|,|8038061|,|0.701279|,|6.3|,|[u'OA0stGEfhmw']|
|19|,|Radio Flyer|,|1992-02-21|,|6|,|159,160,161|,|39|,|1,346,347,348,349,350,351,352,353,354,355,356,357,358,359,360,361,362,363|,|A father reminisces about his childhood when he and his younger brother moved to a new town with their mother, her new husband and their dog, Shane. When the younger brother is subjected to physical abuse at the hands of their brutal stepfather, Mike decides to convert their toy trolley, the "Radio Flyer", into a plane to fly him to safety.|,|tt0105211|,|20763|,|35000000|,|4651977|,|0.51304|,|6.2|,|[]|
|20|,|The Good Son|,|1993-09-24|,|6,14,10|,|162,163,164,165,166,167,168,169|,|40|,|364,1,365,366,367,368,369,370,371,372,373,374,375,376,377|,|A young boy stays with his aunt and uncle, and befriends his cousin who's the same age. But his cousin begins showing increasing signs of psychotic behavior.|,|tt0107034|,|9272|,|17000000|,|44456478|,|0.430411|,|6.2|,|[u'pP4P-VgcM4s']|
|21|,|Internal Affairs|,|1990-01-12|,|11,6|,|170,171,172,173|,|41|,|378,379,380,381,1,382,383,384,385,386,387,388,389|,|Keen young Raymold Avila joins the Internal Affairs Department of the Los Angeles police. He and partner Amy Wallace are soon looking closely at the activities of cop Dennis Peck whose financial holdings start to suggest something shady. Indeed Peck is involved in any number of dubious or downright criminal activities. He is also devious, a womaniser, and a clever manipulator, and he starts to turn his attention on Avila.|,|tt0099850|,|11060|,|0|,|27734391|,|0.31091|,|6.1|,|[u'tWMzNDEZWgU']|
|22|,|Chain of Fools|,|2000-09-22|,|3,8,11|,|174,175,47,176,177,178,179,180|,|42,43|,|390,391,1,52,48,392,393,394,395,396,397|,|An avid detective is assigned to investigate the heist of a batch of precious coins that end up in the hands of a suicidal barber.|,|tt0194368|,|20682|,|20000000|,|0|,|0.167015|,|6.1|,|[u'M0XoGxvQjes']|
|23|,|The Faculty|,|1998-12-25|,|14,15,5|,|181,182,183,184,72|,|7|,|398,1,399,400,145,401,390,402,403,404,405,406,407,408,409,410,411,412,413,414,415,416,417,418,419,420,421,422,423,424,425,426,427|,|When some very creepy things start happening around school, the kids at Herrington High make a chilling discovery that confirms their worst suspicions: their teachers really are from another planet! As mind-controlling parasites rapidly begin spreading from the faculty to the students' bodies, it's ultimately up to the few who are left – an unlikely collection of loners, leaders, nerds and jocks – to save the world from alien domination.|,|tt0133751|,|9276|,|15000000|,|40283321|,|1.046084|,|6.1|,|[u'GDruXnBOzP0', u'ig9HztI9-nY']|
|24|,|The Bumblebee Flies Anyway|,|2000-01-01|,|6,7|,|185,186,187,188|,|44|,|1,428,429,430|,|An amnesiac youth tries to piece together his past, but what he discovers may jeopardize his future.|,|tt0128977|,|96716|,|0|,|0|,|0.468137|,|5.9|,|[u'YtlrJlJY4Hw']|
|25|,|Forever Young|,|1992-12-16|,|1,2,6,5,7|,|189,190,191,192|,|45|,|431,432,1,433,434,435,436,437,438,439,440,441,442,443,444,445|,|A 1939 test pilot asks his best friend to use him as a guinea pig for a cryogenics experiment. Daniel McCormick wants to be frozen for a year so that he doesn't have to watch his love lying in a coma. The next thing Daniel knows is that he's been awoken in 1992.|,|tt0104291|,|10326|,|0|,|128000000|,|0.747246|,|5.8|,|[u'ZWPsNthP_1w']|
|26|,|Bobby|,|2006-09-05|,|16,6|,|193,194,195,196,197,198|,|46|,|446,447,448,449,450,451,452,453,454,455,456,457,458,459,460,461,1,462,463|,|In 1968 the lives of a retired doorman, hotel manager, lounge singer, busboy, beautician and others intersect in the wake of Robert F. Kennedy's assassination at the Ambassador Hotel in Los Angeles.|,|tt0308055|,|10741|,|0|,|0|,|0.484748|,|5.8|,|[u'Y_dIhSOyjRs']|
|27|,|The Oxford Murders|,|2008-01-18|,|11,15,10|,|199,200,201,202,203,204|,|47|,|1,464,272,465,466,467,468,469,470,471,472,473|,|At Oxford University, a professor and a grad student work together to try and stop a potential series of murders seemingly linked by mathematical symbols|,|tt0488604|,|12245|,|14100000|,|0|,|0.483792|,|5.8|,|[u'V8edqqoXcg4']|
|28|,|Happy Feet|,|2006-11-16|,|12,13,8,9|,|205,206,207,208,209,47,210,211,212,213,214|,|48|,|474,475,476,477,478,1,149,479,480,13,481,482,483,484,485,486,487,488,489,490,491|,|Into the world of the Emperor Penguins, who find their soul mates through song, a penguin is born who cannot sing. But he can tap dance something fierce!|,|tt0366548|,|9836|,|100000000|,|384335608|,|1.515032|,|5.8|,|[u'hQEUSZm-OjM']|
|29|,|Try Seventeen|,|2002-09-10|,|8,7,6|,|215,216,217,218,219,220,221,222,223,224,47,225,226,227,228,229,230,231,232,233|,|49|,|1,492,493,494,495,496,497,498,499,500,501,502,503|,|Teenager Jones has opted not to go to college and is instead renting a room in a boarding house to work on his writing skills. Soon, Jones finds himself dividing his time between two women: a young actress named Lisa and a photographer named Jane. After Jane's ex-boyfriend arrives to help her recover from a car accident, Jones begins to understand just how much he cares for her.|,|tt0311941|,|14874|,|0|,|0|,|0.275062|,|5.8|,|[u'L5AAwjGpJww']|
|30|,|Happy Feet Two|,|2011-11-17|,|12,9,13,8|,|208,234,235,236|,|48|,|1,475,504,481,476,474,505,506,13,507,508,477,478,509,510,511,482,512,513,514,515,516,485,488,517,518,519,520,521,522,523,524,525,526,527,528,529,530,531,532,533,534,535,536,537,538,539,540,541,542,543,544,545,546,547,548,549,550,551,552,553,554,555,556,557,558,559,560,561,562,563,564,565,566,567,568,569,570|,|Mumble the penguin has a problem: his son Erik, who is reluctant to dance, encounters The Mighty Sven, a penguin who can fly! Things get worse for Mumble when the world is shaken by powerful forces, causing him to brings together the penguin nations and their allies to set things right.|,|tt1402488|,|65759|,|130000000|,|150406466|,|1.016907|,|5.8|,|[u'gKWNUyTGqss']|
|31|,|Maniac|,|2012-12-26|,|14,11,15,10|,|237,238,239,240|,|50|,|1,571,572,573,574,575,576,577,578,579,580,581,582,583,584,585,586,587,588,589,590,591,592,593,594,595,596|,|As he helps a young artist with her upcoming exhibition, the owner of a mannequin shop's deadly, suppressed desires come to the surface.|,|tt2103217|,|103620|,|6000000|,|31081|,|0.351059|,|5.8|,|[u'OHPXeWpION8']|
|32|,|Deep Impact|,|1998-05-07|,|3,1,6,7,5,10|,|241,242,243,244,245,246,247,248,249,80,250|,|51|,|597,598,1,599,600,601,602,603,604,605,606,607,608,609,610,611,612,613,614,615,616,617,618,619,620,621|,|A seven-mile-wide space rock is hurtling toward Earth, threatening to obliterate the planet. Now, it's up to the president of the United States to save the world. He appoints a tough-as-nails veteran astronaut to lead a joint American-Russian crew into space to destroy the comet before impact. Meanwhile, an enterprising reporter uses her smarts to uncover the scoop of the century.|,|tt0120647|,|8656|,|75000000|,|140464664|,|1.276353|,|5.6|,|[u'XfcoWexWCzc']|
|33|,|Grand Piano|,|2013-10-11|,|10,15|,|251,252,253,162,254,255|,|52|,|1,622,623,624,625,626,627,628,629,630,631,632,633|,|Moments before his comeback performance, a concert pianist who suffers from stage fright discovers a note written on his music sheet.|,|tt2039345|,|220286|,|0|,|0|,|0.395714|,|5.6|,|[u'nEoM7bM7KVw']|
|34|,|The Last Witch Hunter|,|2015-10-21|,|2,3,1|,|256,257,258,259|,|53|,|634,635,636,1,637,638,639,640,641,642,643,644,645,646,647,648,649,650,651,652,653|,|The modern world holds many secrets, but by far the most astounding is that witches still live among us; vicious supernatural creatures intent on unleashing the Black Death upon the world and putting an end to the human race once and for all. Armies of witch hunters have battled this unnatural enemy for centuries, including Kaulder, a valiant warrior who many years ago slayed the all-powerful Witch Queen, decimating her followers in the process. In the moments right before her death, the Queen cursed Kaulder with immortality, forever separating him from his beloved wife and daughter. Today, Kaulder is the last living hunter who has spent his immortal life tracking down rogue witches, all the while yearning for his long-lost family.|,|tt1618442|,|274854|,|90000000|,|140396650|,|3.838331|,|5.6|,|[u'3gjjSjhfuT0', u'QJDRdGxGw8U', u'xsuG2JUgs_8']|
|35|,|Flipper|,|1996-05-17|,|1,9|,|260,261,262,263|,|54|,|1,654,655,656,657,658,659|,|Sandy Ricks is sent by his mom to Coral Key, a rustic island in the Florida keys, to spend the summer with his uncle Porter Ricks. Sandy dislikes everything about his new environment until a new friend comes into his life, a dolphin named Flipper, that brings uncle and nephew together and leads Sandy on the summer adventure of a lifetime.|,|tt0116322|,|36355|,|25530000|,|20080020|,|0.312675|,|5.5|,|[u'YQRbTNN-jNE']|
|36|,|Made In Japan|,|2015-03-17|,|12,4|,|264,265,253,266,267,268,269,270|,|55|,|1,660|,|Made in Japan is the remarkable story of Tomi Fujiyama, the ﬁrst female Japanese country music star. From playing the USO circuit throughout Asia to headlining in Las Vegas and recording 7 albums for Columbia records, Tomi’s career culminates in a 1964 performance at The Grand Ole Opry where she followed Johnny Cash and received the only standing ovation of the night. Forty years later, Tomi and her husband set out on a journey through Japan and across the United States to fulﬁll a dream of performing at The Opry one more time. Made in Japan is a funny yet poignant multi-cultural journey through music, marriage, and the impact of the corporate world on the dreams of one woman.|,|tt3349380|,|324287|,|0|,|0|,|0.006135|,|5.5|,|[]|
|37|,|Avalon|,|1990-10-05|,|6|,|271,272,273,274,275,276,277|,|56|,|661,662,663,664,495,665,666,667,1,668,669|,|Avalon is the third in Levinson's semi-autobiographical series of four "Baltimore Films": Diner (1982), Tin Men (1987), Avalon (1990), and Liberty Heights (1999). The film is set in Baltimore in the early 1950s and explores the themes of Jewish assimilation into American life.|,|tt0099073|,|2302|,|0|,|0|,|0.126162|,|5.4|,|[u'b37auo3dSuM']|
|38|,|Revenge for Jolly!|,|2012-07-17|,|8,6|,|278,279,280|,|57|,|670,671,1,672,673,674,675,676,393,677,678,679,680|,|Harry (Brian Petsos) is having a very, very bad day. He returns home from an all-night drinking binge with his cousin Cecil (Oscar Issac), to discover that his little dog Jolly...Harry's one true love and the source of light in his dark, solitary life-has been murdered. Brokenhearted and beyond consolation, he vows to track down the dog's murderer at any cost. Armed with a stockpile of firepower in the trunk of his car, he and Cecil embark on a frenzied, alcohol-fueled wild-goose chase, leaving a bloody path of destruction in their wake.|,|tt2053423|,|192126|,|10000000|,|0|,|0.168905|,|5.4|,|[u'http://youtu.be/ikll6MxrxNk']|
|39|,|Ash Wednesday|,|2002-10-11|,|6,3,11|,|281,282,283,284,285,286,287,288,289,290|,|58|,|681,682,683,684,1,141,685|,|Ash Wednesday is set in the Manhattan of the early 1980's and is about a pair of Irish-American brothers who become embroiled in a conflict with the Irish Mob.|,|tt0280438|,|26225|,|0|,|0|,|0.245004|,|5.3|,|[]|
|40|,|Paradise|,|1991-09-18|,|6,9,7|,|46,291,263,292,80,293|,|59|,|686,1,687,688,689,662,690,691|,|Willard Young is a 10-year-old boy who is sent by his mother to stay with her best friend Lily Reed, who lives in the Delta shrimp-fishing country in a town called Paradise. Lily and her husband Ben have been living in an unmentioned emotional vacuum since the death of their own three year old boy. Willie makes friends with the local 9-year-old tomboy Billie Pike, who teaches him to be comfortable with himself. When Willard gains a handle on his own emotions, he can now help Lily and Ben to connect, overcome grief and rediscover themselves.|,|tt0102631|,|68430|,|34000000|,|18634643|,|0.301847|,|5.3|,|[u'jWW4Y74ENNI']|
|41|,|Day-O|,|1992-05-03|,|9,8,2|,|144,294,295,296,297|,|60|,|692,1,693,694,695,696,697,698,699,700|,|Grace, age 5, creates an imaginary friend, because his parents only pay attention to the new baby, Tony. Now at 35, his sole friend reappears to help her.|,|tt0104059|,|263091|,|0|,|0|,|0.233869|,|5.2|,|[]|
|42|,|Cooties|,|2014-10-10|,|3,8,14|,|298,184,299,300,151|,|61,62|,|1,701,702,703,704,705,706,707,708,709,710,643,711,712,713,714,715|,|A mysterious virus hits an isolated elementary school, transforming the kids into a feral swarm of mass savages. An unlikely hero must lead a motley band of teachers in the fight of their lives.|,|tt2490326|,|241843|,|0|,|0|,|0.582684|,|5.2|,|[u'49CdS_GNEkY']|
|43|,|North|,|1994-07-22|,|8,6,9,2,5|,|301,302,303,304,305,306|,|63|,|1,716,717,718,153,719,720,721,722,723,724,725,726,727,728,729,730,731,732,733,734,735,736,737,738,739,740,741,742,743,744,745,746,747,748,749,750,751,752,753,754,755,756,757,758,759,760,761,762,763,764,765,766,767,768,769|,|Eleven-year-old North has had it with his parents. They are always busy with their careers and don't give North the attention he needs, so he files a lawsuit against them. The judge rules that North should either find new parents or return to his own parents within two months. Thus north starts off on an hilarious journey around the world to find the parents that really care about him.|,|tt0110687|,|31586|,|40000000|,|0|,|0.299472|,|5.1|,|[u'zInygRFVbxA']|
|44|,|Open Windows|,|2014-07-04|,|10,3,11|,|307,308,309|,|64|,|1,770,771,772,773,774|,|Nick is excited to discover that he's won a dinner date with his favorite actress, Jill Goddard. But when Jill refuses to honor the contest, he receives an offer he can't refuse: the ability to view Jill secretly via computer. Nick begins watching the unknowing star on her webcam, not realizing that this decision will put both himself and Jill at risk as they enter a terrifying world of cat-and-mouse where nothing-and no one-are as they seem.|,|tt2409818|,|151368|,|0|,|0|,|0.8683|,|5.1|,|[u'_Qz7DDvTA-I']|
|45|,|Oliver Twist|,|1997-01-01|,|17,6,9|,|310,6,311,312,313,314|,|65|,|775,1,776|,|Charles Dickens' classical story about the young orphan boy in 1837 England is again re-filmed in grand fashion. Richard Dreyfuss portrays Fagin, the unscrupulous leader of the young pick-pockets Oliver (Alex Trench) initially falls in with after escaping from a sweat shop and going to London to find his relatives. Written by John Sacksteder|,|tt0119825|,|49146|,|0|,|0|,|0.541993|,|5.0|,|[]|
|46|,|Set Fire to the Stars|,|2014-11-07|,|6|,|256,315|,|66|,|1,777,778,779,780,781|,|An aspiring poet in 1950s New York has his ordered world shaken when he embarks on a week-long retreat to save his hell raising hero, Dylan Thomas.|,|tt3455740|,|277847|,|0|,|0|,|0.139265|,|5.0|,|[u'YEDVxZx8yk8']|
|47|,|Spy Kids 3-D: Game Over|,|2003-07-25|,|3,1,8,9,5|,|316,317,318,319,35|,|7|,|782,144,783,784,785,390,786,787,788,789,790,791,792,793,794,795,796,797,798,236,799,800,1,801,802,803,804,805,806,807,808,809,810|,|Carmen's caught in a virtual reality game designed by the Kids' new nemesis, the Toymaker (Stallone). It's up to Juni to save his sister, and ultimately the world.|,|tt0338459|,|12279|,|38000000|,|197011982|,|1.987888|,|4.8|,|[u'mx0lo-xCljA']|
|48|,|The Romantics|,|2010-09-10|,|8,6,7|,|320,321,322,80|,|67|,|344,811,812,813,674,814,1,815,816|,|Seven close friends reunite for the wedding of two of their friends. Problems arise because the bride and the maid of honor have had a long rivalry over the groom.|,|tt1403988|,|41556|,|4500000|,|123820|,|0.355447|,|4.8|,|[u'M7N6Hhil_D8']|
|49|,|The Trust|,|2016-04-29|,|11,10|,|323,324,268|,|68,69|,|817,1,818,819,820,821,822,823,824,825,826,827,828,829,830,831,832,833,834,835,836,837,838,839,840,841,842,843,844,845,846|,|A pair of cops investigating a drug invasion stumble upon a mysterious bank vault.|,|tt3733774|,|301608|,|9000000|,|0|,|1.580121|,|4.7|,|[u'TLspHA8m6Ac']|
|50|,|Black and White|,|1999-09-04|,|6|,|158|,|70|,|847,848,849,850,851,852,853,854,855,856,857,858,859,860,861,862,863,864,865,866,1,867,868,869,870,871,872,873,874,875,876,877,878,879,880,881,882,883,884,885,886,887,888,889,890,891,892,893,894,895,896,897,898,899,900,901,902,903,904,905,906,907,908,909,910,911,912,913,914,915,916,917,918,919,920,921,922,923,924|,|Rich Bower is an up-and-coming star in the hip-hop world. Everyone wants to be around him, including Raven and her fellow upper-class white high school friends. The growing appeal of black culture among white teens fascinates documentary filmmaker Sam Donager, who sets out to chronicle it with her husband, Terry. But before Bower was a rapper, he was a gangster, and his criminal past comes back to haunt him and all those around him.|,|tt0165643|,|38809|,|10000000|,|5241315|,|0.718408|,|4.7|,|[u'heLsk6jv_hk']|
