0,Adventure
1,Fantasy
2,Action
3,Documentary
4,Science Fiction
5,Drama
6,Romance
7,Comedy
8,Family
9,Thriller
10,Crime
11,Music
12,Animation
13,Horror
14,Mystery
15,History
16,TV Movie
17,elves
18,dwarves
19,orcs
20,middle-earth (tolkien)
21,hobbits
22,based on novel
23,mountains
24,fireworks
25,castle
26,volcano
27,password
28,death of a friend
29,uncle
30,sword and sorcerery
31,mirror
32,wizard
33,middle earth
34,the lord of the rings
35,lotr
36,the appendices
37,suspicion
38,bravery
39,war
40,honor
41,crushed to death
42,troll
43,brutality
44,ghost
45,end of trilogy
46,quest
47,explosive
48,cave
49,fort
50,army
51,mission
52,attack
53,guide
54,deja vu
55,lovesickness
56,jealousy
57,amnesia
58,loss of sense of reality
59,dream
60,operation
61,future
62,relationship problems
63,love
64,brainwashing
65,love story
66,grandfather grandson relationship
67,mass murder
68,ukraine
69,pop culture
70,blindness and impaired vision
71,journey in the past
72,passion for collection
73,souvenir
74,nazis
75,anti semitism
76,photograph
77,skateboarding
78,flying car
79,car race
80,delorean
81,lightning
82,almanac
83,inventor
84,time travel
85,sequel
86,diner
87,alternate history
88,teenager
89,electric guitar
90,walking cane
91,high school dance
92,hoverboard
93,video phone
94,horror filmmaking
95,makeup artist
96,woman director
97,dystopia
98,based on comic book
99,based on graphic novel
100,black and white and color
101,black and white scene
102,black & white to color
103,mysterious killer
104,doing the right thing
105,mercedes
106,tied to a chair
107,silhouette
108,neo-noir
109,punk
110,punk rock
111,rock band
112,rockumentary
113,punk band
114,police brutality
115,harvard university
116,sport
117,hooligan
118,student
119,soccer
120,cruelty
121,american
122,violence
123,firm
124,west ham united
125,riddle
126,journey
127,ring
128,goblin
129,courage
130,giant
131,tunnel
132,underground lake
133,hobbit
134,buried treasure
135,climbing a tree
136,invisibility
137,ancient
138,arm cut off
139,gnomes
140,paris
141,city portrait
142,jazz
143,subway
144,new love
145,immigration
146,nanny
147,tourist
148,southern accent
149,wanted man
150,lynch mob
151,reflection in water
152,lesson
153,nosebleed
154,bloodhound
155,fake accent
156,grave digging
157,man vs machine
158,hope
159,post-apocalyptic
160,friendship
161,steampunk
162,coward
163,end of world
164,rag doll
165,vietnam veteran
166,bullying
167,child
168,male female relationship
169,divorce
170,best friends in love
171,1970s
172,thanksgiving
173,dysfunctional family
174,independent film
175,step father
176,physical abuse
177,abuse
178,suspense
179,business trip
180,child psychiatrist
181,fratricide
182,opening in the ice
183,disbelieving adult
184,mother kills own child
185,scuffle
186,shop
187,undercover agent
188,illegality
189,internal affairs
190,detective
191,treasure
192,romance
193,theft
194,barber
195,coins
196,stolen
197,american football
198,alien life-form
199,high school
200,teacher
201,memory
202,clinic
203,patient
204,twins
205,test person
206,us air force
207,airplane
208,experiment with human beings
209,hotel
210,senator
211,kitchen
212,marriage crisis
213,politics
214,xenophobia
215,mathematician
216,mathematics
217,oxford
218,symbol
219,triangle
220,mass child killing
221,ocean
222,fish
223,zoo
224,penguin
225,tap dancing
226,crush
227,snow
228,singing
229,antarctica
230,family
231,photographer
232,flirt
233,symbolism
234,virgin
235,fantasy
236,letter
237,college
238,beer
239,geek
240,road trip
241,misfit
242,surrealism
243,neighbor
244,alcoholic
245,apartment
246,cowboys
247,actress
248,accident
249,struggles
250,digit in title
251,aftercreditsstinger
252,3d
253,murder
254,gore
255,serial killer
256,one word title
257,u.s. president
258,nasa
259,metereologist
260,space mission
261,comet
262,natural disaster
263,tsunami
264,astronomer
265,astronaut
266,disaster movie
267,chicago
268,assassin
269,performance
270,piano playing
271,grand piano
272,new york
273,witch
274,uprising
275,witch hunter
276,dolphin
277,florida
278,florida keys
279,summer
280,country music
281,japanese
282,tokyo japan
283,new york city
284,las vegas nevada
285,country singer
286,nashville tennessee
287,usa
288,russia
289,jew
290,rabbi
291,synagogue
292,bar mitvah
293,emigrant
294,revenge
295,rampage
296,dead dog
297,bar
298,gun
299,hitman
300,priest
301,tears
302,church
303,drink
304,irish mob
305,vendetta
306,deli
307,grief
308,remake of french film
309,child care
310,imaginary friend
311,family relationships
312,father daughter relationship
313,self esteem
314,elementary school
315,zombies
316,virus
317,child prodigy
318,travel
319,young boy
320,kid
321,based on a children's book
322,parent child relationship
323,high technology
324,written by director
325,voyeurism
326,london
327,orphan
328,orphan boy
329,charles dickens
330,19th century
331,poet
332,video game
333,intelligence
334,liberation
335,child hero
336,cheating
337,wedding
338,romantic literature
339,heist
340,dirty cop
