1,Elijah Wood
2,Ian McKellen
3,Viggo Mortensen
4,Liv Tyler
5,Orlando Bloom
6,John Rhys-Davies
7,Sean Bean
8,Christopher Lee
9,Billy Boyd
10,Dominic Monaghan
11,Sean Astin
12,Andy Serkis
13,Hugo Weaving
14,Cate Blanchett
15,Ian Holm
16,Craig Parker
17,Lawrence Makoare
18,Sala Baker
19,Sarah McLeod
20,Marton Csokas
21,Bernard Hill
22,Miranda Otto
23,David Wenham
24,Karl Urban
25,John Noble
26,Paul Norell
27,Thomas Robins
28,David Aston
29,Brad Dourif
30,Olivia Tennet
31,Jed Brophy
32,Calum Gittins
33,John Bach
34,Jim Carrey
35,Kate Winslet
36,Mark Ruffalo
37,Kirsten Dunst
38,Tom Wilkinson
39,Ryan Whitney
40,Jane Adams
41,Debbon Ayer
42,David Cross
43,Gerry Robert Byrne
44,Brian Price
45,Josh Flitter
46,Paul Litowsky
47,Lola Daehler
48,Amir Ali Said
49,Deirdre O'Connell
50,Lauren Adler
51,Hideaki Anno
52,Jun Kunimura
53,Mirai Shida
54,Miori Takimoto
55,Hidetoshi Nishijima
56,Joseph Gordon-Levitt
57,John Krasinski
58,Emily Blunt
59,Martin Short
60,Stanley Tucci
61,Mandy Patinkin
62,Mae Whitman
63,Werner Herzog
64,Jennifer Grey
65,William H. Macy
66,Zach Callison
67,Madeleine Rose Yen
68,Eva Bella
69,Edie Mirman
70,Darren Criss
71,Ronan Farrow
72,David Cowgill
73,Eugene Hutz
74,Boris Leskin
75,Jana Hrabetova
76,Jonathan Safran Foer
77,Stephen Samudovsky
78,Oleksandr Choroshko
79,Gil Kazimirov
80,Zuzana Hodkova
81,Ljubomir Dezera
82,Laryssa Lauret
83,Tereza Veselkova
84,Vera Sindelarova
85,Lukas Kral
86,Bobby Hackney
87,Dannis Hackney
88,David Hackney
89,Henry Rollins
90,Kid Rock
91,Alice Cooper
92,Mick Collins
93,Mickey Leigh
94,Bobbie Duncan
95,Ahmir-Khalib Thompson
96,Vernon Reid
97,Gregory Nicotero
98,Howard Berger
99,Tom Savini
100,John Carpenter
101,Frank Darabont
102,John Landis
103,Robert Kirkman
104,George A. Romero
105,Quentin Tarantino
106,Martin Freeman
107,Richard Armitage
108,Ken Stott
109,Graham McTavish
110,William Kircher
111,James Nesbitt
112,Stephen Hunter
113,Dean O'Gorman
114,Aidan Turner
115,John Callen
116,Peter Hambleton
117,Mark Hadlow
118,Adam Brown
119,Evangeline Lilly
120,Lee Pace
121,Mikael Persbrandt
122,Sylvester McCoy
123,Luke Evans
124,Stephen Fry
125,John Bell
126,Ryan Gage
127,Peggy Nesbitt
128,Mary Nesbitt
129,Manu Bennett
130,John Tui
131,Billy Connolly
132,Benedict Cumberbatch
133,Kelly Kilgour
134,Sarah Peirse
135,Nick Blake
136,Simon London
137,Conan Stevens
138,Bret McKenzie
139,Michael J. Fox
140,Christopher Lloyd
141,Lea Thompson
142,Elisabeth Shue
143,James Tolkan
144,Jeffrey Weissman
145,Casey Siemaszko
146,Billy Zane
147,Darlene Vogel
148,Jason Scott Lee
149,Ricky Dean Logan
150,Charles Fleischer
151,J.J. Cohen
152,Flea
153,Joe Flaherty
154,Neil Ross
155,Al White
156,Thomas F. Wilson
157,E. Casanova Evans
158,Jay Koch
159,Charles Gherardi
160,John Thornton
161,Theo Schwartz
162,Lindsey Whitney Barry
163,Judy Ovitz
164,Stephanie Williams
165,Marty Levy
166,Jim Ishida
167,Nikki Birdsong
168,Junior Fann
169,Shaun Hunter
170,George Buck Flower
171,Tamara Carrera
172,Tracy Dali
173,Jennifer Brown
174,Irina Cashen
175,Angela Greenblatt
176,Cameron Moore
177,Justin Mosley Spink
178,Lisa Freeman
179,John Erwin
180,|Harry Waters, Jr.|
181,David Harold Brown
182,Tommy Thomas
183,Lloyd L. Tolbert
184,Granville 'Danny' Young
185,Wesley Mann
186,Freddie
187,Crispin Glover
188,Todd Blood
189,Sean Michael Fish
190,Donald Fullilove
191,Annette May
192,Mary Ellen Trainor
193,Gian Maria Volonté
194,Bruce Willis
195,Mickey Rourke
196,Clive Owen
197,Jessica Alba
198,Jaime King
199,Benicio del Toro
200,Rosario Dawson
201,Josh Hartnett
202,Devon Aoki
203,Alexis Bledel
204,Brittany Murphy
205,Nick Stahl
206,Michael Clarke Duncan
207,Powers Boothe
208,Marley Shelton
209,Rutger Hauer
210,Michael Madsen
211,Carla Gugino
212,Makenzie Vega
213,Frank Miller
214,Nick Offerman
215,Steve Buscemi
216,Natalie Portman
217,Willem Dafoe
218,Maggie Gyllenhaal
219,Axel Kiener
220,Julie Bataille
221,Bruno Podalydès
222,Florence Muller
223,Fanny Ardant
224,Leïla Bekhti
225,Juliette Binoche
226,Seydou Boro
227,Javier Cámara
228,Sergio Castellitto
229,Martin Combes
230,Cyril Descours
231,Lionel Dray
232,Marianne Faithfull
233,Ben Gazzara
234,Hippolyte Girardot
235,Bob Hoskins
236,Olga Kurylenko
237,Sara Martins
238,Elias McConnell
239,Yolande Moreau
240,Catalina Sandino Moreno
241,Emily Mortimer
242,Nick Nolte
243,Paul Putner
244,Joana Preiss
245,Gena Rowlands
246,Miranda Richardson
247,Ludivine Sagnier
248,Barbet Schroeder
249,Rufus Sewell
250,Gaspard Ulliel
251,Leonor Watling
252,Li Xin
253,Margo Martindale
254,Aïssa Maïga
255,Claire Forlani
256,Charlie Hunnam
257,Ross McCall
258,Leo Gregory
259,Marc Warren
260,Rafe Spall
261,Kieran Bew
262,Geoff Bell
263,Henry Goodman
264,Francis Pope
265,Christopher Hehir
266,Terence Jay
267,David Alexander
268,Oliver Allison
269,James Allison
270,Joel Beckett
271,Scott Christie
272,David Carr
273,Jacob Gaffney
274,Jamie Kenna
275,Johnny Palmiero
276,Barry Humphries
277,Jeffrey Thomas
278,John C. Reilly
279,Jennifer Connelly
280,Christopher Plummer
281,Martin Landau
282,Fred Tatasciore
283,Alan Oppenheimer
284,Tom Kane
285,Helen Wilson
286,Courtney B. Vance
287,Robbie Coltrane
288,Jason Robards
289,Ron Perlman
290,Dana Ivey
291,Anne Heche
292,Terry Notary
293,Stephen Colbert
294,Ben Mitchell
295,Hugh Jackman
296,James McAvoy
297,Patrick Stewart
298,Michael Fassbender
299,Jennifer Lawrence
300,Nicholas Hoult
301,Ellen Page
302,Shawn Ashmore
303,Peter Dinklage
304,Halle Berry
305,Booboo Stewart
306,Fan Bingbing
307,Daniel Cudmore
308,Adan Canto
309,Omar Sy
310,Evan Peters
311,Lucas Till
312,Josh Helman
313,Evan Jonigkeit
314,Famke Janssen
315,James Marsden
316,Anna Paquin
317,Mark Camacho
318,Kelsey Grammer
319,Michael Lerner
320,Natasha Richardson
321,Hugh Bonneville
322,Joss Ackland
323,Wanda Ventham
324,Sean Harris
325,Judy Parfitt
326,Maria Aitken
327,Gus Lewis
328,Hazel Douglas
329,Charlie Cox
330,Claire Danes
331,Robert De Niro
332,Michelle Pfeiffer
333,Sienna Miller
334,Jason Flemyng
335,Mark Strong
336,Peter O'Toole
337,Henry Cavill
338,Ben Barnes
339,Olivia Grant
340,Adam Buxton
341,Sarah Alexander
342,Kate Magowan
343,David Kelly
344,Nathaniel Parker
345,Mark Williams
346,Dexter Fletcher
347,Ricky Gervais
348,Aaron Eckhart
349,Jessica Lange
350,William Hurt
351,Bill Bellamy
352,Alan Cumming
353,Vera Farmiga
354,Michael Moriarty
355,Ken Roberts
356,Tyler Mane
357,Ray Park
358,Rebecca Romijn
359,Bruce Davison
360,Matthew Sharp
361,Rhona Shekter
362,Kenneth McGregor
363,Shawn Roberts
364,Stan Lee
365,Sumela Kay
366,Alex Burton
367,Brian Cox
368,Aaron Stanford
369,Kelly Hu
370,Katie Stuart
371,Kea Wong
372,Cotter Smith
373,Chiara Zanni
374,Bryce Hodgson
375,Shauna Kain
376,Bryan Singer
377,Ted Friend
378,Rachel Weisz
379,Vincent Pérez
380,Kathy Bates
381,Zoë Wanamaker
382,Tony Haygarth
383,Fiona Victory
384,Roger Ashton-Griffiths
385,William Scott-Masson
386,Eve Matheson
387,Dave Hill
388,Tom Bell
389,Annette Bening
390,Jim Broadbent
391,Kristin Scott Thomas
392,Adrian Dunbar
393,Maggie Smith
394,Tim McInnerny
395,Robert Downey Jr.
396,Edward Hardwicke
397,Nigel Hawthorne
398,Jim Carter
399,Dominic West
400,Milo Parker
401,Laura Linney
402,Hattie Morahan
403,Patrick Kennedy
404,Hiroyuki Sanada
405,Colin Starkey
406,Zak Shukor
407,Philip Davis
408,Sarah Crowden
409,Frances de la Tour
410,Tao Okamoto
411,Rila Fukushima
412,Svetlana Khodchenkova
413,Brian Tee
414,Hal Yamanouchi
415,Will Yun Lee
416,Ken Yamamura
417,Shinji Ikefuji
418,Qyoko Kudo
419,Conrad Coleby
420,Taris Tyler
421,Sarah Naylor-Liddell
422,Tom Hanks
423,Audrey Tautou
424,Paul Bettany
425,Jean Reno
426,Alfred Molina
427,Jean-Yves Berteloot
428,Jean-Pierre Marielle
429,Jürgen Prochnow
430,Marie-Françoise Audollent
431,Agathe Natanson
432,Tina Maskell
433,Peter Pedrero
434,Seth Gabel
435,Dhaffer L'Abidine
436,Etienne Chicot
437,Oscar Isaac
438,Sophie Turner
439,Alexandra Shipp
440,Tye Sheridan
441,Kodi Smit-McPhee
442,Rose Byrne
443,Ben Hardy
444,Lana Condor
445,Olivia Munn
446,Lola Nicholson
447,Monique Ganderton
448,Rochelle Okoye
449,Tómas Lemarquis
450,Anthony Konechny
451,Joe Cobden
452,Joanne Boland
453,Hesham Hammoud
454,Vladimir Alexis
455,Jason Deline
456,Nadim Toth
457,Lothaire Bluteau
458,Mick Jagger
459,Jude Law
460,Sadie Frost
461,Nikolaj Coster-Waldau
462,Vinnie Jones
463,Ben Foster
464,Michael Murphy
465,Dania Ramirez
466,Shohreh Aghdashloo
467,Josef Sommer
468,Bill Duke
469,Eric Dane
470,Cameron Bright
471,Ken Leung
472,Omahyra Mota
473,Al Pacino
474,Sean Penn
475,Penelope Ann Miller
476,John Leguizamo
477,Ingrid Rogers
478,Luis Guzmán
479,Adrian Pasdar
480,James Rebhorn
481,Joseph Siravo
482,Richard Foronjy
483,Jorge Porcel
484,John Ortiz
485,Paul Mazursky
486,Vincent Pastore
487,Jon Seda
488,Marc Anthony
489,Frank Minucci
490,Ángel Salazar
491,Al Israel
492,Rick Aviles
493,Jaime Sánchez
494,Víctor Sierra
495,Frank Ferrara
496,Chuck Zito
497,Tony Cucci
498,Alfred Sauchelli Jr.
499,Sonny Zito
500,Walter T. Meade
501,Richard Council
502,James Bulleit
503,Mel Gorham
504,Rocco Sisto
505,John Finn
506,Brian Tarantina
507,Jaime Tirelli
508,John Michael Bolger
509,Frank Pietrangolare
510,Mike Girard Sheehan
511,Dean Rader Duval
512,Gene Canfield
513,Sharmagne Leland-St. John
514,Rene Rivera
515,Orlando Urdaneta
516,Kim Rideout
517,Christopher Bregman
518,Julieta Ortega
519,Mary Hammett
520,Yelba Osorio
521,Nelson Vasquez
522,Daniel Brennan
523,Michael P. Moran
524,Cynthia Lamontagne
525,David Boston
526,Pete Macnamara
527,Daniel Margotta
528,Coati Mundi
529,Ángel Ramírez
530,Cice Rivera
531,Saundra Santiago
532,Bill Weeden
533,Garlan Green
534,Denise Vasquez
535,Naomi Watts
536,Vincent Cassel
537,Armin Mueller-Stahl
538,Sinéad Cusack
539,Donald Sumpter
540,Jerzy Skolimowski
541,Josef Altin
542,Mina E. Mina
543,Aleksander Mikic
544,Sarah-Jeanne Labrosse
545,Tatiana Maslany
546,Tereza Srbová
547,Tamer Hassan
548,Tony Cook
549,Raza Jaffrey
550,Charlize Theron
551,Robert Duvall
552,Guy Pearce
553,Molly Parker
554,Michael Kenneth Williams
555,Garret Dillahunt
556,Bob Jennings
557,Agnes Herrmann
558,Buddy Sosthand
559,Kirk Brown
560,Jack Erdie
561,David August Lindauer
562,Gina Preciado
563,Gene Hackman
564,Denzel Washington
565,James Gandolfini
566,Matt Craven
567,George Dzundza
568,Rocky Carroll
569,Jaime Gomez
570,Michael Milhoan
571,Scott Burkholder
572,Danny Nucci
573,Lillo Brancato
574,Eric Bruskotter
575,Ricky Schroder
576,Steve Zahn
577,Marcello Thedford
578,Harrison Ford
579,Kelly McGillis
580,Lukas Haas
581,Jan Rubes
582,Alexander Godunov
583,Danny Glover
584,Brent Jennings
585,Patti LuPone
586,Angus MacInnes
587,Frederick Rolf
588,John Garson
589,Beverly May
590,Ed Crowley
591,Timothy Carhart
592,Sylvia Kauders
593,Robert Earl Jones
594,Michael Moore
595,Eddie Vedder
596,Robert Ellis Orrall
597,Steve Earle
598,Celeste Zappala
599,Eric Blickenstaff
600,Anthony Pietsch
601,Dante Zappala
602,Tim Goodrich
603,Abdul Henderson
604,Bill Scragg
605,Fred D'Amato
606,Mike Hoffman
607,Peter Buck
608,Michael Stipe
609,Mike Mills
610,Joe Vogel
611,Jeff Champagne
612,Joan Baez
613,Princeton Lyman
614,John Brown
615,Corrine Brown
616,Anne Wright
617,Gloria Steinem
618,Tom Morello
619,Roseanne Barr
620,Chelsea Field
621,Lane Smith
622,Lincoln Kilpatrick
623,Tom Everett
624,Ivan Kane
625,André De Shields
626,Tommy Lister
627,Stephen E. Little
628,Mickey Yablans
629,Larry "Flash" Jenkins
630,Arlen Dean Snyder
631,Hal Landon Jr.
632,Matt Kanen
633,Rod Lockman
634,Maria Bello
635,Heidi Hayes
636,Ashton Holmes
637,Ed Harris
638,Peter MacNeill
639,Stephen McHattie
640,Greg Bryk
641,Kyle Schmid
642,Gerry Quigley
643,Deborah Drakeford
644,Bill MacDonald
645,Aidan Devine
646,Nicole Kidman
647,John Malkovich
648,Barbara Hershey
649,Mary-Louise Parker
650,Christian Bale
651,Shelley Winters
652,Richard E. Grant
653,Shelley Duvall
654,John Gielgud
655,Martin Donovan
656,Michael Douglas
657,Gwyneth Paltrow
658,Sarita Choudhury
659,Constance Towers
660,David Suchet
661,Will Lyman
662,Maeve McGuire
663,Novella Nelson
664,Christian Chase
665,Zuleikha Robinson
666,Omar Sharif
667,Adam Alexi-Malle
668,Louise Lombard
669,Silas Carson
670,Harsh Nayyar
671,C. Thomas Howell
672,J.K. Simmons
673,Adoni Maropis
674,Joshua Wolf Coleman
675,Saïd Taghmaoui
676,Victor Talmadge
677,Peter Mensah
678,Franky Mwangi
679,Floyd Red Crow Westerman
680,Anthony LaPaglia
681,Debi Mazar
682,Maxwell Caulfield
683,Robin Tunney
684,Renée Zellweger
685,Ethan Embry
686,Coyote Shivers
687,Brendan Sexton III
688,Ben Bode
689,Rory Cochrane
690,Tom Everett Scott
691,Johnathon Schaech
692,Bill Cobbs
693,Giovanni Ribisi
694,Obba Babatunde
695,Alex Rocco
696,Chris Isaak
697,Holmes Osborne
698,Chris Ellis
699,Peter Scolari
700,Rita Wilson
701,Kevin Pollak
702,Robert Torti
703,Claudia Stedelin
704,Dawn Maxey
705,Jonathan Demme
706,Paul Feig
707,Bryan Cranston
708,Colin Hanks
709,Sarah Koskoff
710,Rainn Wilson
711,Kevin Bacon
712,Gregg Henry
713,Michael Rooker
714,Andre Royo
715,Sean Gunn
716,Stephen Blackehart
717,Don Mac
718,Linda Cardellini
719,Nathan Fillion
720,Gerardo Davila
721,Grant Goodman
722,Paul T. Taylor
723,Connor Day
724,James Gunn
725,Mikaela Hoover
726,Nick Holmes
727,Matt Moore
728,Rob Zombie
729,Steve Agee
730,Laurel Whitsett
731,James Lentzsch
732,Nate Rubin
733,Edrick Browne
734,Danny Cosmo
735,Krystal Mayo
736,Russell Towery
737,Mario Jiminez Jr.
738,Jonathan Winkler
739,Mollie Milligan
740,Gerry May
741,Valentine Miele
742,Michelle Gunn
743,Darcel White Moreno
744,Greg Ingram
745,Lindsey Soileau
746,Brandon Belknap
747,Zach Gilford
748,Lloyd Kaufman
749,Tim J. Smith
750,Mark Dealessandro
751,Cole S. McKay
752,Dominick LaBanca
753,John W. Lawson
754,William Katt
755,Christine Bently
756,Frank Langella
757,Susan Sarandon
758,Peter Sarsgaard
759,Jeremy Strong
760,Jeremy Sisto
761,Bonnie Bentley
762,Dario Barosso
763,Rachael Ma
764,Joshua Ormond
765,Katherine Waterston
766,Jesse Newman
767,Ana Gasteyer
768,Dana Morgan
769,Adam Sandler
770,Don Cheadle
771,Jada Pinkett Smith
772,Saffron Burrows
773,Donald Sutherland
774,Robert Klein
775,Melinda Dillon
776,Mike Binder
777,Jonathan Banks
778,Rae Allen
779,Paula Newsome
780,John de Lancie
781,Paul Butler
782,Camille LaChe Smith
783,Imani Hakim
784,Denise Dowse
785,Anthony Chisholm
786,B. J. Novak
787,Jessica Golden
788,Ted Raimi
789,Harris Peet
790,Molly Binder
791,Tommy Nohilly
792,Robert Harvey
793,Nick Taylor
794,M.D. Walton
795,Chad Brigockas
796,Elizabeth Andrews
797,Neal Young
798,Lela Loren
799,Joaquin Phoenix
800,Billy Crudup
801,Joanna Going
802,Kathy Baker
803,Will Patton
804,Michael Sutton
805,Garrett M. Brown
806,Johnny Depp
807,Kaya Scodelario
808,Brenton Thwaites
809,Javier Bardem
810,Geoffrey Rush
811,Golshifteh Farahani
812,Kevin McNally
813,Stephen Graham
814,Martin Klebba
815,Keira Knightley
816,Jack Davenport
817,Zoe Saldana
818,Jonathan Pryce
819,Lee Arenberg
820,Mackenzie Crook
821,Damian O'Hare
822,Giles New
823,Angus Barnett
824,David Bailie
825,Michael Berry Jr.
826,Isaac C. Singleton Jr.
827,Treva Etienne
828,Guy Siner
829,Ralph P. Martin
830,Paula J. Newman
831,Paul Keith
832,Dylan Smith
833,Lucinda Dryzek
834,Luke de Woolfson
835,Michael Sean Tighe
836,Greg Ellis
837,Dustin Seavey
838,Christian Martin
839,Trevor Goddard
840,Vince Lozano
841,Lauren Maher
842,Matthew Bowyer
843,Brye Cooper
844,Ben Wilson
845,Antonio Valentino
846,Mike Babcock
847,Owen Finnegan
848,Ian McIntyre
849,Vanessa Branch
850,Israel Aduramo
851,Sam Roberts
852,Ben Roberts
853,Félix Castro
854,Mike Haberecht
855,Rudolph McCollum
856,Gerard J. Reyes
857,M. Scott Shields
858,Christopher Sullivan
859,Craig Thomson
860,Fred Toft
861,Jerry Gauny
862,Maxie J. Santillan Jr.
863,Michael Earl Lane
864,David Patykewich
865,Tommy Schooler
866,Finneus Egan
867,D.P. FitzGerald
868,Tobias McKinney
869,Michael A. Thompson
870,Michael W. Williams
871,Jose Zelaya
872,Don LaDaga
873,LeJon
874,Christopher S. Capp
875,Gregory Alosio
876,Jordi Caballero
877,Paul Gagné
878,Joe Grisaffi
879,James McAuley
880,Ewan McGregor
881,Jason Isaacs
882,Tom Sizemore
883,William Fichtner
884,Eric Bana
885,Ewen Bremner
886,Sam Shepard
887,Tom Hardy
888,Charlie Hofheimer
889,Hugh Dancy
890,Tom Guiry
891,Brian Van Holt
892,Steven Ford
893,Gregory Sporleder
894,Zeljko Ivanek
895,Matthew Marsden
896,Johnny Strong
897,Kim Coates
898,Glenn Morshower
899,Enrique Murciano
900,Jeremy Piven
901,Carmine Giovinazzo
902,George Harris
903,Razaaq Adoti
904,Jason Hildebrandt
905,Ron Eldard
906,Ty Burrell
907,Giannina Facio
908,Boyd Kestner
909,Bill Nighy
910,Stellan Skarsgård
911,Tom Hollander
912,Naomie Harris
913,Alex Norton
914,Jonathan Kite
915,Chow Yun-Fat
916,Keith Richards
917,Takayo Fischer
918,David Meunier
919,Brad Pitt
920,Brendan Gleeson
921,Diane Kruger
922,Garrett Hedlund
923,Vincent Regan
924,Julie Christie
925,John Shrapnel
926,Nathan Jones
927,Peter Kowanko
928,G. W. Bailey
929,Wendy Phillips
930,Kristopher Kent Hill
931,James Eric
932,Shano Palovich
933,Lucky Hayes
934,Charles Benton
935,Dey Young
936,George Daniels
937,Roger W. Smith
938,Sean Connery
939,Denholm Elliott
940,Alison Doody
941,Julian Glover
942,River Phoenix
943,Michael Byrne
944,Kevork Malikyan
945,Robert Eddison
946,Richard Young
947,Alexei Sayle
948,Paul Maxwell
949,Isla Blair
950,Vernon Dobtcheff
951,Alex Hyde-White
952,J. J. Hardy
953,Bradley Gregg
954,Jeff O'Haco
955,Vince Deadrick Sr.
956,Marc Miles
957,Ted Grossman
958,Tim Hiser
959,Larry Sanders
960,Will Miles
961,David Murray
962,Frederick Jaeger
963,Jerry Harte
964,Billy J. Mitchell
965,Martin Gordon
966,Paul Humpoletz
967,Tom Branch
968,Graeme Crowther
969,Luke Hanson
970,Chris Jenkinson
971,Nicola Scott
972,Louis Sheldon
973,Stefan Kalipha
974,Peter Pacey
975,Pat Roach
976,Suzanne Roquette
977,Eugene Lipinski
978,George Malpas
979,Julie Eccles
980,Nina Armstrong
981,Karen Allen
982,Paul Freeman
983,Ronald Lacey
984,Wolf Kahler
985,Anthony Higgins
986,Vic Tablian
987,Don Fellows
988,William Hootkins
989,Eddie Tagoe
990,Bill Reimbold
991,Fred Sorenson
992,Patrick Durkin
993,Matthew Scurfield
994,Malcolm Weaver
995,Sonny Caldinez
996,Anthony Chinn
997,Christopher Frederick
998,Tutte Lemkow
999,Ishaq Bux
1000,Kiran Shah
1001,Souad Messaoudi
1002,Terry Richards
1003,Steve Hanson
1004,Frank Marshall
1005,Martin Kreidt
1006,John Rees
1007,Tony Vogel
1008,Liam Neeson
1009,Salma Hayek
1010,Quvenzhané Wallis
1011,Miles O'Keeffe
1012,Leigh Lawson
1013,Trevor Howard
1014,Emma Sutton
1015,Cyrielle Clair
1016,Peter Cushing
1017,Lila Kedrova
1018,Wilfrid Brambell
1019,Bruce Lidington
1020,Douglas Wilmer
1021,Brian Coburn
1022,David Rappaport
1023,Danielle Panabaker
1024,Matt O'Leary
1025,George Finn
1026,Amin Joseph
1027,Jason Spisak
1028,Sharon Maughan
1029,David Figlioli
1030,Judith Drake
1031,Mark C. Hanson
1032,Julie Andrews
1033,James Garner
1034,Robert Preston
1035,Lesley Ann Warren
1036,Alex Karras
1037,Graham Stark
1038,Malcolm Jamieson
1039,Peter Arne
1040,Matyelock Gibbs
1041,Sherloque Tanney
1042,Geoffrey Edwards
1043,Anthony Andrews
1044,James Mason
1045,Sam Neill
1046,Michael Hordern
1047,Ronald Pickup
1048,David Robb
1049,Stuart Wilson
1050,Michael Gothard
1051,Olivia Hussey
1052,Lysette Anthony
1053,George Innes
1054,Philip Locke
1055,Robin Williams
1056,Scott Weinger
1057,Linda Larkin
1058,Gilbert Gottfried
1059,Jerry Orbach
1060,Val Bettin
1061,Frank Welker
1062,Jim Cummings
1063,CCH Pounder
1064,Liz Callaway
1065,Brad Kane
1066,Dylan Neal
1067,Giancarlo Esposito
1068,David Millbern
1069,Mark Viniello
1070,Joel McKinnon Miller
1071,Matthew R. Anderson
1072,Luke Darnell
1073,Chelan Simmons
1074,Tiffany Dupont
1075,Luke Goss
1076,James Callis
1077,Javen Campbell
1078,Jyoti Dogra
1079,Neal Bhattacharya
1080,Jonah Lotan
1081,Dilshad Patel
1082,Nimrat Kaur
1083,Takesh Singh
1084,Denzil Smith
1085,Tom Alter
1086,Asif Basra
1087,Timothy Dalton
1088,Maryam d'Abo
1089,Jeroen Krabbé
1090,Joe Don Baker
1091,Art Malik
1092,Andreas Wisniewski
1093,Thomas Wheatley
1094,Desmond Llewelyn
1095,Robert Brown
1096,Geoffrey Keen
1097,Walter Gotell
1098,Caroline Bliss
1099,John Terry
1100,Virginia Hey
1101,Julie T. Wallace
1102,Bill Weston
1103,Nadim Sawalha
1104,Barbara Broccoli
1105,Rick Overton
1106,Michael Des Barres
1107,Catherine Punch
1108,Patrick Brymer
1109,Debbie Lee Carrington
1110,Rinaldo Talamonti
1111,Frank Kanakusen
1112,Tahareh Becker
1113,Ray Cokes
1114,Holger Neuhäuser
1115,Werner Baum
1116,Tim Luna
1117,Fabian Rösler
1118,Bobby Knoesel
1119,Andrew Cheney
1120,Kara Killmer
1121,Adetokumboh M'Cormack
1122,Steve Blackwood
1123,Thomas D. Mahard
1124,Marc Bowers
1125,Carl Harry Carlson
1126,Samrat Chakrabarti
1127,Rebekah Cook
1128,Connie Craig
1129,Jennifer Dixon
1130,Dennis Doyle Jr.
1131,Anne Hathaway
1132,Héctor Elizondo
1133,Heather Matarazzo
1134,Chris Pine
1135,Callum Blue
1136,Larry Miller
1137,Raven-Symoné
1138,Kathleen Marshall
1139,Caroline Goodall
1140,Lorraine Nicholson
1141,Shannon Wilcox
1142,Greg Lewis
1143,Zach Galligan
1144,Deborah Foreman
1145,Michelle Johnson
1146,David Warner
1147,Dana Ashbrook
1148,Clare Carey
1149,Freddie Prinze Jr.
1150,Rob Schneider
1151,Evan Rachel Wood
1152,Donal Logue
1153,Andy Dick
1154,Fran Drescher
1155,R. Lee Ermey
1156,Harvey Keitel
1157,Joshua Jackson
1158,Armando Pucci
1159,Giancarlo Giannini
1160,Ken Drury
1161,Ben Affleck
1162,Alyssa Milano
1163,Sam Rockwell
1164,Megan Ward
1165,French Stewart
1166,Vien Hong
1167,Vinnie DeRamus
1168,Kristin Bauer van Straten
1169,Lance Wilson-White
1170,Tegan West
1171,Matthew McConaughey
1172,Sean Whalen
1173,Christine Klotz
1174,Chris Slater
1175,Elizabeth Ruscio
1176,Spalding Gray
1177,Brendan Fraser
1178,Leah Remini
1179,Jay Lacopo
1180,Matt Damon
1181,Michael Stephen Ferrari
1182,Mary Woronov
1183,Meredith Salenger
1184,John Goodman
1185,Haley Joel Osment
1186,Phil Collins
1187,Connor Funk
1188,Bob Joles
1189,Tony Jay
1190,Samuel L. Jackson
1191,Jeff Goldblum
1192,Peter Berg
1193,Jon Lovitz
1194,Jamie Foxx
1195,Damon Wayans
1196,Corbin Bernsen
1197,Salli Richardson-Whitfield
1198,Cheech Marin
1199,Albert Hall
1200,Michael Jace
1201,Brian Setzer
1202,Method Man
1203,Deezer D
1204,Art Evans
1205,Jackie Chan
1206,Lee Evans
1207,Julian Sands
1208,Carl Ng
1209,Jessica Chastain
1210,Kristen Wiig
1211,Jeff Daniels
1212,Michael Peña
1213,Kate Mara
1214,Sebastian Stan
1215,Aksel Hennie
1216,Chiwetel Ejiofor
1217,Benedict Wong
1218,Mackenzie Davis
1219,Donald Glover
1220,Nick Mohammed
1221,Shu Chen
1222,Eddy Ko
1223,Enzo Cilenti
1224,Jonathan Aris
1225,Gruffudd Glyn
1226,Naomi Scott
1227,Geoffrey Thomas
1228,Yang Haiwen
1229,Narantsogt Tsogtsaikhan
1230,Brian Caspe
1231,Szonja Oroszlán
1232,Mark O'Neal
1233,Karen Gagnon
1234,Lili Bordán
1235,Nikolett Barabas
1236,Dilyana Bouklieva
1237,Björn Freiberg
1238,James Fred Harkins Jr.
1239,Sam Spruell
1240,Taye Diggs
1241,Emily Watson
1242,Angus Macfadyen
1243,Dominic Purcell
1244,Christian Kahrmann
1245,Sean Pertwee
1246,John Keogh
1247,David Barrash
1248,Dirk Martens
1249,Matthew Harbour
1250,Maria Pia Calzone
1251,Emily Siewert
1252,Florian Fitz
1253,Elle Peterson
1254,Thomas Curtis
1255,Frances McDormand
1256,Woody Harrelson
1257,Amber Heard
1258,Jeremy Renner
1259,Richard Jenkins
1260,Sissy Spacek
1261,James Cada
1262,Rusty Schwimmer
1263,Linda Emond
1264,Michelle Monaghan
1265,Brad William Henke
1266,Jillian Armenante
1267,Corey Stoll
1268,Michelle Yeoh
1269,Michelle Krusiec
1270,Bjarne Østerud
1271,Gary Pillai
1272,Natascha McElhone
1273,Skipp Sudduth
1274,Katarina Witt
1275,Michael Lonsdale
1276,Jan Tříska
1277,Ron Perkins
1278,Féodor Atkine
1279,Bernard Bloch
1280,Dominic Gugliametti
1281,Alan Beckworth
1282,Daniel Breton
1283,Amidou
1284,Léopoldine Serre
1285,Melanie Griffith
1286,Tommy Lee Jones
1287,Sting
1288,David Thewlis
1289,Peter Davison
1290,Alun Armstrong
1291,John McEnery
1292,Eleanor Bron
1293,Peter Cook
1294,Adrian Ross Magenty
1295,Joely Richardson
1296,James Wilby
1297,David Sterne
1298,Scarlett Johansson
1299,Djimon Hounsou
1300,Ethan Phillips
1301,Brian Stepanek
1302,Noa Tishby
1303,Siobhan Flynn
1304,Troy Blendell
1305,Jamie McBride
1306,Kevin McCorkle
1307,Gary Nickens
1308,Kathleen Rose Perkins
1309,Nicolas Cage
1310,Justin Bartha
1311,Jon Voight
1312,David Dayan Fisher
1313,Stewart Finlay-McLennan
1314,Oleg Taktarov
1315,Stephen A. Pope
1316,Annie Parisse
1317,Mark Pellegrino
1318,Armando Riesco
1319,Erik King
1320,Don McManus
1321,Ron Canada
1322,Hunter Gomez
1323,Deborah Yates
1324,Arabella Field
1325,Sharon Wilkins
1326,Alexandra Balahoutis
1327,Dior Raye
1328,Yves Michel-Beneche
1329,Jason Earles
1330,Terrence Currier
1331,Rod McLachlan
1332,Elizabeth Greenberg
1333,Jody Halse
1334,Liam Noble
1335,Joshua Bitton
1336,Michael Russo
1337,Fern D. Baguidy Jr.
1338,Thomas Q. Morris
1339,Antony Alda
1340,John Travis (VII)
1341,Richard Harris
1342,John Hurt
1343,Frances Tomelty
1344,Brenda Fricker
1345,Ruth McCabe
1346,Tom Berenger
1347,Radha Mitchell
1348,Laurie Holden
1349,Deborah Kara Unger
1350,Tanya Allen
1351,Alice Krige
1352,Jodelle Ferland
1353,Colleen Williams
1354,Ron Gabriel
1355,Derek Ritschel
1356,Eve Crawford
1357,Amanda Hiebert
1358,Nicky Guadagni
1359,Roberto Campanella
1360,Maxine Dumont
1361,Pierce Brosnan
1362,Izabella Scorupco
1363,Judi Dench
1364,Gottfried John
1365,Tchéky Karyo
1366,Samantha Bond
1367,Michael Kitchen
1368,Serena Gordon
1369,Simon Kunz
1370,Constantine Gregory
1371,Minnie Driver
1372,Michelle Arthur
1373,Ravil Isyanov
1374,Tilda Swinton
1375,Laurence Olivier
1376,Patricia Hayes
1377,Rohan McCullough
1378,Nigel Terry
1379,Owen Teale
1380,Alex Jennings
1381,Claire Davenport
1382,Danny Dyer
1383,Rupert Friend
1384,Lennie James
1385,Joe Jackson
1386,James Farbell
1387,Sally Bretton
1388,Igor Smiljevic
1389,Emily Maitlis
1390,Ethan Wilson
1391,Shane Reese
1392,George Anton
1393,Kate Lewington
1394,Georgina Bowman
1395,Rory Pettyjohns
1396,Rob Fry
1397,Dave Legeno
1398,Skye McCole Bartusiak
1399,Guy Torry
1400,Jennifer Esposito
1401,Shawn Doyle
1402,Victor Argo
1403,Conrad Goode
1404,Paul Schulze
1405,Lance Reddick
1406,Oliver Platt
1407,Alex Campbell
1408,David Warshofsky
1409,Logan Lerman
1410,Brandon T. Jackson
1411,Alexandra Daddario
1412,Jake Abel
1413,Steve Coogan
1414,Melina Kanakaredes
1415,Catherine Keener
1416,Kevin McKidd
1417,Joe Pantoliano
1418,Uma Thurman
1419,Julian Richings
1420,Annie Ilonzeh
1421,Alexis Knapp
1422,Natassia Malthe
1423,Erica Cerra
1424,Marie Avgeropoulos
1425,Maria Olsen
1426,Hector David Jr.
1427,Bonita Friedericy
1428,Elisa King
1429,Tania Saulnier
1430,Christie Laing
1431,Luisa D'Oliveira
1432,Crystal Tisiga
1433,Marielle Jaffe
1434,Daniela Dib
1435,Charlie Gallant
1436,Andrea Brooks
1437,Jocelyn Ott
1438,Max Van Ville
1439,Serinda Swan
1440,Dimitri Lekkos
1441,Ona Grauer
1442,Stefanie von Pfetten
1443,Conrad Coates
1444,Luke Camilleri
1445,Holly Hougham
1446,Yusleidis Oquendo
1447,Ina Geraldine Guy
1448,Janine Edwards
1449,Raquel Riskin
1450,Valerie Tian
1451,Violet Columbus
1452,Sarah Smyth
1453,Merritt Patterson
1454,Julie Luck
1455,Andrea Day
1456,Maya Washington
1457,James Fox
1458,Sam Dastor
1459,Robert Ashby
1460,Kim Cattrall
1461,Robert Hays
1462,Leigh Taylor-Young
1463,Charles Rocket
1464,Doris Roberts
1465,Gordon Jump
1466,Michael Gough
1467,Melissa Stribling
1468,Carol Marsh
1469,Olga Dickie
1470,John Van Eyssen
1471,Valerie Gaunt
1472,Janina Faye
1473,Barbara Archer
1474,Charles Lloyd Pack
1475,George Merritt
1476,George Woodbridge
1477,Helena Bonham Carter
1478,Tracey Ullman
1479,Danny Elfman
1480,Albert Finney
1481,Paul Whitehouse
1482,Joanna Lumley
1483,Jane Horrocks
1484,Enn Reitel
1485,Deep Roy
1486,Stephen Ballantyne
1487,Lisa Kay
