1,Peter Jackson
2,Michel Gondry
3,Hayao Miyazaki
4,Liev Schreiber
5,Mark Christopher Covino
6,Jeff Howlett
7,Donna Davies
8,Robert Zemeckis
9,Frank Miller
10,Robert Rodriguez
11,Quentin Tarantino
12,Olivier Assayas
13,Frédéric Auburtin
14,Gurinder Chadha
15,Sylvain Chomet
16,Ethan Coen
17,Isabel Coixet
18,Wes Craven
19,Alfonso Cuarón
20,Gérard Depardieu
21,Christopher Doyle
22,Richard LaGravenese
23,Vincenzo Natali
24,Alexander Payne
25,Walter Salles
26,Oliver Schmitz
27,Nobuhiro Suwa
28,Daniela Thomas
29,Tom Tykwer
30,Gus Van Sant
31,Bruno Podalydès
32,Joel Coen
33,Lexi Alexander
34,Shane Acker
35,Stephen Sommers
36,Bryan Singer
37,David Mackenzie
38,Matthew Vaughn
39,Joshua Michael Stern
40,Beeban Kidron
41,Richard Loncraine
42,Bill Condon
43,James Mangold
44,Ron Howard
45,Sean Mathias
46,Brett Ratner
47,Brian De Palma
48,David Cronenberg
49,John Hillcoat
50,Tony Scott
51,Peter Weir
52,Michael Moore
53,Renny Harlin
54,Jane Campion
55,Andrew Davis
56,Joe Johnston
57,Allan Moyle
58,Tom Hanks
59,James Gunn
60,Jake Schreier
61,Mike Binder
62,Pat O'Connor
63,Joachim Rønning
64,Espen Sandberg
65,Gore Verbinski
66,Ridley Scott
67,Wolfgang Petersen
68,Stephen Herek
69,David Armstrong
70,Steven Spielberg
71,Roger Allers
72,Nina Paley
73,Bill Plympton
74,Mohammed Saeed Harib
75,Gaëtan Brizzi
76,Paul Brizzi
77,Joan Gratz
78,Tomm Moore
79,Joann Sfar
80,Michal Socha
81,Stephen Weeks
82,Bradley King
83,Blake Edwards
84,Douglas Camfield
85,Tad Stones
86,John Shepphird
87,Michael O. Sajbel
88,John Glen
89,Klaus Knoesel
90,Holger Neuhäuser
91,Chad Burns
92,Garry Marshall
93,Anthony Hickox
94,Howard E. Baker
95,John Fox
96,Brad Mirman
97,Rich Wilkes
98,Steve Trenbirth
99,Reginald Hudlin
100,Gordon Chan
101,Kurt Wimmer
102,Niki Caro
103,Asif Kapadia
104,John Frankenheimer
105,Mike Figgis
106,Caroline Thompson
107,Ken Russell
108,Michael Bay
109,Jon Turteltaub
110,Jim Sheridan
111,Christophe Gans
112,Martin Campbell
113,Derek Jarman
114,Nick Love
115,Gary Fleder
116,Chris Columbus
117,Jamil Dehlavi
118,Gene Quintano
119,Terence Fisher
120,Tim Burton
121,Mike Johnson
