1,elves
2,dwarves
3,orcs
4,middle-earth (tolkien)
5,hobbits
6,mountains
7,fireworks
8,castle
9,volcano
10,password
11,death of a friend
12,uncle
13,based on book
14,sword and sorcery
15,mirror
16,wizards
17,middle earth
18,suspicion
19,bravery
20,honor
21,crushed to death
22,troll
23,brutality
24,ghosts
25,end of trilogy
26,quest
27,war
28,explosive
29,cave
30,fort
31,army
32,mission
33,attack
34,guide
35,deja vu
36,brain-washing
37,lovesickness
38,jealousy
39,amnesia
40,loss of sense of reality
41,dream
42,operation
43,future
44,relationship problems
45,love
46,love story
47,japan
48,flying
49,earthquake
50,airplane
51,biography
52,airplane manufacturer
53,grandfather grandson relationship
54,mass murder
55,ukraine
56,pop culture
57,blindness and impaired vision
58,journey in the past
59,passion for collection
60,souvenir
61,nazis
62,anti-semitism
63,photograph
64,punk
65,punk rock
66,rock band
67,rockumentary
68,punk band
69,horror filmmaking
70,makeup artist
71,corruption
72,dragon
73,battle
74,unlikely friendship
75,epic battle
76,skateboarding
77,flying car
78,car race
79,delorean
80,lightning
81,almanac
82,inventor
83,hill valley
84,black and white scene
85,black & white to color
86,mysterious killer
87,doing the right thing
88,mercedes
89,tied to a chair
90,silhouette
91,dystopia
92,dystopie
93,dystopian movie
94,paris
95,city portrait
96,jazz
97,subway
98,new love
99,immigration
100,nanny
101,tourist
102,woman director
103,police brutality
104,us-amerikanerin
105,fußball
106,harvard university
107,grausamkeit
108,sports and spare time
109,sport
110,hooligan
111,violence
112,students
113,firm
114,west ham united
115,riddle
116,mountain
117,journey
118,ring
119,goblin
120,courage
121,giant
122,wizard
123,tunnel
124,underground lake
125,orc
126,hobbit
127,buried treasure
128,climbing a tree
129,invisibility
130,ancient
131,arm cut off
132,gnomes
133,man versus machine
134,hope
135,post-apocalypse
136,friendship
137,steampunk
138,coward
139,end of world
140,rag doll
141,southern accent
142,wanted man
143,lynch mob
144,reflection in water
145,lesson
146,nosebleed
147,bloodhound
148,fake accent
149,grave digging
150,adventure
151,the lord of the rings
152,magic ring
153,medieval
154,magic
155,wizardry
156,dwarf
157,tolkien
158,magical world
159,mutant
160,time travel
161,superhuman
162,storm
163,based on comic book
164,marvel comics
165,beast
166,aftercreditsstinger
167,mutants
168,x-men
169,changing the past or future
170,1970s
171,70s
172,psychiatrist
173,witch
174,königshaus
175,prince
176,beauty
177,star
178,kingdom
179,wall
180,falling star
181,based on novel
182,unrequited love
183,good versus evil
184,fratricide
185,secret
186,book
187,novelist
188,schizophrenic
189,wolverine
190,cyclops
191,rogue
192,x-men (2000)
193,professor x
194,magneto
195,mystique
196,jean grey
197,x2: x-men united (2003)
198,underdog
199,ausländerfeindlichkeit
200,sea
201,wales
202,strangeness
203,shipwreck
204,Ärzte
205,loss of husband
206,fremde frau
207,england
208,kidnapper
209,shakespeare adaptation
210,murder
211,king
212,london
213,detective
214,sherlock holmes
215,first world war
216,duringcreditsstinger
217,samurái
218,the wolverine (2013)
219,holy grail
220,christianity
221,monk
222,zurich
223,sekte
224,secret society
225,louvre
226,curator
227,symbologist
228,opus dei
229,heresy
230,mona lisa
231,freemason
232,conspiracy
233,pentagram
234,tomb
235,catholicism
236,cryptologist
237,iconography
238,albino
239,apocalypse
240,world domination
241,marvel
242,1980s
243,concentration camp prisoner
244,nazi
245,gay interest
246,indie
247,prison
248,seventies
249,release from prison
250,criminal past
251,night club
252,drugs
253,disco
254,puerto rican
255,illegale prostitution
256,father-son relationship
257,prostitute
258,mutter-tochter-beziehung
259,tradition
260,refugee
261,gangstersyndikat
262,underworld
263,russia
264,hitman
265,gangster boss
266,motorräder
267,undercover agent
268,threat to death
269,midwife
270,killer
271,hoodlum
272,orphan girl
273,paternity
274,mutiny
275,missile
276,nuclear missile
277,embassy
278,us navy
279,battle for power
280,nuclea power
281,amish
282,suspense
283,barn raising
284,presidential elections
285,prisoner
286,revenge
287,haunting
288,electric chair
289,robbery
290,double life
291,dual identity
292,small town
293,indiana
294,distrust
295,fight
296,marriage
297,family relationships
298,mistaken identity
299,diner
300,lawyer
301,mobster
302,attempted robbery
303,self defense
304,europe
305,intellectual
306,money
307,american
308,girl
309,art
310,rich
311,blackmail
312,artist
313,planned murder
314,affair
315,horse race
316,horse
317,racehorse
318,cupcake
319,twenty something
320,gameboy
321,money bag
322,sidewalk
323,popstar
324,musical
325,record label
326,music
327,musicband
328,bomb
329,gun
330,drug dealer
331,costume
332,comic book
333,party
334,superhero
335,shot in the chest
336,gore
337,blood
338,comic book shop
339,comic book collector
340,shot in the head
341,dinner
342,cutting in line
343,shot in the leg
344,police officer
345,cosplay
346,comic books
347,robot
348,senior citizen
349,cat thief
350,confidence
351,trauma
352,leaving one's family
353,childhood memory
354,war on terror
355,loss of daughter
356,alone
357,cowardliness
358,family
359,siblings
360,dysfunctional marriage
361,working class
362,wrong side of the tracks
363,ship
364,sequel
365,artifact
366,period piece
367,pirate
368,caribbean
369,pirates
370,ghost
371,exotic island
372,blacksmith
373,east india trading company
374,gold
375,corset
376,marriage proposal
377,cannon
378,skeleton
379,daughter
380,governor
381,telescope
382,kids and family
383,wooden eye
384,gold coin
385,walt disney
386,prisoner of war
387,wound
388,somalia
389,warlord
390,famine
391,delta force
392,rescue operation
393,fortuneteller
394,bondage
395,monster
396,captain
397,card game
398,compass
399,ocean
400,drug abuse
401,love of one's life
402,traitor
403,strong woman
404,ex-frau
405,alliance
406,calypso
407,afterlife
408,fighter
409,adultery
410,trojan war
411,fraud
412,hostility
413,sword fight
414,battlefield
415,title spoken by character
416,ancient world
417,brothers
418,pyre
419,ancient greece
420,psychic
421,boy genius
422,healing power
423,lost mother
424,healing gift
425,watchmaker
426,saving the world
427,venice
428,library
429,whip
430,treasure
431,entrapment
432,crusader
433,treasure hunt
434,panzer
435,order of the templars
436,archeologist
437,marine propelling screw
438,indiana jones
439,archeology 
440,nepal
441,himalaya
442,cairo
443,moses
444,egypt
445,medaillon
446,leather jacket
447,hat
448,mediterranean
449,ark of the covenant
450,ten commandments
451,ausgrabung
452,swastika
453,archaeologist
454,remake
455,knight
456,king arthur
457,gambling
458,gambling debts
459,photography
460,cabaret
461,cross dresser
462,middle ages
463,orient
464,genie
465,mythology
466,cruise ship
467,navy seal
468,cryptozoology
469,persia
470,queen
471,esther
472,smuggling of arms
473,assassination
474,spy
475,falsely accused person
476,secret identity
477,flucht
478,country estate
479,arms deal
480,drug traffic
481,moskau
482,secret mission
483,secret intelligence service
484,kgb
485,villain
486,renegade
487,special car
488,tangier
489,big wheel
490,pipeline
491,cello
492,orchestra
493,freedom fighter
494,czechoslovakia
495,afghanistan
496,marsmenschen
497,space marine
498,crusade
499,jerusalem
500,ritter
501,mercenary
502,coronation
503,verlieben
504,duty
505,heirat
506,wax museum
507,fish
508,hai
509,italy
510,isolation
511,author
512,loss of wife
513,alcohol
514,sex
515,nudity
516,graduation
517,beer
518,police
519,friends
520,teacher
521,student
522,drunk
523,roller coaster
524,keg
525,doubts
526,river
527,tiger
528,village
529,bear
530,jungle
531,orphan
532,vulture
533,gong
534,lost
535,shake
536,mango
537,boxer
538,boxing
539,sports film
540,promoter
541,wretch
542,interpol
543,kämpfer
544,mars
545,nasa
546,botanist
547,stranded
548,space
549,engineering
550,survival
551,mars the planet
552,astronaut
553,science
554,space ship
555,deep space explorer
556,battle for survival
557,resistance
558,fascism
559,totalitarian regime
560,destroy
561,phasing
562,book burning
563,outlaw
564,government agent
565,rape
566,minnesota
567,witness
568,miner
569,insult
570,court
571,lawsuit
572,lesbian
573,case
574,woman
575,landmark
576,harrassment
577,legal
578,ice
579,tent
580,girlfriend
581,freundin
582,glacier
583,audi
584,impostor
585,ice skating
586,computer expert
587,ex kgb
588,preparation
589,screenwriter credited under pseudonym
590,hit with a car door
591,cellular phone trace
592,merry go round
593,|newcastle, england|
594,country life
595,sexual awakening
596,mini series
597,seuche
598,clone
599,transplantation
600,flucht aus dem gefängnis
601,genetics
602,freedom
603,cloning
604,mother role
605,burning of witches
606,fog
607,suffering
608,darkness
609,sadism
610,supernatural
611,surrealism
612,another dimension
613,torture
614,creature
615,demon
616,witch burning
617,dismemberment
618,religious fanatic
619,ghost town
620,sleepwalking
621,cuba
622,computer virus
623,secret base
624,satellit
625,cossack
626,electromagnetic pulse
627,time bomb
628,st. petersburg
629,ejection seat
630,red army
631,return
632,arbitrary law
633,paratroops
634,iraq war veteran
635,iraq war
636,security guard
637,cctv
638,cemetery
639,diamant
640,greek mythology
641,god
642,poseidon  
643,lightning bolt
644,monsters
645,based on ya novel
646,muslim
647,pakistan
648,political unrest
649,honeymoon
650,transylvania
651,vampire
652,dracula
653,victim
654,hammer horror
655,grave
656,stop motion
657,animation
658,wedding
659,dark fantasy
660,european
