|1|,|The Lord of the Rings: The Fellowship of the Ring|,|2001-12-18|,|1,2,3|,|1,2,3,4,5,6,7,8,9,10,11,12,13,14,15,16,17|,|1|,|1,2,3,4,5,6,7,8,9,10,11,12,13,14,15,16,17,18,19,20|,|Young hobbit Frodo Baggins, after inheriting a mysterious ring from his uncle Bilbo, must leave his home in order to keep it from falling into the hands of its evil creator. Along the way, a fellowship is formed to protect the ringbearer and make sure that the ring arrives at its final destination: Mt. Doom, the only place where it can be destroyed.|,|tt0120737|,|120|,|93000000|
|2|,|The Lord of the Rings: The Return of the King|,|2003-12-01|,|1,2,3|,|1,3,4,18,19,20,13,21,22,23,14,24,25,17,26,27|,|1|,|1,2,3,4,5,6,11,9,10,12,13,15,21,22,23,24,25,14,17,26,27,19,7,20,8,28|,|Aragorn is revealed as the heir to the ancient kings as he, Gandalf and the other members of the broken fellowship struggle to save Gondor from Sauron's forces. Meanwhile, Frodo and Sam bring the ring closer to the heart of Mordor, the dark lord's realm.|,|tt0167260|,|122|,|94000000|
|3|,|The Lord of the Rings: The Two Towers|,|2002-12-18|,|1,2,3|,|1,3,4,5,28,29,30,31,13,32,33,34,14,16,17|,|1|,|1,2,3,4,5,6,8,11,9,10,12,13,16,21,29,22,23,24,14,30,7,31,32,33|,|Frodo and Sam are trekking to Mordor to destroy the One Ring of Power while Gimli, Legolas and Aragorn search for the orc-captured Merry and Pippin. All along, nefarious wizard Saruman awaits the Fellowship members at the Orthanc Tower in Isengard.|,|tt0167261|,|121|,|79000000|
|4|,|Eternal Sunshine of the Spotless Mind|,|2004-03-19|,|4,5,6|,|35,36,37,38,39,40,41,42,43,44,45,46|,|2|,|34,35,1,36,37,38,39,40,41,42,43,44,45,46,47,48,49,50|,|A man, Joel Barish, heartbroken that his girlfriend Clementine underwent a procedure to erase him from her memory, decides to do the same. However, as he watches his memories of her fade away, he realizes that he still loves her, and may be too late to correct his mistake.|,|tt0338013|,|38|,|20000000|
|5|,|The Wind Rises|,|2013-07-20|,|7,5,8|,|47,48,49,50,51,45,52|,|3|,|51,52,53,54,55,56,57,58,59,60,61,62,63,64,65,66,67,68,69,70,1,71,72|,|The Wind Rises is the 11th animated theatrical film directed by Hayao Miyazaki at Studio Ghibli. Based on Miyazaki’s own manga and the 1937 short novel of the same name by Tatsuo Hori, this is the story of Jirō Horikoshi, the aircraft engineer most remembered for his design work on the Mitsubishi A6M Reisen “Zero”, Japan’s famous World War II fighter aircraft. During the WWII years, the Miyazaki family business manufactured aircraft parts, including the windshields and rudders used on the Zero.|,|tt2013293|,|149870|,|30000000|
|6|,|Everything is Illuminated|,|2005-09-16|,|1,9,5|,|53,54,55,56,57,58,59,60,61,62,63|,|4|,|1,73,74,75,76,77,78,79,80,81,82,83,84,85|,|A film based on the semi-autobiographical novel of the same name by American writer Jonathan Safran Foer, in which a young Jewish American man endeavors—with the help of eccentric, distant relatives—to find the woman who saved his grandfather during World War II, in a Ukrainian village which was ultimately razed by the Nazis.|,|tt0404030|,|340|,|7000000|
|7|,|A Band Called Death|,|2013-06-27|,|10,11|,|64,65,66,67,68|,|5,6|,|86,87,88,89,1,90,91,92,93,94,95,96|,|Before Bad Brains, the Sex Pistols or even the Ramones, there was Death. Formed in the early '70s by three teenage brothers from Detroit, Death is credited as being the first black punk band, and the Hackney brothers, David, Bobby, and Dannis, are now considered pioneers in their field. But it wasn’t until recently — when a dusty 1974 demo tape made its way out of Bobby’s attic nearly 30 years after Death’s heyday — that anyone outside a small group of punk enthusiasts had even heard of them.|,|tt2064713|,|137563|,|0|
|8|,|Nightmare Factory|,|2011-10-27|,|10|,|69,70|,|7|,|97,98,99,100,101,102,103,104,105,1|,|Nightmare Factory, directed by Donna Davies (Zombiemania), is the story of how one Pittsburgh boy’s fascination with monsters drove him to the very top of the Hollywood food chain. In 1989, Greg Nicotero, much to his parents’ chagrin, quit medical school and headed for Hollywood to pursue a dream of making monsters. Together with gore masters Howard Berger and Robert Kurtzman, Nicotero went on to create KNB EFX Group, one of the most prolific makeup effects studios in the world. After twenty years as the “go to guy” for the world’s most successful horror/sci-fi films, Greg Nicotero is the first one directors like Quentin Tarantino and Robert Rodriguez call.|,|tt2062602|,|92850|,|0|
|9|,|The Hobbit: The Battle of the Five Armies|,|2014-12-10|,|1,2|,|71,1,2,3,4,5,72,73,14,74,75,17|,|1|,|106,2,107,108,109,110,111,112,113,114,115,116,31,117,118,5,119,120,14,13,8,15,121,122,123,124,125,126,127,128,129,130,131,132,133,134,135,136,137,1,138|,|Immediately after the events of The Desolation of Smaug, Bilbo and the dwarves try to defend Erebor's mountain of treasure from others who claim it: the men of the ruined Laketown and the elves of Mirkwood. Meanwhile an army of Orcs led by Azog the Defiler is marching on Erebor, fueled by the rise of the dark lord Sauron. Dwarves, elves and men must unite, and the hope for Middle-Earth falls into Bilbo's hands.|,|tt2310332|,|122917|,|250000000|
|10|,|Back to the Future Part II|,|1989-11-20|,|1,9,12,4,3|,|76,77,78,79,80,81,82,83|,|8|,|139,140,141,142,143,144,145,146,147,1,148,149,150,151,152,153,154,155,156,157,158,159,160,161,162,163,164,165,166,167,168,169,170,171,172,173,174,175,176,177,178,179,180,181,182,182,183,184,185,186,187,188,189,190,191,192,193|,|Marty and Doc are at it again in this wacky sequel to the 1985 blockbuster as the time-traveling duo head to 2015 to nip some McFly family woes in the bud. But things go awry thanks to bully Biff Tannen and a pesky sports almanac. In a last-ditch attempt to set things straight, Marty finds himself bound for 1955 and face to face with his teenage parents -- again.|,|tt0096874|,|165|,|40000000|
|11|,|Sin City|,|2005-03-31|,|3,13,14|,|84,85,86,87,88,89,90,91,92,93|,|9,10,11|,|194,195,196,197,198,199,200,201,1,202,203,204,205,206,207,208,209,210,211,212,213,214|,|Sin City is a neo-noir crime thriller based on Frank Miller's graphic novel series of the same name.The film is primarily based on three of Miller's works: The Hard Goodbye, about a man who embarks on a brutal rampage in search of his one-time sweetheart's killer; The Big Fat Kill, which focuses on a street war between a group of prostitutes and a group of mercenaries; and That Yellow Bastard, which follows an aging police officer who protects a young woman from a grotesquely disfigured serial killer.|,|tt0401792|,|187|,|40000000|
|12|,|Paris, je t'aime|,|2006-05-16|,|5,6|,|94,95,96,97,98,99,100,101,102|,|12,13,14,15,16,17,18,19,20,21,22,23,24,25,26,27,28,29,30,31,32|,|215,216,217,218,219,220,221,222,223,224,225,226,227,228,229,230,231,232,233,234,235,236,237,238,239,240,241,242,243,244,245,246,247,248,249,250,251,1,252,253,254|,|Olivier Assayas, Gus Van Sant, Wes Craven and Alfonso Cuaron are among the 20 distinguished directors who contribute to this collection of 18 stories, each exploring a different aspect of Parisian life. The colourful characters in this drama include a pair of mimes, a husband trying to chose between his wife and his lover, and a married man who turns to a prostitute for advice.|,|tt0401711|,|2266|,|13000000|
|13|,|Green Street Hooligans|,|2005-09-09|,|5,14|,|103,104,105,106,107,108,109,110,111,112,102,113,114|,|33|,|1,255,256,257,258,259,260,261,262,263,264,265,266,267,268,269,270,271,272,273,274,275|,|After being wrongfully expelled from Harvard University, American Matt Buckner flees to his sister's home in England. Once there, he is befriended by her charming and dangerous brother-in-law, Pete Dunham, and introduced to the underworld of British football hooliganism. Matt learns to stand his ground through a friendship that develops against the backdrop of this secret and often violent world. 'Green Street Hooligans' is a story of loyalty, trust and the sometimes brutal consequences of living close to the edge.|,|tt0385002|,|8923|,|0|
|14|,|The Hobbit: An Unexpected Journey|,|2012-11-26|,|1,2,3|,|115,1,2,4,116,117,118,119,17,120,121,122,123,124,125,126,127,128,129,130,131,132|,|1|,|2,106,107,12,14,8,122,15,1,13,120,137,138,114,111,109,276,108,277,117,115,110,125,132,113,129,31,118,112|,|Bilbo Baggins, a hobbit enjoying his quiet life, is swept into an epic quest by Gandalf the Grey and thirteen dwarves who seek to reclaim their mountain home from Smaug, the dragon.|,|tt0903624|,|49051|,|250000000|
|15|,|9|,|2009-08-19|,|2,7,4,3,1,5,15,13|,|133,134,135,136,27,137,138,139,140,91,92,93|,|34|,|1,278,279,280,187,281,282,283,284,285|,|When 9 first comes to life, he finds himself in a post-apocalyptic world. All humans are gone, and it is only by chance that he discovers a small community of others like him taking refuge from fearsome machines that roam the earth intent on their extinction. Despite being the neophyte of the group, 9 convinces the others that hiding will do them no good.|,|tt0472033|,|12244|,|30000000|
|16|,|The Adventures of Huck Finn|,|1993-04-02|,|3,1,5,12|,|141,142,143,144,145,146,147,148,149|,|35|,|1,286,287,288,289,290,291|,|Climb aboard for an extraordinary version of Mark Twain's sweeping adventure when Walt Disney presents The Adventures of Huck Finn, starring Elijah Wood (The Lord of the Rings). Directed by Stephen Sommers (The Mummy, The Mummy Returns), it's the unforgettable saga of a mischievous youngster and a runaway slave|,|tt0106223|,|34723|,|0|
|17|,|J.R.R. Tolkien's The Hobbit|,|2015-12-01|,|1,2|,|1,2,4,150,151,72,73,152,153,122,126|,|1|,|106,2,107,108,12,132,123,111,15,13,120,124|,|Bilbo Baggins, along with the wizard Gandalf and 13 dwarves led by Thorin Oakenshield, is swept into an epic quest to reclaim the lost dwarf kingdom of Erebor from the fearsome dragon Smaug.  J.R.R. Tolkien's The Hobbit is a re-edited version of Peter Jackson's trilogy. It combines the three films into a single cinematic experience that's more faithful to Tolkien's novel.|,||,|381502|,|0|
|18|,|Durin’s Folk and the Hill of Sorcery|,|2015-12-08|,|3,1,2|,|1,3,4,5,154,155,151,72,16,17,122,125,156,157,126|,|1|,|106,2,107,111,13,14,8,122,108|,|Durin's Folk and the Hill of Sorcery, is a companion film to the Hobbit Fan edit "J.R.R. Tolkien's The Hobbit" that focuses on the backstory of the dwarves and how it ties into the White Council's investigation into Dol Guldur.|,||,|378484|,|0|
|19|,|The Hobbit: The Desolation of Smaug|,|2013-12-11|,|1,2|,|1,2,3,4,5,72,14,16,17,158|,|1|,|106,2,107,108,109,110,111,112,113,114,132,120,123,119,5,121,129,124,125,122,292,116,14,293,31,134,128,127,117,115,118,294|,|The Dwarves, Bilbo and Gandalf have successfully escaped the Misty Mountains, and Bilbo has gained the One Ring. They all continue their journey to get their gold back from the Dragon, Smaug.|,|tt1170358|,|57158|,|250000000|
|20|,|X-Men: Days of Future Past|,|2014-05-15|,|3,1,2,4|,|159,160,161,162,163,164,165,166,167,168,169,170,171|,|36|,|295,296,297,298,2,299,300,301,302,303,304,305,306,307,308,309,310,311,312,313,314,315,316,317,318,319|,|The ultimate X-Men ensemble fights a war for the survival of the species across two time periods as they join forces with their younger selves in an epic battle that must change the past – to save our future.|,|tt1877832|,|127585|,|250000000|
|21|,|Asylum|,|2005-09-09|,|5,13,6|,|172|,|37|,|320,321,2,322,323,324,325,326,327,328|,|A woman becomes very curious about one of her psychiatrist husband's inmates, a man who was found guilty in the murder and disfigurement of his former wife.|,|tt0348505|,|24461|,|0|
|22|,|Stardust|,|2007-08-09|,|1,2,6,12|,|173,98,174,175,176,177,178,179,180,181,182,183,184|,|38|,|329,330,331,332,333,334,2,335,336,337,338,339,340,341,342,343,344,345,346,347|,|In a countryside town bordering on a magical land, a young man makes a promise to his beloved that he'll retrieve a fallen star by venturing into the magical realm. His journey takes him into a world beyond his wildest dreams and reveals his true identity.|,|tt0486655|,|2270|,|70000000|
|23|,|Neverwas|,|2005-09-09|,|5,2,13|,|185,186,172,187,188|,|39|,|2,348,204,242,349,350,351,352,353,354,355|,|Zach Riley (Aaron Eckhart) is a psychiatrist, who leaves a job at a prestigious university, to take up a job at the privately run mental institution, 'Millwood'. What he doesnt reveal at the time of his appointment is that this was the very place where his novelist father, T.L. Pierson (Nick Nolte), spent many years of his life.|,|tt0418004|,|22473|,|0|
|24|,|X-Men|,|2000-07-13|,|1,3,4|,|159,161,162,163,189,164,190,191,167,168,192,193,194,195,196|,|36|,|295,297,2,314,315,304,316,356,357,358,359,360,361,362,363,364,302,365,366|,|Two mutants, Rogue and Wolverine, come to a private academy for their kind whose resident superhero team, the X-Men, must oppose a terrorist organization with similar powers.|,|tt0120903|,|36657|,|75000000|
|25|,|X2: X-Men United|,|2003-04-24|,|1,3,4,13|,|159,161,162,163,189,164,190,191,167,168,197,193,194,195,196|,|36|,|297,295,2,304,314,315,316,358,367,352,359,368,302,369,370,371,372,373,374,375,307,376,377|,|Professor Charles Xavier and his team of genetically gifted superheroes face a rising tide of anti-mutant sentiment led by Col. William Stryker in this sequel to the Marvel Comics-based blockbuster X-Men. Storm, Wolverine and Jean Grey must join their usual nemeses Magneto and Mystique to unhinge Stryker's scheme to exterminate all mutants.|,|tt0290334|,|36658|,|110000000|
|26|,|Swept from the Sea|,|1998-01-23|,|5,16,6|,|198,199,200,201,55,202,203,204,205,206,102|,|40|,|378,379,2,380,322,381,382,383,384,385,386,387,388|,|The film tells the story of Russian emigree and the only survivor from ship crash Yanko Goorall and servant Amy Foster in the end of 19th century. When Yanko enters a farm sick and hungry after the shipwreck, everyone is afraid of him, except for Amy, who is very kind and helps him. Soon he becomes like a son for Dr. James Kennedy and romance between Yanko and Amy follows.|,|tt0120257|,|1959|,|0|
|27|,|Richard III|,|1995-12-29|,|5,17|,|207,208,209,210,211|,|41|,|2,389,390,391,392,393,394,395,396,397,398,399|,|Shakespeare's Play transplanted into a 1930s setting.|,|tt0114279|,|31174|,|0|
|28|,|Mr. Holmes|,|2015-06-19|,|15,5|,|212,213,214|,|42|,|2,400,401,402,403,404,405,406,407,408,409|,|The story is set in 1947, following a long-retired Holmes living in a Sussex village with his housekeeper and rising detective son. But then he finds himself haunted by an unsolved 50-year old case. Holmes' memory isn't what it used to be, so he only remembers fragments of the case: a confrontation with an angry husband, a secret bond with his beautiful but unstable wife.|,|tt3168230|,|280996|,|0|
|29|,|The Wolverine|,|2013-07-23|,|3,4,1,2|,|47,159,161,163,215,189,164,216,167,217,168,218|,|43|,|295,410,411,404,412,413,414,415,416,314,417,418,419,420,421,2,297|,|Wolverine faces his ultimate nemesis - and tests of his physical, emotional, and mortal limits - in a life-changing voyage to modern-day Japan.|,|tt1430132|,|76170|,|120000000|
|30|,|The Da Vinci Code|,|2006-05-17|,|13,15|,|94,219,220,221,222,223,224,225,226,227,228,229,230,231,232,233,234,235,236,237,238|,|44|,|422,423,2,424,425,426,427,428,429,430,431,432,433,434,435,436|,|When the curator of the Louvre is found murdered in the famed museum's hallowed halls, Harvard professor Robert Langdon and cryptographer Sophie Neve must untangle a deadly web of deceit involving the works of Leonardo da Vinci.|,|tt0382625|,|591|,|125000000|
|31|,|X-Men: Apocalypse|,|2016-05-01|,|3,1,2,4|,|159,161,239,163,164,240,167,241,168,242|,|36|,|296,298,299,437,300,310,438,439,440,441,442,443,444,445,2,311,446,364,312,447,448,449,450,451,452,453,454,455,456|,|Since the dawn of civilization, he was worshipped as a god. Apocalypse, the first and most powerful mutant from Marvel’s X-Men universe, amassed the powers of many other mutants, becoming immortal and invincible. Upon awakening after thousands of years, he is disillusioned with the world as he finds it and recruits a team of powerful mutants, including a disheartened Magneto, to cleanse mankind and create a new world order, over which he will reign. As the fate of the Earth hangs in the balance, Raven with the help of Professor X must lead a team of young X-Men to stop their greatest nemesis and save mankind from complete destruction.|,|tt3385516|,|246655|,|0|
|32|,|Bent|,|1997-11-26|,|5,16,13,6|,|243,244,245,246|,|45|,|196,457,2,458,459,378,460,461|,|Max is a handsome young man who, after a fateful tryst with a German soldier, is forced to run for his life. Eventually Max is placed in a concentration camp where he pretends to be Jewish because in the eyes of the Nazis, gays are the lowest form of human being. But it takes a relationship with an openly gay prisoner to teach Max that without the love of another, life is not worth living.|,|tt0118698|,|19601|,|0|
|33|,|X-Men: The Last Stand|,|2006-05-24|,|1,3,4,13|,|159,161,162,163,189,164,165,190,166,191,167,168,193,194,195,196|,|46|,|295,304,2,297,314,316,318,315,358,302,368,462,301,307,463,464,465,466,467,468,469,470,471,472,364|,|When a cure is found to treat mutations, lines are drawn amongst the X-Men, led by Professor Charles Xavier, and the Brotherhood, a band of powerful mutants organized under Xavier's former ally, Magneto.|,|tt0376994|,|36668|,|210000000|
|34|,|Carlito's Way|,|1993-11-10|,|3,14,5,13|,|247,248,249,250,45,251,111,252,253,254,170|,|47|,|473,474,475,476,477,478,479,3,480,481,482,483,484,485,486,487,488,489,490,491,492,493,494,495,496,497,498,499,500,501,502,503,504,505,506,507,508,509,510,511,512,513,514,515,516,517,518,519,520,521,522,523,524,525,526,527,528,529,530,531,532,533,534|,|A Puerto-Rican ex-con, just released from prison, pledges to stay away from drugs and violence despite the pressure around him and lead on to a better life outside of NYC.|,|tt0106519|,|6075|,|30000000|
|35|,|Eastern Promises|,|2007-09-14|,|13,14,15|,|212,255,256,257,258,259,260,261,262,263,264,265,266,267,268,269,210,270,271,272|,|48|,|535,3,536,537,538,539,540,541,542,543,544,545,546,547,548,549|,|A Russian teenager living in London who dies during childbirth leaves clues to a midwife in her journal that could tie her child to a rape involving a violent Russian mob family.|,|tt0765443|,|2252|,|51500000|
|36|,|The Road|,|2009-11-25|,|1,5|,|135,273,216,91,92,93|,|49|,|3,441,550,551,552,553,554,555,556,557,558,559,560,561,562|,|A father and his son walk alone through burned America. Nothing moves in the ravaged landscape save the ash on the wind and water. It is cold enough to crack stones, and, when the snow falls it is gray. The sky is dark. Their destination is the warmer south, although they don't know what, if anything, awaits them there.|,|tt0898367|,|20766|,|32000000|
|37|,|Crimson Tide|,|1995-05-12|,|3,13,5|,|274,275,276,277,278,279,280|,|50|,|563,564,3,565,566,567,568,569,570,571,572,573,574,575,576,577|,|On a US nuclear missile sub, a young first officer stages a mutiny to prevent his trigger happy captain from launching his missiles before confirming his orders to do so.|,|tt0112740|,|8963|,|53000000|
|38|,|Witness|,|1985-02-08|,|14,5,6,13|,|71,213,103,281,282,283|,|51|,|578,579,467,580,581,582,583,584,585,586,587,3,588,589,590,591,592,593|,|A sheltered Amish child is the sole witness of a brutal murder in a restroom at a Philadelphia train station, and he must be protected.  The assignment falls to a taciturn detective who goes undercover in a Pennsylvania Dutch community. On the farm, he slowly assimilates despite his urban grit and forges a romantic bond with the child's beautiful mother.|,|tt0090329|,|9281|,|12000000|
|39|,|Slacker Uprising|,|2007-09-27|,|10|,|284|,|52|,|594,595,596,597,598,599,600,601,602,603,604,605,606,607,608,609,610,611,612,3,613,614,615,616,617,618,619|,|Slacker Uprising is a movie of Michael Moore's tour of colleges in swing states during the 2004 election, with a goal to encourage 18–29 year olds to vote, and the response it received. The film is a re-edited version of Captain Mike Across America, which played at the Toronto International Film Festival in 2007. It is one of the first feature length films made by a known director to be released as a free and legal download online. The free download is only available to those residing in the United States and Canada. The film was also made available free for online viewing and download on the Lycos Cinema platform as well as iTunes and blip.tv. It had a one-night-only run at the Michigan Theater, where Michael Moore spoke briefly. The film is available in DVD format. Slacker Uprising features live performances or appearances by Eddie Vedder, Roseanne Barr, Joan Baez, Tom Morello, R.E.M., Steve Earle, and Viggo Mortensen. The original score is by Anti-Flag.|,|tt0850669|,|13516|,|0|
|40|,|Prison|,|1988-03-04|,|14,5,18,13|,|247,285,286,287,288|,|53|,|3,620,621,622,623,624,625,626,627,628,629,630,631,632,633|,|The spirit of a long-dead prisoner returns for revenge, haunting the prison's new governor.|,|tt0095904|,|48309|,|1300000|
|41|,|A History of Violence|,|2005-09-23|,|5,13,14|,|289,290,291,292,293,294,295,296,297,298,299,300,301,111,302,303|,|48|,|3,634,635,636,350,637,638,639,640,641,365,642,643,644,645|,|An average family is thrust into the spotlight after the father commits a seemingly self-defense murder at his diner.|,|tt0399146|,|59|,|32000000|
|42|,|The Portrait of a Lady|,|1996-08-28|,|5,6|,|304,136,305,306,307,308,309,310,102|,|54|,|646,647,648,649,650,651,652,653,654,3,655,384|,|Ms. Isabel Archer isn't afraid to challenge societal norms. Impressed by her free spirit, her kindhearted cousin writes her into his fatally ill father's will. Suddenly rich and independent, Isabelle ventures into the world, along the way befriending a cynical intellectual and romancing an art enthusiast. However, the advantage of her affluence is called into question when she realizes the extent to which her money colors her relationships.|,|tt0117364|,|36758|,|0|
|43|,|A Perfect Murder|,|1998-06-04|,|14,13,5|,|38,311,312,313,314|,|55|,|656,657,3,658,659,660,661,662,523,663,664|,|Millionaire industrialist Steven Taylor is a man who has everything but what he craves most: the love and fidelity of his wife. A hugely successful player in the New York financial world, he considers her to be his most treasured acquisition. But she needs more than simply the role of dazzling accessory.|,|tt0120787|,|1965|,|60000000|
|44|,|Hidalgo|,|2004-03-05|,|19,1|,|315,316,317|,|56|,|3,665,666,667,668,669,670,671,672,673,674,675,676,677,678,679|,|Set in 1890, this is the story of a Pony Express courier who travels to Arabia to compete with his horse, Hidalgo, in a dangerous race for a massive contest prize, in an adventure that sends the pair around the world...|,|tt0317648|,|2023|,|100000000|
|45|,|Empire Records|,|1995-09-22|,|9,5|,|318,319,320,321,322|,|57|,|680,681,682,4,683,684,685,686,687,688,689|,|The employees of an independent music store learn about each other as they try anything to stop the store being absorbed by a large chain.|,|tt0112950|,|13531|,|0|
|46|,|That Thing You Do!|,|1996-10-04|,|9,5|,|323,324,325,326,327|,|58|,|690,691,422,576,685,4,550,692,693,694,695,696,697,698,699,700,701,702,703,704,705,706,707,708,701,709|,|A Pennsylvania band scores a hit in 1964 and rides the star-making machinery as long as it can, with lots of help from its manager.|,|tt0117887|,|9591|,|0|
|47|,|Super|,|2010-09-09|,|9,3,5|,|328,329,330,331,332,333,334,335,336,337,338,339,340,341,342,343,344,345,216,346|,|59|,|710,301,4,711,712,713,714,715,716,717,718,719,720,721,722,723,724,725,726,727,728,729,730,731,732,733,734,735,736,737,738,739,740,741,742,743,744,745,746,747,748,749,750,751,752,753,754,755|,|After his wife falls under the influence of a drug dealer, an everyday guy transforms himself into Crimson Bolt, a superhero with the best intentions, though he lacks for heroic skills.|,|tt1512235|,|45132|,|2500000|
|48|,|Robot & Frank|,|2012-08-16|,|4,9,5,14|,|136,347,348,349|,|60|,|756,4,315,757,758,759,760,761,762,763,764,765,766,767,768|,|A delightful dramatic comedy, a buddy picture, and, for good measure, a heist film. Curmudgeonly old Frank lives by himself. His routine involves daily visits to his local library, where he has a twinkle in his eye for the librarian. His grown children are concerned about their father’s well-being and buy him a caretaker robot. Initially resistant to the idea, Frank soon appreciates the benefits of robotic support – like nutritious meals and a clean house – and eventually begins to treat his robot like a true companion. With his robot’s assistance, Frank’s passion for his old, unlawful profession is reignited, for better or worse.|,|tt1990314|,|84329|,|2500000|
|49|,|Reign Over Me|,|2007-03-23|,|5|,|350,351,352,353,50,354,326,355,356,357,358|,|61|,|769,770,771,4,772,773,774,775,776,777,778,779,780,781,782,783,784,785,786,787,788,789,790,791,792,793,794,795,796,797,798|,|A man who lost his family in the September 11 attack on New York City runs into his old college roommate. Rekindling the friendship is the one thing that appears able to help the man recover from his grief.|,|tt0490204|,|2355|,|20000000|
|50|,|Inventing the Abbotts|,|1997-04-04|,|5,6|,|98,359,360,361,362|,|62|,|799,4,279,800,801,802,803,804,805|,|In the 1950s, brothers Jacey and Doug Holt, who come from the poorer side of their sleepy Midwestern town, vie for the affections of the wealthy, lovely Abbott sisters. Lady-killer Jacey alternates between Eleanor and Alice, wanting simply to break the hearts of rich young women. But sensitive Doug has a real romance with Pamela, which Jacey and the Abbott patriarch, Lloyd, both frown upon.|,|tt0119381|,|12723|,|0|
|51|,|Pirates of the Caribbean: Dead Men Tell No Tales|,|2017-05-25|,|9,1,2,3|,|200,363,364,365,366,367,368,369,370,367|,|63,64|,|806,807,5,808,809,810,811,812,813,814,118|,|Thrust into an all-new adventure, a down-on-his-luck Captain Jack Sparrow finds the winds of ill-fortune blowing even more strongly when deadly ghost pirates led by his old nemesis, the terrifying Captain Salazar (Bardem), escape from the Devil's Triangle, determined to kill every pirate at sea...including him. Captain Jack's only hope of survival lies in seeking out the legendary Trident of Poseidon, a powerful artifact that bestows upon its possessor total control over the seas.|,|tt1790809|,|166426|,|0|
|52|,|Pirates of the Caribbean: The Curse of the Black Pearl|,|2003-07-03|,|1,2,3|,|200,371,372,373,374,375,376,274,377,378,379,380,381,382,383,384,367,369,166,385|,|65|,|806,810,5,815,816,812,817,818,819,820,821,822,823,824,825,826,827,828,829,830,831,832,833,834,835,836,837,838,839,840,841,842,843,844,845,846,847,848,849,850,851,852,814,853,854,855,856,857,858,859,860,861,862,863,864,865,866,867,868,869,870,871,872,873,874,875,876,877,878,879|,|Jack Sparrow, a freewheeling 17th-century pirate who roams the Caribbean Sea butts heads with a rival pirate bent on pillaging the village of Port Royal. When the governor's daughter is kidnapped, Sparrow decides to help the girl's love save her. But their seafaring mission is hardly simple.|,|tt0325980|,|22|,|140000000|
|53|,|Black Hawk Down|,|2001-12-28|,|3,8,17|,|386,387,388,389,390,391,392|,|66|,|201,880,881,882,883,884,885,886,887,888,889,890,891,892,893,894,895,461,5,896,897,898,899,900,687,901,902,903,827,904,905,906,907,908|,|When U.S. Rangers and an elite Delta Force team attempt to kidnap two underlings of a Somali warlord, their Black Hawk helicopters are shot down, and the Americans suffer heavy casualties, facing intense fighting from the militia on the ground.|,|tt0265086|,|855|,|92000000|
|54|,|Pirates of the Caribbean: Dead Man's Chest|,|2006-06-20|,|1,2,3|,|173,393,394,371,395,396,397,373,398,363,379,367,369,166|,|65|,|806,5,815,909,816,910,911,818,912,810,812,819,820,824,841,913,849,834,914|,|The high-seas adventures of happy-go-lucky troublemaker Captain Jack Sparrow, young Will Turner and headstrong beauty Elizabeth Swann continues as Sparrow works his way out of a blood debt with the ghostly Davey Jones, he also attempts to avoid eternal damnation.|,|tt0383574|,|58|,|200000000|
|55|,|Pirates of the Caribbean: At World's End|,|2007-05-19|,|1,2,3|,|399,400,371,373,401,402,203,403,404,363,405,406,407,408,367,166|,|65|,|806,5,815,915,810,818,909,911,910,812,816,820,819,814,836,912,916,917,918|,|Captain Barbossa, long believed to be dead, has come back to life and is headed to the edge of the Earth with brave Will Turner and feisty Elizabeth Swann. And what of Jack Sparrow? Nothing is as it seems.|,|tt0449088|,|285|,|300000000|
|56|,|Troy|,|2004-05-13|,|17,1,5|,|409,176,410,19,179,411,412,413,414,415,416,417,418,419|,|67|,|919,5,884,367,7,920,921,336,442,772,922,923,924,925,356,926|,|In year 1250 B.C. during the late Bronze age, two emerging nations begin to clash. Paris, the Trojan prince, convinces Helen, Queen of Sparta, to leave her husband Menelaus, and sail with him back to Troy. After Menelaus finds out that his wife was taken by the Trojans, he asks his brother Agamemnom to help him get her back. Agamemnon sees this as an opportunity for power. So they set off with 1,000 ships holding 50,000 Greeks to Troy. With the help of Achilles, the Greeks are able to fight the never before defeated Trojans.|,|tt0332452|,|652|,|175000000|
|57|,|The Gifted One|,|1989-06-25|,|5,2|,|420,421,422,423,424|,|68|,|927,6,928,929,712,930,931,932,933,934,935|,|A young boy can transfer his body energy into ESP and heal sick people. While the subject of scientists' studies, he runs away to try to find out about his past and why he is the way he is.|,|tt0097431|,|345897|,|0|
|58|,|The Watchmaker's Apprentice|,|2015-06-01|,|10|,|425|,|69|,|6,936,937|,|The story of how Dr. George Daniels rose from Dickensian poverty to become the finest watchmaker of the modern era – and how Roger Smith embarked on an obsessive, seven-year quest to become his apprentice and equal.|,|tt2958390|,|338080|,|0|
|59|,|Indiana Jones and the Last Crusade|,|1989-05-24|,|1,3|,|426,427,219,428,115,256,429,430,61,431,432,433,434,435,436,437,438,439|,|70|,|578,938,939,940,6,941,942,943,944,945,946,947,948,949,950,951,952,953,954,955,956,957,958,959,960,961,962,963,964,965,966,967,968,969,970,971,972,973,974,975,976,977,978,979,980|,|When Dr. Henry Jones Sr. suddenly goes missing while pursuing the Holy Grail, eminent archaeologist Indiana Jones must team up with Marcus Brody, Sallah, and Elsa Schneider to follow in his father's footsteps and stop the Nazis from recovering the power of eternal life.|,|tt0097576|,|89|,|48000000|
|60|,|Raiders of the Lost Ark|,|1981-06-12|,|1,3|,|426,115,440,441,442,443,444,429,430,445,446,61,447,448,449,450,433,451,452,453,438,439|,|70|,|578,981,982,983,6,939,984,985,986,987,988,426,989,902,990,991,992,993,994,995,996,975,997,998,999,1000,1001,1002,1003,1004,1005,1006,1007,957|,|When Dr. Indiana Jones – the tweed-suited professor who just happens to be a celebrated archaeologist – is hired by the government to locate the legendary Ark of the Covenant, he finds himself up against the entire Nazi regime.|,|tt0082971|,|85|,|18000000|
|61|,|The Prophet|,|2014-05-17|,|7|,|102|,|71,72,73,74,75,76,77,78,79,80|,|1008,1009,57,756,426,6,1010|,|Exiled artist and poet Mustafa embarks on a journey home with his housekeeper and her daughter; together the trio must evade the authorities who fear that the truth in Mustafa's words will incite rebellion.|,|tt1640718|,|283161|,|0|
|62|,|Sword of the Valiant: The Legend of Sir Gawain and the Green Knight|,|1984-08-17|,|3,1,2|,|115,454,455,456|,|81|,|1011,1012,1013,938,1014,1015,1016,983,1017,6,1018,1019,1020,1021,1022|,|Gawain was a squire in King Arthur's court when the Green Knight burst in and offered to play a game with a brave knight. Gawain journeys across the land, learning about life, saving damsels, and solving the Green Knight's riddle.|,|tt0084750|,|30584|,|0|
|63|,|Time Lapse|,|2015-01-29|,|13,4|,|457,43,160,458,459|,|82|,|1023,1024,1025,6,1026,1027,1028,1029,1030,1031|,|Three friends discover a mysterious machine that takes pictures 24 hours into the future and conspire to use it for personal gain, until disturbing and dangerous images begin to develop.|,|tt2669336|,|273271|,|0|
|64|,|Victor Victoria|,|1982-04-25|,|9,11,6|,|460,324,461|,|83|,|1032,1033,1034,1035,1036,6,1037,1038,1039,1040,1041,1042|,|A struggling female soprano finds work playing a male female impersonator, but it complicates her personal life.|,|tt0084865|,|12614|,|0|
|65|,|Ivanhoe|,|1982-02-23|,|3,1,5|,|462|,|84|,|1043,1044,1045,1046,941,1047,1048,1049,1050,382,6,1051,1052,1053,1054|,|This is a remake of Walter Scott's Ivanhoe. Ivanhoe, a worthy and noble knight, the champion of justice returns to England after the holy wars. He find England under the reign of Prince John and his henchmen and finds himself being involved in the power-struggle for the throne of England. Will justice prevail and will all fair ladies in distress be rescued?|,|tt0084157|,|39382|,|0|
|66|,|Aladdin and the King of Thieves|,|1996-05-20|,|7,12,9,6,2|,|324,463,464|,|85|,|1055,1056,1057,6,1058,1059,1060,1061,1062,1063,1064,1065|,|At long last, Aladdin is about to marry the Princess Jasmine. Despite the presence and encouragement of his friends Genie, Carpet, and Abu, he is fearful and anxious. He is most worried as to what kind of father he will be, having never known his own. But when the 40 Thieves disrupt the wedding trying to steal a magical oracular talisman, Aladdin is drawn into a dangerous quest to stop the thieves.|,|tt0115491|,|11238|,|0|
|67|,|Chupacabra Terror|,|2005-01-29|,|18|,|396,465,466,467,468,337|,|86|,|6,1066,1067,1068,1069,1070,1071,1072,1073|,|Cryptozoologist Doctor Peña traps the legendary Chupacabra on a remote Caribbean Island to make his name in the scientific community. When he smuggles it aboard the cruise ship Regent Queen, commanded by Captain Randolph, the monster breaks out of the cargo hold and makes a smorgasbord out of the passengers and crew.|,|tt0435617|,|33197|,|0|
|68|,|One Night with the King|,|2006-10-13|,|5,6|,|469,470,181,471|,|87|,|1074,336,1075,25,666,6,1076,626,1077,1078,1079,1080,1081,1082,1083,1084,1085,1086|,|This amazing biblical drama chronicles the brave and historic legend of Hadassah, a Jewish orphan with exceptional beauty who rises to become Queen Esther of Persia and saves Persian Jews from genocide. By revealing her heritage to the king, Esther thwarts the evil prime minister's plan to annihilate all Jews in the Persian Empire. The annual festival of Purim is inspired by her heroism.|,|tt0430431|,|15005|,|20000000|
|69|,|The Living Daylights|,|1987-06-29|,|3,1,13|,|212,472,247,207,473,474,475,476,477,478,479,263,480,481,482,483,484,485,486,487,488,489,490,491,492,493,494,495,50|,|88|,|1087,1088,1089,1090,6,1091,1092,1093,1094,1095,1096,1097,1098,1099,1100,1101,1102,1103,1104|,|James Bond helps a Russian General escape into the west. He soon finds out that the KGB wants to kill him for helping the General. A little while later the General is kidnapped from the Secret Service leading 007 to be suspicious.|,|tt0093428|,|708|,|40000000|
|70|,|The High Crusade|,|1994-06-02|,|1,2,9,4|,|496,497,498,499,500|,|89,90|,|6,1105,1106,1107,1108,1109,1110,1111,1112,1113,1114,1115,1116,1117,1118|,|Medieval crusaders from the 13th century are captured by aliens. However, this can not stop them to conquer the Holy Land.|,|tt0110024|,|10446|,|0|
|71|,|Beyond the Mask|,|2015-04-06|,|3|,|501|,|91|,|1119,6,1120,1121,1122,1123,1124,1125,1126,1127,1128,1129,1130|,|A former assassin tries to redeem himself by becoming a masked highwayman in Colonial America.|,|tt2433040|,|318954|,|0|
|72|,|The Princess Diaries 2: Royal Engagement|,|2004-08-06|,|9,5,12,6|,|502,503,504,505|,|92|,|1131,1032,1132,6,1133,1134,1135,1136,1137,1138,1139,1140,1141,1142|,|Mia Thermopolis is now a college graduate and on her way to Genovia to take up her duties as princess. Her best friend Lilly also joins her for the summer. Mia continues her 'princess lessons'- riding horses side-saddle, archery, and other royal. But her complicated life is turned upside down once again when she not only learns that she is to take the crown as queen earlier than expected...|,|tt0368933|,|11130|,|40000000|
|73|,|Waxwork|,|1988-06-17|,|18,9|,|506,183|,|93|,|1143,1144,1145,1146,1147,6,1148|,|Wealthy slacker college student Mark, his new girlfriend Sarah, and their friends are invited to a special showing at a mysterious wax museum which displays 18 of the most evil men of all time. After his ex-girlfriend and another friend disappear, Mark becomes suspicous. What he doesn't know is that they have been made a part of the exhibit, by first living out the scene and then being murdered in.|,|tt0096426|,|29095|,|0|
|74|,|The Reef|,|2006-07-07|,|7,12|,|507,508|,|94,95|,|1149,1150,1151,1152,1153,1154,6,1155|,|After losing everything, a young fish, Pi, goes to live with his family on the Reef. There he meets the love of his life but finds that she already has the unwanted affections of a bully shark. He must follow his destiny to save her and rid the Reef of this menace for good.|,|tt0820142|,|19595|,|0|
|75|,|Shadows in the Sun|,|2005-05-12|,|5,9,6|,|509,212,510,511,512|,|96|,|1156,1157,255,1158,1159,6,1160|,|An aspiring young writer (Jackson) tracks a literary titan (Keitel) suffering from writers block to his refuge in rural Italy and learns about life and love from the irascible genius and his daughters.|,|tt0376181|,|12547|,|0|
|76|,|Glory Daze|,|1995-10-01|,|9|,|513,514,515,43,516,517,518,333,519,520,521,522,523,524,246,525|,|97|,|1161,1162,1163,1164,1165,1166,1167,1168,6,1169,1170,1171,1172,1173,1174,1175,1176,1177,1178,1179,1180,1181,1182,1183|,|It's punk rock meets Animal House in this campus comedy that stars Ben Affleck as Jack, a soon-to-be graduate who finds he's having a difficult time letting go of the college life -- and decides maybe he doesn't have to. Also questioning whether there's life after college are Jack's roommates: Rob, who fears domestication; comic-strip artist Mickey, who's shy around girls; intellectual party animal Slosh; and perpetual student Dennis.|,|tt0116422|,|26626|,|0|
|77|,|The Jungle Book 2|,|2003-02-07|,|12,7,1|,|526,324,527,528,529,530,531,532,533,534,535,536|,|98|,|1184,1185,62,1186,1187,1188,1189,6,1062,1186|,|Mowgli, missing the jungle and his old friends, runs away from the man village unaware of the danger he's in by going back to the wild.|,|tt0283426|,|14873|,|20000000|
|78|,|The Great White Hype|,|1996-05-03|,|9,5|,|537,538,539,540|,|99|,|1190,1191,1192,1193,1194,1195,1196,6,1197,1198,568,1199,1200,1201,1202,1203,1204|,|When the champ's promoter, Rev. Sultan, decides something new is needed to boost the marketability of the boxing matches, he searches and finds the only man to ever beat the champ. The problem is that he isn't a boxer anymore and he's white. However, once Rev. Sultan convinces him to fight, he goes into heavy training while the confident champ takes it easy and falls out of shape.|,|tt0116448|,|20759|,|0|
|79|,|The Medallion|,|2003-08-15|,|13,2,3,9|,|213,445,446,541,155,542,543|,|100|,|1205,1206,255,1207,6,1208|,|A Hong Kong detective suffers a fatal accident involving a mysterious medallion and is transformed into an immortal warrior with superhuman powers.|,|tt0288045|,|10610|,|41000000|
|80|,|The Martian|,|2015-09-30|,|5,1,4|,|544,545,510,546,181,547,548,549,550,551,552,553,554,555,216,556|,|66|,|1180,1209,1210,1211,1212,7,1213,1214,1215,1216,1217,1218,1219,1220,1221,1222,1223,1224,1225,1226,1227,1228,1229,1230,1231,1232,1233,1234,1235,1236,1237,1238,1239|,|During a manned mission to Mars, Astronaut Mark Watney is presumed dead after a fierce storm and left behind by his crew. But Watney has survived and finds himself stranded and alone on the hostile planet. With only meager supplies, he must draw upon his ingenuity, wit and spirit to subsist and find a way to signal to Earth that he is alive.|,|tt3659388|,|286217|,|108000000|
|81|,|Equilibrium|,|2002-12-06|,|5,3,13,4|,|557,558,559,560,561,562,563,564,91,92,93|,|101|,|650,1240,1241,1242,7,1243,1244,1245,883,1246,1247,1248,1249,1250,1251,1252|,|In a facist future where all forms of feeling are illegal, a man in charge of enforcing the law rises to overthrow the system.|,|tt0238380|,|7299|,|20000000|
|82|,|North Country|,|2005-02-12|,|5|,|565,185,566,567,568,569,570,571,45,572,73,573,574,575,576,577,102|,|102|,|550,1253,1254,1255,7,1256,1257,1258,1259,1260,1261,1262,1263,1264,1265,1266,1267|,|A fictionalized account of the first major successful sexual harassment case in the United States -- Jenson vs. Eveleth Mines, where a woman who endured a range of abuse while working as a miner filed and won the landmark 1984 lawsuit.|,|tt0395972|,|9701|,|35000000|
|83|,|Far North|,|2007-08-30|,|5,13,6,14|,|578,579,580,581,136,582|,|103|,|1268,1269,7,1270,1271|,|A soldier's unexpected arrival affects two women's simple existence.|,|tt0860866|,|8471|,|0|
|84|,|Ronin|,|1998-09-12|,|3,13,14,1|,|479,335,583,584,573,585,586,587,588,589,590,591,592|,|104|,|331,425,1272,910,7,818,1273,1274,1275,1276,1277,1278,1279,1280,1281,1282,1283,1284|,|A briefcase with undisclosed contents -- sought by Irish terrorists and the Russian mob -- makes its way into criminals' hands. An Irish liaison assembles a squad of mercenaries, or ronin, charged with the thorny task of recovering the case. But the team, led by an ex-CIA agent, mistrusts one another. Can they accomplish their mission?|,|tt0122690|,|8195|,|55000000|
|85|,|Stormy Monday|,|1988-05-01|,|5,3,13,6,16|,|593|,|105|,|1285,1286,1287,7|,|When a corrupt American businessman tries to strong arm his way into businesses in Newcastle, England, he is thwarted by an club attendant and his waitress girlfriend.|,|tt0096180|,|25497|,|0|
|86|,|Black Beauty|,|1994-07-29|,|3,1,5,12|,|316,594,102|,|106|,|7,1288,398,1289,1290,1291,1292,1293,1294,352|,|The fates of horses, and the people who own and command them, are revealed as Black Beauty narrates the circle of his life.|,|tt0109279|,|14522|,|0|
|87|,|Lady Chatterley|,|1993-06-06|,|5,6|,|181,366,595,596|,|107|,|1295,7,1296,1297|,|Lady Constance Chatterley is married to the handicapped Sir Clifford Chatterley, who was wounded in the First World War. When they move to his family's estate, Constance meets their tough-yet-quiet groundskeeper, Oliver Mellors. Soon, she discovers that the source of her unhappiness is from not being fulfilled in love, and in turning to the arms of Mellors, she has a sexual awakening that will change her thoughts forever.|,|tt0104666|,|241339|,|0|
|88|,|The Island|,|2005-07-20|,|3,13,4,1|,|597,598,599,600,401,601,602,603,91,92,93|,|108|,|880,1298,1299,7,215,206,1300,1301,1302,1303,1304,1305,1306,1307,1308|,|Lincoln Six-Echo is a resident of a seemingly Utopian but contained facility in the year 2019. Like all of the inhabitants of this carefully controlled environment, Lincoln hopes to be chosen to go to the "The Island" - reportedly the last uncontaminated spot on the planet. But Lincoln soon discovers that everything about his existence is a lie. He and all of the other inhabitants of the facility are actually human clones. Lincoln makes a daring escape with a beautiful fellow resident named Jordan Two-Delta. Relentlessly pursued by the forces of the sinister institute that once housed them, Lincoln and Jordan engage in a race for their lives to literally meet their makers.|,|tt0399201|,|1635|,|126000000|
|89|,|National Treasure|,|2004-11-08|,|1,3,13,15|,|115,430,433,436,439|,|109|,|1309,921,1310,7,1311,1156,280,1312,1313,1314,1315,1316,1317,1318,1319,1320,1321,1322,1323,1324,1325,1326,1327,1328,1329,1330,1331,1332,1333,1334,1335,1336,1337,1338,1339,1340|,|Modern treasure hunters, led by archaeologist Ben Gates, search for a chest of riches rumored to have been stashed away by George Washington, Thomas Jefferson and Benjamin Franklin during the Revolutionary War. The chest's whereabouts may lie in secret clues embedded in the Constitution and the Declaration of Independence, and Gates is in a race to find the gold before his enemies do.|,|tt0368891|,|2059|,|100000000|
|90|,|The Field|,|1990-12-21|,|5,16|,|246|,|110|,|1341,1342,7,1343,1344,1345,920,1346|,|"Bull" McCabe's family has farmed a field for generations, sacrificing much in the name of the land. When the widow who owns the field decides to sell it in a public auction, McCabe knows that he must own it. While no local dare bid against him, a wealthy American decides he requires the field to build a highway. "Bull" and his son decide they must try to convince the American to let go of his ambition and return home, but the consequences of their plot prove sinister.|,|tt0099566|,|31651|,|0|
|91|,|Silent Hill|,|2006-04-21|,|18,15|,|395,604,605,606,607,608,609,610,286,611,336,550,183,337,612,613,614,111,615,616,617,618,619,620|,|111|,|1347,7,1348,1349,897,1350,1351,1352,1353,1354,1355,1356,1357,1358,1359,1360|,|A girl has a bad case of sleep walking and while dreaming talks about a place called Silent Hill. Her parents take her to this place that she only mentions in dreams yet in an attempt to get there they crash their car and loose their daughter. They begin searching for her yet not knowing the dangers that lurk in Silent Hill.|,|tt0384537|,|588|,|50000000|
|92|,|GoldenEye|,|1995-11-16|,|1,3,13|,|621,475,476,622,623,483,484,624,487,625,626,627,628,629,630|,|112|,|1361,7,1362,314,1090,1363,1364,287,352,1365,1094,1366,1367,1368,1369,964,1370,1371,1372,1373|,|James Bond must unmask the mysterious head of the Janus Syndicate and prevent the leader from utilizing the GoldenEye weapons system to inflict devastating revenge on Britain.|,|tt0113189|,|710|,|58000000|
|93|,|War Requiem|,|1989-01-06|,|16,5,17|,|27|,|113|,|344,1374,1375,1376,1377,1378,1379,7,1380,1381|,|A film with no spoken dialogue, just follows the music and lyrics of Benjamin Britten's "War Requiem, which include WWI soldier poet Wilfred Owen's poems reflecting the war's horrors. It shows the story of an Englishman soldier (Wilfred Owen) and a nurse (his bride) during World War I. It also includes actual footage of contemporary wars (WWII, Vietnam, Angola, etc.)|,|tt0096416|,|41947|,|0|
|94|,|Outlaw|,|2007-03-09|,|3,14,13|,|212,631,632,518,633,634,300,635,636,637|,|114|,|7,1382,1383,324,1384,235,1385,1386,1387,1388,1389,1390,1391,1392,1393,1394,1395,1396,1397,126|,|A group of people who feel betrayed by their government and let down by their police force form a modern-day outlaw posse in order to right what they see as the wrongs of society.|,|tt0758771|,|9911|,|0|
|95|,|Don't Say a Word|,|2001-09-28|,|13|,|638,639,282,172,270|,|115|,|656,7,204,1398,1399,1400,1401,1402,1403,1404,1405,314,1406,645,1407,1408|,|When the daughter of a psychiatrist is kidnapped, he's horrified to discover that the abductors' demand is that he break through to a post traumatic stress disorder suffering young woman who knows a secret..|,|tt0260866|,|12103|,|50000000|
|96|,|Percy Jackson & the Olympians: The Lightning Thief|,|2010-02-01|,|1,2,12|,|640,641,642,643,644,645|,|116|,|1409,1410,1411,1412,7,1361,1413,200,1414,1415,1416,1417,1418,1419,1420,1421,1422,1423,1424,1425,1426,1427,1428,1429,1430,1431,1432,1433,1434,1435,1073,1436,1437,1438,1439,1440,1441,1442,1443,1066,1444,1445,1446,1447,1448,1449,1450,1451,1452,1453,1454,1455,1456|,|Accident prone teenager, Percy discovers he's actually a demi-God, the son of Poseidon, and he is needed when Zeus' lightning is stolen. Percy must master his new found skills in order to prevent a war between the Gods that could devastate the entire world.|,|tt0814255|,|32657|,|95000000|
|97|,|Jinnah|,|1998-11-07|,|17,5|,|646,647,648|,|117|,|8,1457,326,1458,1459|,|Biography of Mohammed Ali Jinnah, the founder of modern Pakistan is told through flashbacks as his soul tries to find eternal rest. The flashbacks start in 1947 as Jinnah pleads for a separate nation from the Muslim regime, infuriating Lord Mountbatten. Mountbatten then tries to enlist Gandhi &amp; Nehru to persuade Jinnah to stop his efforts. Gandhi sides with Jinnah, which upsets Nehru. However, Jinnah turns down the offer to become prime minister and the film takes another slide back to 1916, which reveals all of the political implications that have occurred.|,|tt0183306|,|41614|,|0|
|98|,|Honeymoon Academy|,|1990-05-11|,|5,9|,|649|,|118|,|1460,1461,1462,777,8,1463,1464,1465|,|A honeymooning couple become entangled in a plot to recover plates for counterfeiting US dollars. SHE thinks she's just retired from a government 'dirty jobs' department, but her superiors have other ideas. HE thinks she's a retired travel agent. Set in Spain, there's a constant flow of visual jokes, mainly at the expense of a group of incompetent thieves who are in hot pursuit of the plates. Many of the jokes are predictable, but there's enough to keep almost everyone amused.|,|tt0099790|,|165401|,|0|
|99|,|Dracula|,|1958-05-08|,|18|,|212,650,651,652,653,654|,|119|,|1016,8,1466,1467,1468,1469,1470,1471,1472,1473,1474,1475,1476|,|After Jonathan Harker attacks Dracula at his castle (apparently somewhere in Germany), the vampire travels to a nearby city, where he preys on the family of Harker's fiancée. The only one who may be able to protect them is Dr. van Helsing, Harker's friend and fellow-student of vampires, who is determined to destroy Dracula, whatever the cost.|,|tt0051554|,|11868|,|0|
|100|,|Corpse Bride|,|2005-09-09|,|6,2,7,11|,|655,378,324,296,656,657,658,659,660,118|,|120,121|,|806,1477,1241,1478,8,1479,1480,652,1481,1482,1466,1483,1484,1485,1486,1487|,|Set in a 19th-century european village, this stop-motion animation feature follows the story of Victor, a young man whisked away to the underworld and wed to a mysterious corpse bride, while his real bride Victoria waits bereft in the land of the living.|,|tt0121164|,|3933|,|40000000|
