0,Adventure
1,Fantasy
2,Action
3,Science Fiction
4,Drama
5,Romance
6,Animation
7,History
8,Comedy
9,Documentary
10,Music
11,Family
12,Thriller
13,Crime
14,Mystery
15,Foreign
16,War
17,Horror
18,Western
19,elves
20,dwarves
21,orcs
22,middle-earth (tolkien)
23,hobbits
24,mountains
25,fireworks
26,castle
27,volcano
28,password
29,death of a friend
30,uncle
31,based on book
32,sword and sorcery
33,mirror
34,wizards
35,middle earth
36,suspicion
37,bravery
38,honor
39,crushed to death
40,troll
41,brutality
42,ghosts
43,end of trilogy
44,quest
45,war
46,explosive
47,cave
48,fort
49,army
50,mission
51,attack
52,guide
53,deja vu
54,brain-washing
55,lovesickness
56,jealousy
57,amnesia
58,loss of sense of reality
59,dream
60,operation
61,future
62,relationship problems
63,love
64,love story
65,japan
66,flying
67,earthquake
68,airplane
69,biography
70,airplane manufacturer
71,grandfather grandson relationship
72,mass murder
73,ukraine
74,pop culture
75,blindness and impaired vision
76,journey in the past
77,passion for collection
78,souvenir
79,nazis
80,anti-semitism
81,photograph
82,punk
83,punk rock
84,rock band
85,rockumentary
86,punk band
87,horror filmmaking
88,makeup artist
89,corruption
90,dragon
91,battle
92,unlikely friendship
93,epic battle
94,skateboarding
95,flying car
96,car race
97,delorean
98,lightning
99,almanac
100,inventor
101,hill valley
102,black and white scene
103,black & white to color
104,mysterious killer
105,doing the right thing
106,mercedes
107,tied to a chair
108,silhouette
109,dystopia
110,dystopie
111,dystopian movie
112,paris
113,city portrait
114,jazz
115,subway
116,new love
117,immigration
118,nanny
119,tourist
120,woman director
121,police brutality
122,us-amerikanerin
123,fußball
124,harvard university
125,grausamkeit
126,sports and spare time
127,sport
128,hooligan
129,violence
130,students
131,firm
132,west ham united
133,riddle
134,mountain
135,journey
136,ring
137,goblin
138,courage
139,giant
140,wizard
141,tunnel
142,underground lake
143,orc
144,hobbit
145,buried treasure
146,climbing a tree
147,invisibility
148,ancient
149,arm cut off
150,gnomes
151,man versus machine
152,hope
153,post-apocalypse
154,friendship
155,steampunk
156,coward
157,end of world
158,rag doll
159,southern accent
160,wanted man
161,lynch mob
162,reflection in water
163,lesson
164,nosebleed
165,bloodhound
166,fake accent
167,grave digging
168,adventure
169,the lord of the rings
170,magic ring
171,medieval
172,magic
173,wizardry
174,dwarf
175,tolkien
176,magical world
177,mutant
178,time travel
179,superhuman
180,storm
181,based on comic book
182,marvel comics
183,beast
184,aftercreditsstinger
185,mutants
186,x-men
187,changing the past or future
188,1970s
189,70s
190,psychiatrist
191,witch
192,königshaus
193,prince
194,beauty
195,star
196,kingdom
197,wall
198,falling star
199,based on novel
200,unrequited love
201,good versus evil
202,fratricide
203,secret
204,book
205,novelist
206,schizophrenic
207,wolverine
208,cyclops
209,rogue
210,x-men (2000)
211,professor x
212,magneto
213,mystique
214,jean grey
215,x2: x-men united (2003)
216,underdog
217,ausländerfeindlichkeit
218,sea
219,wales
220,strangeness
221,shipwreck
222,Ärzte
223,loss of husband
224,fremde frau
225,england
226,kidnapper
227,shakespeare adaptation
228,murder
229,king
230,london
231,detective
232,sherlock holmes
233,first world war
234,duringcreditsstinger
235,samurái
236,the wolverine (2013)
237,holy grail
238,christianity
239,monk
240,zurich
241,sekte
242,secret society
243,louvre
244,curator
245,symbologist
246,opus dei
247,heresy
248,mona lisa
249,freemason
250,conspiracy
251,pentagram
252,tomb
253,catholicism
254,cryptologist
255,iconography
256,albino
257,apocalypse
258,world domination
259,marvel
260,1980s
261,concentration camp prisoner
262,nazi
263,gay interest
264,indie
265,prison
266,seventies
267,release from prison
268,criminal past
269,night club
270,drugs
271,disco
272,puerto rican
273,illegale prostitution
274,father-son relationship
275,prostitute
276,mutter-tochter-beziehung
277,tradition
278,refugee
279,gangstersyndikat
280,underworld
281,russia
282,hitman
283,gangster boss
284,motorräder
285,undercover agent
286,threat to death
287,midwife
288,killer
289,hoodlum
290,orphan girl
291,paternity
292,mutiny
293,missile
294,nuclear missile
295,embassy
296,us navy
297,battle for power
298,nuclea power
299,amish
300,suspense
301,barn raising
302,presidential elections
303,prisoner
304,revenge
305,haunting
306,electric chair
307,robbery
308,double life
309,dual identity
310,small town
311,indiana
312,distrust
313,fight
314,marriage
315,family relationships
316,mistaken identity
317,diner
318,lawyer
319,mobster
320,attempted robbery
321,self defense
322,europe
323,intellectual
324,money
325,american
326,girl
327,art
328,rich
329,blackmail
330,artist
331,planned murder
332,affair
333,horse race
334,horse
335,racehorse
336,cupcake
337,twenty something
338,gameboy
339,money bag
340,sidewalk
341,popstar
342,musical
343,record label
344,music
345,musicband
346,bomb
347,gun
348,drug dealer
349,costume
350,comic book
351,party
352,superhero
353,shot in the chest
354,gore
355,blood
356,comic book shop
357,comic book collector
358,shot in the head
359,dinner
360,cutting in line
361,shot in the leg
362,police officer
363,cosplay
364,comic books
365,robot
366,senior citizen
367,cat thief
368,confidence
369,trauma
370,leaving one's family
371,childhood memory
372,war on terror
373,loss of daughter
374,alone
375,cowardliness
376,family
377,siblings
378,dysfunctional marriage
379,working class
380,wrong side of the tracks
381,ship
382,sequel
383,artifact
384,period piece
385,pirate
386,caribbean
387,pirates
388,ghost
389,exotic island
390,blacksmith
391,east india trading company
392,gold
393,corset
394,marriage proposal
395,cannon
396,skeleton
397,daughter
398,governor
399,telescope
400,kids and family
401,wooden eye
402,gold coin
403,walt disney
404,prisoner of war
405,wound
406,somalia
407,warlord
408,famine
409,delta force
410,rescue operation
411,fortuneteller
412,bondage
413,monster
414,captain
415,card game
416,compass
417,ocean
418,drug abuse
419,love of one's life
420,traitor
421,strong woman
422,ex-frau
423,alliance
424,calypso
425,afterlife
426,fighter
427,adultery
428,trojan war
429,fraud
430,hostility
431,sword fight
432,battlefield
433,title spoken by character
434,ancient world
435,brothers
436,pyre
437,ancient greece
438,psychic
439,boy genius
440,healing power
441,lost mother
442,healing gift
443,watchmaker
444,saving the world
445,venice
446,library
447,whip
448,treasure
449,entrapment
450,crusader
451,treasure hunt
452,panzer
453,order of the templars
454,archeologist
455,marine propelling screw
456,indiana jones
457,archeology 
458,nepal
459,himalaya
460,cairo
461,moses
462,egypt
463,medaillon
464,leather jacket
465,hat
466,mediterranean
467,ark of the covenant
468,ten commandments
469,ausgrabung
470,swastika
471,archaeologist
472,remake
473,knight
474,king arthur
475,gambling
476,gambling debts
477,photography
478,cabaret
479,cross dresser
480,middle ages
481,orient
482,genie
483,mythology
484,cruise ship
485,navy seal
486,cryptozoology
487,persia
488,queen
489,esther
490,smuggling of arms
491,assassination
492,spy
493,falsely accused person
494,secret identity
495,flucht
496,country estate
497,arms deal
498,drug traffic
499,moskau
500,secret mission
501,secret intelligence service
502,kgb
503,villain
504,renegade
505,special car
506,tangier
507,big wheel
508,pipeline
509,cello
510,orchestra
511,freedom fighter
512,czechoslovakia
513,afghanistan
514,marsmenschen
515,space marine
516,crusade
517,jerusalem
518,ritter
519,mercenary
520,coronation
521,verlieben
522,duty
523,heirat
524,wax museum
525,fish
526,hai
527,italy
528,isolation
529,author
530,loss of wife
531,alcohol
532,sex
533,nudity
534,graduation
535,beer
536,police
537,friends
538,teacher
539,student
540,drunk
541,roller coaster
542,keg
543,doubts
544,river
545,tiger
546,village
547,bear
548,jungle
549,orphan
550,vulture
551,gong
552,lost
553,shake
554,mango
555,boxer
556,boxing
557,sports film
558,promoter
559,wretch
560,interpol
561,kämpfer
562,mars
563,nasa
564,botanist
565,stranded
566,space
567,engineering
568,survival
569,mars the planet
570,astronaut
571,science
572,space ship
573,deep space explorer
574,battle for survival
575,resistance
576,fascism
577,totalitarian regime
578,destroy
579,phasing
580,book burning
581,outlaw
582,government agent
583,rape
584,minnesota
585,witness
586,miner
587,insult
588,court
589,lawsuit
590,lesbian
591,case
592,woman
593,landmark
594,harrassment
595,legal
596,ice
597,tent
598,girlfriend
599,freundin
600,glacier
601,audi
602,impostor
603,ice skating
604,computer expert
605,ex kgb
606,preparation
607,screenwriter credited under pseudonym
608,hit with a car door
609,cellular phone trace
610,merry go round
611,|newcastle, england|
612,country life
613,sexual awakening
614,mini series
615,seuche
616,clone
617,transplantation
618,flucht aus dem gefängnis
619,genetics
620,freedom
621,cloning
622,mother role
623,burning of witches
624,fog
625,suffering
626,darkness
627,sadism
628,supernatural
629,surrealism
630,another dimension
631,torture
632,creature
633,demon
634,witch burning
635,dismemberment
636,religious fanatic
637,ghost town
638,sleepwalking
639,cuba
640,computer virus
641,secret base
642,satellit
643,cossack
644,electromagnetic pulse
645,time bomb
646,st. petersburg
647,ejection seat
648,red army
649,return
650,arbitrary law
651,paratroops
652,iraq war veteran
653,iraq war
654,security guard
655,cctv
656,cemetery
657,diamant
658,greek mythology
659,god
660,poseidon  
661,lightning bolt
662,monsters
663,based on ya novel
664,muslim
665,pakistan
666,political unrest
667,honeymoon
668,transylvania
669,vampire
670,dracula
671,victim
672,hammer horror
673,grave
674,stop motion
675,animation
676,wedding
677,dark fantasy
678,european
