1,Elijah Wood
2,Ian McKellen
3,Viggo Mortensen
4,Liv Tyler
5,Orlando Bloom
6,John Rhys-Davies
7,Sean Bean
8,Christopher Lee
9,Billy Boyd
10,Dominic Monaghan
11,Sean Astin
12,Andy Serkis
13,Hugo Weaving
14,Cate Blanchett
15,Ian Holm
16,Craig Parker
17,Lawrence Makoare
18,Sala Baker
19,Sarah McLeod
20,Marton Csokas
21,Alan Howard
22,Noel Appleby
23,Megan Edwards
24,Michael Elsworth
25,Mark Ferguson
26,Brent McIntyre
27,Peter Jackson
28,Bernard Hill
29,Miranda Otto
30,David Wenham
31,Karl Urban
32,John Noble
33,Paul Norell
34,Thomas Robins
35,David Aston
36,Sadwyn Brophy
37,Alistair Browning
38,Brad Dourif
39,Olivia Tennet
40,Jed Brophy
41,Calum Gittins
42,John Bach
43,Robbie Magasiva
44,Jim Carrey
45,Kate Winslet
46,Mark Ruffalo
47,Kirsten Dunst
48,Tom Wilkinson
49,Ryan Whitney
50,Jane Adams
51,Debbon Ayer
52,David Cross
53,Gerry Robert Byrne
54,Brian Price
55,Josh Flitter
56,Paul Litowsky
57,Lola Daehler
58,Amir Ali Said
59,Deirdre O'Connell
60,Lauren Adler
61,Eugene Hutz
62,Boris Leskin
63,Jana Hrabetova
64,Jonathan Safran Foer
65,Stephen Samudovsky
66,Oleksandr Choroshko
67,Gil Kazimirov
68,Zuzana Hodkova
69,Ljubomir Dezera
70,Laryssa Lauret
71,Tereza Veselkova
72,Vera Sindelarova
73,Lukas Kral
74,Michael J. Fox
75,Christopher Lloyd
76,Lea Thompson
77,Elisabeth Shue
78,James Tolkan
79,Jeffrey Weissman
80,Casey Siemaszko
81,Billy Zane
82,Darlene Vogel
83,Jason Scott Lee
84,Ricky Dean Logan
85,Charles Fleischer
86,J.J. Cohen
87,Flea
88,Joe Flaherty
89,Neil Ross
90,Al White
91,Thomas F. Wilson
92,E. Casanova Evans
93,Jay Koch
94,Charles Gherardi
95,John Thornton
96,Theo Schwartz
97,Lindsey Whitney Barry
98,Judy Ovitz
99,Stephanie Williams
100,Marty Levy
101,Jim Ishida
102,Nikki Birdsong
103,Junior Fann
104,Shaun Hunter
105,George Buck Flower
106,Tamara Carrera
107,Tracy Dali
108,Jennifer Brown
109,Irina Cashen
110,Angela Greenblatt
111,Cameron Moore
112,Justin Mosley Spink
113,Lisa Freeman
114,John Erwin
115,|Harry Waters, Jr.|
116,David Harold Brown
117,Tommy Thomas
118,Lloyd L. Tolbert
119,Granville 'Danny' Young
120,Wesley Mann
121,Freddie
122,Crispin Glover
123,Todd Blood
124,Sean Michael Fish
125,Donald Fullilove
126,Annette May
127,Mary Ellen Trainor
128,Gregory Nicotero
129,Howard Berger
130,Tom Savini
131,John Carpenter
132,Frank Darabont
133,John Landis
134,Robert Kirkman
135,George A. Romero
136,Quentin Tarantino
137,Jessica Alba
138,Devon Aoki
139,Alexis Bledel
140,Powers Boothe
141,Rosario Dawson
142,Benicio del Toro
143,Michael Clarke Duncan
144,Carla Gugino
145,Josh Hartnett
146,Rutger Hauer
147,Jaime King
148,Michael Madsen
149,Brittany Murphy
150,Clive Owen
151,Mickey Rourke
152,Nick Stahl
153,Bruce Willis
154,Jude Ciccolella
155,Jeffrey J. Dashnaw
156,Jesse De Luna
157,Jason Douglas
158,Tommy Flanagan
159,Rick Gomez
160,David H. Hickey
161,Greg Ingram
162,Nicky Katt
163,Helen Kirk
164,Ethan Maniquis
165,John McLeod
166,Frank Miller
167,Lisa Marie Newmyer
168,Tommy Nix
169,Nick Offerman
170,Marco Perella
171,Randal Reeder
172,Jeff Schwan
173,Marley Shelton
174,Korey Simeone
175,Paul T. Taylor
176,Ken Thomas
177,Rico Torres
178,Makenzie Vega
179,Arie Verveen
180,Patricia Vonne
181,Chris Warner
182,Martin Freeman
183,Richard Armitage
184,Aidan Turner
185,William Kircher
186,Peter Hambleton
187,Mark Hadlow
188,Ken Stott
189,Graham McTavish
190,James Nesbitt
191,Stephen Hunter
192,Dean O'Gorman
193,John Callen
194,Adam Brown
195,Barry Humphries
196,Lee Pace
197,Benedict Cumberbatch
198,Mikael Persbrandt
199,Stephen Fry
200,Luke Evans
201,Billy Connolly
202,Evangeline Lilly
203,Manu Bennett
204,John Bell
205,Sylvester McCoy
206,Terry Notary
207,Stephen Colbert
208,Sarah Peirse
209,Mary Nesbitt
210,Peggy Nesbitt
211,Ben Mitchell
212,Hugh Jackman
213,James McAvoy
214,Patrick Stewart
215,Michael Fassbender
216,Jennifer Lawrence
217,Nicholas Hoult
218,Halle Berry
219,Ellen Page
220,Peter Dinklage
221,Shawn Ashmore
222,Omar Sy
223,Evan Peters
224,Josh Helman
225,Daniel Cudmore
226,Fan Bingbing
227,Adan Canto
228,Booboo Stewart
229,Mark Camacho
230,Lucas Till
231,Evan Jonigkeit
232,Gregg Lowe
233,Anna Paquin
234,Famke Janssen
235,James Marsden
236,Kelsey Grammer
237,Michael Lerner
238,Harry Standjofski
239,Mike Dopud
240,Andreas Apergis
241,Robert Montcalm
242,Jaa Smith-Johnson
243,Alex Ivanovici
244,Chris Claremont
245,Len Wein
246,François Paquette
247,Zabryna Guevara
248,Zehra Leverman
249,Angela Galuppo
250,Victor Cornfoot
251,Brent Skagford
252,Kyle Gatehouse
253,Taris Tyler
254,Darryl Scheelar
255,Thai-Hoa Le
256,Johnny Tran
257,Gregory Hlady
258,Julian Casey
259,Robert Crooks
260,Matt Cooke
261,Tim Post
262,Jason Deline
263,Karine Vanasse
264,Pierre LeBlanc
265,Jude Beny
266,Arthur Holden
267,Sean Curley
268,Susanna Fournier
269,Andrew Peplowski
270,Moe Jeudy-Lamour
271,Neil Napier
272,Mizinga Mwinga
273,Ryan Gage
274,John Tui
275,Kelly Kilgour
276,Nick Blake
277,Simon London
278,Conan Stevens
279,Claire Danes
280,Charlie Cox
281,Michelle Pfeiffer
282,Robert De Niro
283,Sienna Miller
284,Ricky Gervais
285,Jason Flemyng
286,Mark Strong
287,Rupert Everett
288,Peter O'Toole
289,Sarah Alexander
290,Melanie Hill
291,Joanna Scanlan
292,Kate Magowan
293,David Kelly
294,Nathaniel Parker
295,Dexter Fletcher
296,Henry Cavill
297,David Walliams
298,Mark Heap
299,Mark Williams
300,Bimbo Hart
301,Alastair MacIntosh
302,Ben Barnes
303,Darby Hawker
304,Frank Ellis
305,Struan Rodger
306,Julian Rhind-Tutt
307,Adam Buxton
308,George Innes
309,Jake Curran
310,Grant Burgin
311,Olivia Grant
312,Coco Sumner
313,Terry Murphy
314,Geoff Bell
315,Mark Burns
316,Rab Affleck
317,Carlos Besse Peres
318,Elwin 'Chopper' David
319,Adam Fogerty
320,Jordan Long
321,Spencer Wilding
322,Natasha Richardson
323,Hugh Bonneville
324,Joss Ackland
325,Wanda Ventham
326,Sean Harris
327,Judy Parfitt
328,Gus Lewis
329,Maria Aitken
330,Hazel Douglas
331,Bret McKenzie
332,Jeffrey Thomas
333,Tim McLachlan
334,Nick Nolte
335,Whittni Wright
336,Albert Brooks
337,Julie Kavner
338,Joely Richardson
339,Vicki Lewis
340,Anne Heche
341,Tracey Ullman
342,Rebecca Romijn
343,Brian Cox
344,Alan Cumming
345,Aaron Stanford
346,Kelly Hu
347,Bruce Davison
348,Katie Stuart
349,Kea Wong
350,Cotter Smith
351,Chiara Zanni
352,Bryce Hodgson
353,Shauna Kain
354,Ted Friend
355,Aaron Douglas
356,Bryan Singer
357,Roger R. Cross
358,Nolan Gerard Funk
359,Ray Park
360,Tyler Mane
361,Matthew Sharp
362,Rhona Shekter
363,Kenneth McGregor
364,Shawn Roberts
365,Stan Lee
366,Sumela Kay
367,Alex Burton
368,D. B. Sweeney
369,George MacKay
370,Samantha Isler
371,Annalise Basso
372,Nicholas Hamilton
373,Shree Crooks
374,Frank Langella
375,Kathryn Hahn
376,Missi Pyle
377,Steve Zahn
378,Erin Moriarty
379,Ann Dowd
380,Mike Miller
381,Richard Beal
382,Alan Humphreys
383,Elena Stecca
384,Charlie Shotwell
385,Trin Miller
386,Elijah Stevenson
387,Teddy Van Ee
388,Hannah Horton
389,Galen Osier
390,Thomas Brophy
391,Louis Hobson
392,Hafid Abdelmoula
393,Paul Alan Amend
394,Yolanda Aragon
395,Angela Francia
396,Cliff Gravel
397,Al Pacino
398,Sean Penn
399,Penelope Ann Miller
400,John Leguizamo
401,Ingrid Rogers
402,Luis Guzmán
403,Adrian Pasdar
404,James Rebhorn
405,Joseph Siravo
406,Richard Foronjy
407,Jorge Porcel
408,John Ortiz
409,Paul Mazursky
410,Vincent Pastore
411,Jon Seda
412,Marc Anthony
413,Frank Minucci
414,Ángel Salazar
415,Al Israel
416,Rick Aviles
417,Jaime Sánchez
418,Víctor Sierra
419,Frank Ferrara
420,Chuck Zito
421,Tony Cucci
422,Alfred Sauchelli Jr.
423,Sonny Zito
424,Walter T. Meade
425,Richard Council
426,James Bulleit
427,Mel Gorham
428,Rocco Sisto
429,John Finn
430,Brian Tarantina
431,Jaime Tirelli
432,John Michael Bolger
433,Frank Pietrangolare
434,Mike Girard Sheehan
435,Dean Rader Duval
436,Gene Canfield
437,Sharmagne Leland-St. John
438,Rene Rivera
439,Orlando Urdaneta
440,Kim Rideout
441,Christopher Bregman
442,Julieta Ortega
443,Mary Hammett
444,Yelba Osorio
445,Nelson Vasquez
446,Daniel Brennan
447,Michael P. Moran
448,Cynthia Lamontagne
449,David Boston
450,Pete Macnamara
451,Daniel Margotta
452,Coati Mundi
453,Ángel Ramírez
454,Cice Rivera
455,Saundra Santiago
456,Bill Weeden
457,Garlan Green
458,Denise Vasquez
459,Naomi Watts
460,Vincent Cassel
461,Armin Mueller-Stahl
462,Sinéad Cusack
463,Donald Sumpter
464,Jerzy Skolimowski
465,Josef Altin
466,Mina E. Mina
467,Aleksander Mikic
468,Sarah-Jeanne Labrosse
469,Tatiana Maslany
470,Tereza Srbová
471,Tamer Hassan
472,Tony Cook
473,Raza Jaffrey
474,Denzel Washington
475,Gene Hackman
476,Matt Craven
477,George Dzundza
478,James Gandolfini
479,Rocky Carroll
480,Jaime Gomez
481,Michael Milhoan
482,Scott Burkholder
483,Danny Nucci
484,Lillo Brancato
485,Eric Bruskotter
486,Ricky Schroder
487,Marcello Thedford
488,Chelsea Field
489,Lane Smith
490,Lincoln Kilpatrick
491,Tom Everett
492,Ivan Kane
493,André De Shields
494,Tommy 'Tiny' Lister
495,Stephen E. Little
496,Mickey Yablans
497,Larry "Flash" Jenkins
498,Arlen Dean Snyder
499,Hal Landon Jr.
500,Matt Kanen
501,Rod Lockman
502,Kodi Smit-McPhee
503,Charlize Theron
504,Robert Duvall
505,Guy Pearce
506,Molly Parker
507,Michael Kenneth Williams
508,Garret Dillahunt
509,Bob Jennings
510,Agnes Herrmann
511,Buddy Sosthand
512,Kirk Brown
513,Jack Erdie
514,David August Lindauer
515,Gina Preciado
516,Adam Sandler
517,Don Cheadle
518,Jada Pinkett Smith
519,Saffron Burrows
520,Donald Sutherland
521,Robert Klein
522,Melinda Dillon
523,Mike Binder
524,Jonathan Banks
525,Rae Allen
526,Paula Newsome
527,John de Lancie
528,Paul Butler
529,Camille LaChe Smith
530,Imani Hakim
531,Denise Dowse
532,Anthony Chisholm
533,B. J. Novak
534,Jessica Golden
535,Ted Raimi
536,Harris Peet
537,Molly Binder
538,Tommy Nohilly
539,Robert Harvey
540,Nick Taylor
541,M.D. Walton
542,Chad Brigockas
543,Elizabeth Andrews
544,Neal Young
545,Lela Loren
546,Pruitt Taylor Vince
547,Shelley Winters
548,Deborah Harry
549,Joe Grifasi
550,Evan Dando
551,Anthony LaPaglia
552,Debi Mazar
553,Maxwell Caulfield
554,Robin Tunney
555,Renée Zellweger
556,Ethan Embry
557,Coyote Shivers
558,Brendan Sexton III
559,Ben Bode
560,Rory Cochrane
561,Johnny Depp
562,Geoffrey Rush
563,Keira Knightley
564,Jack Davenport
565,Jonathan Pryce
566,Kevin McNally
567,Zoe Saldana
568,Lee Arenberg
569,Mackenzie Crook
570,Damian O'Hare
571,Giles New
572,Angus Barnett
573,David Bailie
574,Martin Klebba
575,Treva Etienne
576,Michael Berry Jr.
577,Isaac C. Singleton Jr.
578,Greg Ellis
579,Guy Siner
580,Ralph P. Martin
581,Paula J. Newman
582,Paul Keith
583,Dylan Smith
584,Lucinda Dryzek
585,Lauren Maher
586,Vanessa Branch
587,Luke de Woolfson
588,Michael Sean Tighe
589,Dustin Seavey
590,Christian Martin
591,Trevor Goddard
592,Vince Lozano
593,Matthew Bowyer
594,Brye Cooper
595,Ben Wilson
596,Antonio Valentino
597,Mike Babcock
598,Owen Finnegan
599,Ian McIntyre
600,Israel Aduramo
601,Sam Roberts
602,Ben Roberts
603,Félix Castro
604,Mike Haberecht
605,Rudolph McCollum
606,Gerard J. Reyes
607,M. Scott Shields
608,Christopher Sullivan
609,Craig Thomson
610,Fred Toft
611,Jerry Gauny
612,Maxie J. Santillan Jr.
613,Michael Earl Lane
614,David Patykewich
615,Tommy Schooler
616,Finneus Egan
617,D.P. FitzGerald
618,Tobias McKinney
619,Michael A. Thompson
620,Michael W. Williams
621,Jose Zelaya
622,Don LaDaga
623,LeJon
624,Christopher S. Capp
625,Gregory Alosio
626,Jordi Caballero
627,Paul Gagné
628,Joe Grisaffi
629,James McAuley
630,Ewan McGregor
631,Jason Isaacs
632,Tom Sizemore
633,William Fichtner
634,Eric Bana
635,Ewen Bremner
636,Sam Shepard
637,Tom Hardy
638,Charlie Hofheimer
639,Hugh Dancy
640,Tom Guiry
641,Brian Van Holt
642,Steven Ford
643,Gregory Sporleder
644,Zeljko Ivanek
645,Matthew Marsden
646,Nikolaj Coster-Waldau
647,Johnny Strong
648,Kim Coates
649,Glenn Morshower
650,Enrique Murciano
651,Jeremy Piven
652,Carmine Giovinazzo
653,George Harris
654,Razaaq Adoti
655,Jason Hildebrandt
656,Ron Eldard
657,Ty Burrell
658,Giannina Facio
659,Boyd Kestner
660,Bill Nighy
661,Stellan Skarsgård
662,Chow Yun-fat
663,Tom Hollander
664,Naomie Harris
665,Keith Richards
666,David Schofield
667,Reggie Lee
668,Takayo Fischer
669,David Meunier
670,Ho-Kwan Tse
671,Andy Beckwith
672,Peter Donald Badalamenti II
673,Dominic Scott Kay
674,Brad Pitt
675,Brendan Gleeson
676,Diane Kruger
677,Rose Byrne
678,Garrett Hedlund
679,Vincent Regan
680,Julie Christie
681,John Shrapnel
682,Nathan Jones
683,Peter Kowanko
684,G. W. Bailey
685,Wendy Phillips
686,Gregg Henry
687,Kristopher Kent Hill
688,James Eric
689,Shano Palovich
690,Lucky Hayes
691,Charles Benton
692,Dey Young
693,Kevin Conroy
694,Susan Eisenberg
695,Carl Lumbly
696,George Newbern
697,Michael Rosenbaum
698,Susan Sullivan
699,Robert Englund
700,Jason Marsden
701,Harrison Ford
702,Karen Allen
703,Paul Freeman
704,Ronald Lacey
705,Denholm Elliott
706,Wolf Kahler
707,Anthony Higgins
708,Vic Tablian
709,Don Fellows
710,William Hootkins
711,Alfred Molina
712,Eddie Tagoe
713,Bill Reimbold
714,Fred Sorenson
715,Patrick Durkin
716,Matthew Scurfield
717,Malcolm Weaver
718,Sonny Caldinez
719,Anthony Chinn
720,Pat Roach
721,Christopher Frederick
722,Tutte Lemkow
723,Ishaq Bux
724,Kiran Shah
725,Souad Messaoudi
726,Terry Richards
727,Steve Hanson
728,Frank Marshall
729,Martin Kreidt
730,John Rees
731,Tony Vogel
732,Ted Grossman
733,Vic Armstrong
734,Peter Diamond
735,Nick Gillard
736,Romo Gorrara
737,Rick Lester
738,Rocky Taylor
739,Reg Harding
740,Harry Fielder
741,Barrie Holland
742,Billy Horrigan
743,Terry Leonard
744,Sergio Mioni
745,Dennis Muren
746,Glenn Randall Jr.
747,Michael Sheard
748,Frank Welker
749,Eli Roth
750,Eric Zala
751,Chris Strompolos
752,Jayson Lamb
753,Angela Rodriguez
754,Mark Spain
755,Guy Klender
756,Harry Jay Knowles
757,Ernest Cline
758,Tim League
759,Francisco Gonzales
760,Sean Connery
761,Alison Doody
762,Julian Glover
763,River Phoenix
764,Michael Byrne
765,Kevork Malikyan
766,Robert Eddison
767,Richard Young
768,Alexei Sayle
769,Paul Maxwell
770,Isla Blair
771,Vernon Dobtcheff
772,Alex Hyde-White
773,J. J. Hardy
774,Bradley Gregg
775,Jeff O'Haco
776,Vince Deadrick Sr.
777,Marc Miles
778,Tim Hiser
779,Larry Sanders
780,Will Miles
781,David Murray
782,Frederick Jaeger
783,Jerry Harte
784,Billy J. Mitchell
785,Martin Gordon
786,Paul Humpoletz
787,Tom Branch
788,Graeme Crowther
789,Luke Hanson
790,Chris Jenkinson
791,Nicola Scott
792,Louis Sheldon
793,Stefan Kalipha
794,Peter Pacey
795,Suzanne Roquette
796,Eugene Lipinski
797,George Malpas
798,Julie Eccles
799,Nina Armstrong
800,Derek Lyons
801,Lee Richards
802,Tip Tipping
803,Liam Neeson
804,Salma Hayek
805,John Krasinski
806,Quvenzhané Wallis
807,Michael York
808,Malcolm McDowell
809,Billy West
810,Julie Andrews
811,James Garner
812,Robert Preston
813,Lesley Ann Warren
814,Alex Karras
815,Graham Stark
816,Malcolm Jamieson
817,Peter Arne
818,Sherloque Tanney
819,Geoffrey Edwards
820,Matyelok Gibbs
821,Anthony Andrews
822,James Mason
823,Sam Neill
824,Michael Hordern
825,Ronald Pickup
826,David Robb
827,Stuart Wilson
828,Michael Gothard
829,Tony Haygarth
830,Olivia Hussey
831,Lysette Anthony
832,Philip Locke
833,Miles O'Keeffe
834,Leigh Lawson
835,Trevor Howard
836,Emma Sutton
837,Cyrielle Clair
838,Peter Cushing
839,Lila Kedrova
840,Wilfrid Brambell
841,Bruce Lidington
842,Douglas Wilmer
843,Brian Coburn
844,David Rappaport
845,Tiffany Dupont
846,Luke Goss
847,Omar Sharif
848,James Callis
849,Javen Campbell
850,Jyoti Dogra
851,Neal Bhattacharya
852,Jonah Lotan
853,Dilshad Patel
854,Nimrat Kaur
855,Takesh Singh
856,Denzil Smith
857,Asif Basra
858,Tom Alter
859,Danielle Panabaker
860,Matt O'Leary
861,George Finn
862,Amin Joseph
863,Jason Spisak
864,Sharon Maughan
865,David Figlioli
866,Judith Drake
867,Mark C. Hanson
868,Scott Weinger
869,Linda Larkin
870,Robin Williams
871,Gilbert Gottfried
872,Jerry Orbach
873,Val Bettin
874,Jim Cummings
875,CCH Pounder
876,James Wilby
877,David Sterne
878,Roger Hammond
879,Matt Damon
880,Jessica Chastain
881,Kristen Wiig
882,Jeff Daniels
883,Michael Peña
884,Kate Mara
885,Sebastian Stan
886,Aksel Hennie
887,Chiwetel Ejiofor
888,Benedict Wong
889,Mackenzie Davis
890,Donald Glover
891,Nick Mohammed
892,Shu Chen
893,Eddy Ko
894,Enzo Cilenti
895,Jonathan Aris
896,Gruffudd Glyn
897,Naomi Scott
898,Geoffrey Thomas
899,Yang Haiwen
900,Narantsogt Tsogtsaikhan
901,Brian Caspe
902,Szonja Oroszlán
903,Mark O'Neal
904,Karen Gagnon
905,Lili Bordán
906,Nikolett Barabas
907,Dilyana Bouklieva
908,Björn Freiberg
909,James Fred Harkins Jr.
910,Sam Spruell
911,Matt Devere
912,Mike Kelly
913,Greg De Cuir
914,Peter Linka
915,Declan Hannigan
916,Peter Schueller
917,Waleska Latorre
918,Frederik Pleitgen
919,Charlie Gardner
920,Nóra Lili Hörich
921,Kamilla Fátyol
922,Yang Liu
923,Richard Rifkin
924,Nicholas Wittman
925,Ben O'Brien
926,Scott Alexander Young
927,Jason Ryan
928,James Dougherty
929,Richard Harris
930,John Hurt
931,Frances Tomelty
932,Brenda Fricker
933,Ruth McCabe
934,Tom Berenger
935,Christian Bale
936,Taye Diggs
937,Emily Watson
938,Angus Macfadyen
939,Dominic Purcell
940,Christian Kahrmann
941,Sean Pertwee
942,John Keogh
943,David Barrash
944,Dirk Martens
945,Matthew Harbour
946,Maria Pia Calzone
947,Emily Siewert
948,Florian Fitz
949,Elle Peterson
950,Thomas Curtis
951,Frances McDormand
952,Woody Harrelson
953,Amber Heard
954,Jeremy Renner
955,Richard Jenkins
956,Sissy Spacek
957,James Cada
958,Rusty Schwimmer
959,Linda Emond
960,Michelle Monaghan
961,Brad William Henke
962,Jillian Armenante
963,Corey Stoll
964,Joanne Whalley
965,Timothy Dalton
966,Annabeth Gish
967,Julie Harris
968,Ann-Margret
969,Jean Reno
970,Natascha McElhone
971,Skipp Sudduth
972,Katarina Witt
973,Michael Lonsdale
974,Jan Tříska
975,Ron Perkins
976,Féodor Atkine
977,Bernard Bloch
978,Dominic Gugliametti
979,Alan Beckworth
980,Daniel Breton
981,Amidou
982,Léopoldine Serre
983,David Thewlis
984,Jim Carter
985,Peter Davison
986,Alun Armstrong
987,John McEnery
988,Eleanor Bron
989,Peter Cook
990,Adrian Ross Magenty
991,Michelle Yeoh
992,Michelle Krusiec
993,Bjarne Østerud
994,Gary Pillai
995,Ben Kingsley
996,Anna Galiena
997,Cornel Wilde
998,Donna Reed
999,Leo Genn
1000,Ron Randell
1001,James Fox
1002,Shashi Kapoor
1003,Richard Lintern
1004,Indira Varma
1005,Sam Dastor
1006,Robert Ashby
1007,Shireen Shah
1008,Yousuf Kamal
1009,Kim Cattrall
1010,Robert Hays
1011,Leigh Taylor-Young
1012,Charles Rocket
1013,Doris Roberts
1014,Gordon Jump
1015,Natalie Portman
1016,Hayden Christensen
1017,Ian McDiarmid
1018,Samuel L. Jackson
1019,Anthony Daniels
1020,Kenny Baker
1021,Frank Oz
1022,Jimmy Smits
1023,Peter Mayhew
1024,Oliver Ford Davies
1025,Ahmed Best
1026,Silas Carson
1027,Joel Edgerton
1028,Bonnie Piesse
1029,Matthew Wood
1030,Temuera Morrison
1031,Bruce Spence
1032,Jeremy Bulloch
1033,Wayne Pygram
1034,Aidan Barton
1035,James Earl Jones
1036,George Lucas
1037,Jett Lucas
1038,Amanda Lucas
1039,Katie Lucas
1040,Jay Laga'aia
1041,Rohan Nichol
1042,David Bowers
1043,Keisha Castle-Hughes
1044,Matt Sloan
1045,Rebecca Jackson Mendoza
1046,Tux Akindoyeni
1047,Matt Rowan
1048,Kenji Oates
1049,Amy Allen
1050,Bodie Taylor
1051,Graeme Blundell
1052,Trisha Noble
1053,Claudia Karvan
1054,Keira Wingate
1055,Hayley Mooy
1056,Sandi Finlay
1057,Genevieve O'Reilly
1058,Warren Owens
1059,Kee Chan
1060,Rena Owen
1061,Christopher Kirby
1062,Kristy Wright
1063,Coinneach Alexander
1064,Mousy McCallum
1065,Michael Kingma
1066,Axel Dench
1067,Steven Foy
1068,Julian Khazzouh
1069,James Rowland
1070,David Stiff
1071,Robert Cope
1072,Oliver Reed
1073,Richard Chamberlain
1074,Frank Finlay
1075,Faye Dunaway
1076,Raquel Welch
1077,Geraldine Chaplin
1078,Jean-Pierre Cassel
1079,Spike Milligan
1080,Charlton Heston
1081,Simon Ward
1082,Georges Wilson
1083,Roy Kinnear
1084,Sybil Danning
1085,Helena Bonham Carter
1086,Paul Whitehouse
1087,Joanna Lumley
1088,Albert Finney
1089,Richard E. Grant
1090,Michael Gough
1091,Jane Horrocks
1092,Enn Reitel
1093,Deep Roy
1094,Danny Elfman
1095,Stephen Ballantyne
1096,Lisa Kay
1097,Tell Schreiber
1098,Sally Gray
1099,Ross Vezarian
1100,John Mills
1101,Derek Bond
1102,Kenneth More
1103,James Robertson Justice
1104,Melissa Stribling
1105,Carol Marsh
1106,Olga Dickie
1107,John Van Eyssen
1108,Valerie Gaunt
1109,Janina Faye
1110,Barbara Archer
1111,Charles Lloyd Pack
1112,George Merritt
1113,George Woodbridge
1114,Martin Mull
1115,Tuesday Weld
1116,Bill Macy
1117,Stacey Nelkin
1118,Sally Kellerman
1119,Jennifer McAllister
1120,Sam Chew Jr.
1121,Anthony Battaglia
1122,Nita Talbot
1123,Pamela Bellwood
1124,Barbara Rhoades
1125,Ann Weldon
1126,Peter Bonerz
1127,Jon Fong
1128,Patch Mackenzie
1129,Maria Schell
1130,Hans Hass Jr.
1131,Maria Rohm
1132,Margaret Lee
1133,Pietro Martellanza
1134,Howard Vernon
1135,Milo Quesada
1136,Werner Abrolat
1137,Diana Lorys
1138,Asa Butterfield
1139,Chloë Grace Moretz
1140,Sacha Baron Cohen
1141,Jude Law
1142,Helen McCrory
1143,Michael Stuhlbarg
1144,Marco Aponte
1145,Emily Mortimer
1146,Ray Winstone
1147,Frances de la Tour
1148,Richard Griffiths
1149,Kevin Eldon
1150,Gulliver McGrath
1151,Edmund Kingsley
1152,Max Wrottesley
1153,Christos Lawton
1154,Ben Addis
1155,Lasco Atkins
1156,Graham Curry
1157,Eric Haldezos
1158,Hugo Malpeyre
1159,Gino Picciano
1160,Martin Scorsese
1161,Brian Selznick
1162,Daniel Craig
1163,Pierce Brosnan
1164,Roger Moore
1165,George Lazenby
1166,Judi Dench
1167,Bill Clinton
1168,Robert Davi
1169,Rosamund Pike
1170,Mike Myers
1171,Barbara Broccoli
1172,Sam Mendes
1173,Ken Adam
1174,Lewis Gilbert
1175,Ian Fleming
1176,Albert R. Broccoli
1177,John Barry
1178,Shirley Bassey
1179,Harry Saltzman
1180,Terence Young
1181,Kevin McClory
1182,Franco Nero
1183,Anthony Quinn
1184,Martin Balsam
1185,Claudia Cardinale
1186,Cleavon Little
1187,Paul L. Smith
1188,John Steiner
1189,Eli Wallach
1190,Renzo Palmer
1191,Anita Strindberg
1192,Marino Masé
1193,Jacques Herlin
1194,Alan Arkin
1195,Jeff Bridges
1196,Mia Farrow
1197,Tammy Grimes
1198,Angela Lansbury
1199,Nellie Bellflower
1200,Don Messick
1201,Keenan Wynn
1202,Paul Frees
1203,Rene Auberjonois
1204,Brother Theodore
1205,Jack Lester
1206,Ed Peck
1207,Kenneth Jennings
1208,Gerry Beckley
1209,Christina Ricci
1210,Casper Van Dien
1211,Christopher Walken
1212,Lisa Marie
1213,Steven Waddington
1214,Miranda Richardson
1215,Michael Gambon
1216,Jeffrey Jones
1217,Martin Landau
1218,Marc Pickering
1219,Claire Skinner
1220,Jessica Oyelowo
1221,Mark Spalding
1222,Peter Guinness
1223,Tony Maudsley
1224,Jamie Foreman
1225,Philip Martin Brown
1226,Robert Stephens
1227,Colin Blakely
1228,Geneviève Page
1229,Tamara Toumanova
1230,Clive Revill
1231,Irene Handl
1232,Mollie Maureen
1233,Stanley Holloway
1234,Lorna Heilbron
1235,George Benson
1236,Kenneth J. Warren
1237,Duncan Lamont
1238,Harry Locke
1239,Hedger Wallace
1240,Michael Ripper
1241,Catherine Finn
1242,Robert Swann
1243,Jenny Runacre
1244,Edward Woodward
1245,Britt Ekland
1246,Diane Cilento
1247,Ingrid Pitt
1248,Lindsay Kemp
1249,Russell Waters
1250,Robin Hardy
1251,Aubrey Morris
1252,Irene Sunters
1253,Walter Carr
1254,Roy Boyd
1255,Gregory Peck
1256,Virginia Mayo
1257,Robert Beatty
1258,Terence Morgan
1259,James Kenney
1260,Denis O'Dea
1261,Stanley Baker
1262,Alan Tilvern
1263,Alec Mango
1264,John Witty
1265,Michael Goodliffe
1266,Moultrie Kelsall
1267,Richard Hearne
1268,Michael Dolan
1269,Telly Savalas
1270,Alberto de Mendoza
1271,Silvia Tortosa
1272,Julio Peña
1273,Ángel del Pozo
1274,Helga Liné
1275,Alice Reinheart
1276,José Jaspe
1277,George Rigaud
1278,Víctor Israel
1279,Faith Clift
1280,Juan Olaguivel
1281,Allen Russell
1282,José Marco
1283,José Canalejas
1284,Vicente Roca
1285,Hiroshi Kitatawa
1286,Hugh O'Brian
1287,Shirley Eaton
1288,Fabian
1289,Wilfrid Hyde-White
1290,Dennis Price
1291,Daliah Lavi
1292,Mario Adorf
1293,Marianne Hoppe
1294,Burt Lancaster
1295,Nick Cravat
1296,Eva Bartok
1297,Torin Thatcher
1298,James Hayter
1299,Leslie Bradley
1300,Margot Grahame
1301,Noel Purcell
1302,Frederick Leister
1303,Eliot Makeham
1304,Frank Pettingell
1305,Dana Wynter
1306,Ewan Roberts
1307,John Chandos
1308,Jonathan Readwin
1309,Sean Power
1310,Eline Powell
1311,Eric Lampaert
1312,Kenneth Collard
1313,Howard Marks
1314,Alice Lowe
1315,Javone Prince
1316,Dannielle Brent
1317,Ben Goffe
1318,Francesca Papagno
1319,Anthony Cozens
1320,Ricky Camp
1321,Yana Yanezic
1322,Lauren Bacall
1323,Josh Hutcherson
1324,Dina Eastwood
1325,Adam Godley
1326,Scott Eastwood
1327,Alexandra Carl
1328,Hayden Panettiere
1329,Tricia Helfer
1330,Kim Myers
1331,Jansen Panettiere
1332,José Zúñiga
1333,Zuhair Haddad
1334,Ralph Peduto
1335,Kean Matthams
1336,Alexander Poletti
1337,Alexandra Malek
1338,Myles Williams
1339,Wolfgang Roeck
1340,Stephen Rana
1341,Liev Schreiber
1342,Danny Huston
1343,Lynn Collins
1344,Ryan Reynolds
1345,Will.i.am
1346,Taylor Kitsch
1347,Kevin Durand
1348,Daniel Henney
1349,Tim Pocock
1350,Julia Blake
1351,Max Cullen
1352,Troye Sivan
1353,Michael James Olsen
1354,Peter O'Brien
1355,Aaron Jeffery
1356,Alice Parkinson
1357,Philip A. Patterson
1358,Anthony Gee
1359,Adelaide Clemens
1360,Karl Beattie
1361,Tom O'Sullivan
1362,Myles Pollard
1363,Stephen Anderton
1364,Chris Sadrinna
1365,Septimus Caton
1366,Matthew Dale
1367,Nathin Butler
1368,Peter Barry
1369,David Ritchie
1370,Asher Keddie
1371,Socratis Otto
1372,Stephen Leeder
1373,James D. Dever
1374,Martin Obuga
1375,Rita Affua Connell
1376,John Shrimpton
1377,Henry Browne
1378,Tahyna Tozzi
1379,Daniel Negreanu
1380,Alexandra Davies
1381,Don Battee
1382,Evan Sturrock
1383,Rob Flanagan
1384,Hakeem Kae-Kazim
1385,Alison Araya
1386,Eric Breker
1387,Eileen Bui
1388,Adrian G. Griffiths
1389,Bryon Chief-Moon
1390,Beatrice Ilg
1391,Kanako Takegishi
1392,Panou
1393,Johnson Phan
1394,Elizabeth Thai
1395,Jade Tang
1396,Joelle Tang
1397,Scott Adkins
1398,Warwick Young
1399,Dennis Kreusler
1400,Ksenia Solo
1401,Nathan Parsons
1402,Jennette McCurdy
1403,Da'Vone McDonald
1404,Denise Garcia
1405,Janet Song
1406,Jason Horst
1407,James Karen
1408,Joshua Miller
1409,Kathleen Freeman
1410,Ian Fried
1411,Ari Smith
1412,Michael Bower
1413,Marilyn Pitzer
1414,Dana Ashbrook
1415,Bill Erwin
1416,Kimmy Robertson
1417,Jeremy Miller
1418,Clu Gulager
1419,Suzanne Goddard-Smythe
1420,Chelsea Noble
1421,Kirk Cameron
1422,Tracey Gold
1423,Brian Peck
1424,Neal McDonough
1425,Gary Cole
1426,Sean Faris
1427,Julie Warner
1428,Penn Badgley
1429,Eliot Benjamin
1430,Michael J. Pagan
1431,Nathan West
1432,Max Kasch
1433,Arielle Kebbel
1434,Jeremy Earl
1435,Larry Bagby
1436,Andrew Roach
1437,Olesya Rulin
1438,Lauren McKnight
1439,Jimmy Chunga
1440,Elizabeth Hansen
1441,Mira Sorvino
1442,Alexa PenaVega
1443,Cybill Shepherd
1444,Josh Brolin
1445,Jeff Cohen
1446,Corey Feldman
1447,Kerri Green
1448,Jonathan Ke Quan
1449,Joe Pantoliano
1450,Anne Ramsey
1451,Martha Plimpton
1452,Steve Antin
1453,John Matuszak
1454,Lupe Ontiveros
1455,Keith Walker
1456,Curtis Hanson
1457,Jon Favreau
1458,Ned Beatty
1459,Greta Lind
1460,Scott Benjaminson
1461,Mary Ann Thebus
1462,Charles S. Dutton
1463,Lili Taylor
1464,Christopher Reed
1465,Deborah Wittenberg
1466,Christopher Erwin
1467,Kevin Duda
1468,Robert Benirschke
1469,Luke Massery
1470,Robert J. Steinmiller Jr.
1471,Lauren Katz
1472,Gerry Becker
1473,Robert Prosky
1474,John Beasley
1475,Ron Dean
1476,Vince Vaughn
1477,Amy Pietz
1478,Mitch Rouse
1479,Chelcie Ross
1480,Stockard Channing
1481,Jim Haynie
1482,Daphne Zuniga
1483,Levon Helm
1484,Dinah Manoff
1485,Dermot Mulroney
1486,Tim Quill
1487,Keith Szarabajka
1488,Sheila Kelley
1489,Alan Tudyk
1490,Shemar Moore
1491,Christopher Gorham
1492,Justin Kirk
1493,Jason O'Mara
1494,Steve Blum
1495,Zach Callison
1496,Bruce Thomas
1497,Lara Jill Miller
1498,Georgie Kidder
1499,Jeff Foxworthy
1500,Spike Spencer
1501,Nicolas Roye
1502,Cam Clarke
1503,Brian Beacock
1504,Brittany V Gates
1505,Michael McConnohie
1506,Michael Sorich
1507,Kirk Thornton
1508,C. Thomas Howell
1509,Jon Voight
1510,Virginia Williams
1511,Brando Eaton
1512,Sherri Shepherd
1513,Nic Bishop
1514,Caleb Castille
1515,Kelly Greyson
1516,Rhoda Griffis
1517,Marcus Henderson
1518,Joy Brunson
1519,Lance E. Nichols
1520,Kevin Sizemore
1521,DeVon Franklin
1522,Brett Rice
1523,Richard Kohnke
1524,Jet Jurgensmeyer
1525,Kirk B.R. Woller
1526,Blake Burgess
1527,Danny Vinson
1528,Vernard 'Bone' Hampton
1529,Kevin Downes
1530,Harry Alexander
1531,Kristi Averette
1532,Devin Bright
1533,Jason Burkey
1534,Carlton Byrd
1535,Peter Charnock
1536,Matthew T. Cook
1537,Xavier DuPriest
1538,Michael Entrekin
1539,Ron Flagge
1540,Jeremy Grimsley
1541,Corey Hodge
1542,Tyrell Humphries
1543,Justin Johnston
1544,Walker Morgan Kendrick
1545,David Kloehr
1546,Jeff Kruse
1547,Kelly Layne
1548,Keith Loy
1549,David Manne
1550,Doug Markstrom
1551,Tom Mullins
1552,Justin O'Neal
1553,Kelly Macdonald
1554,Hans Matheson
1555,Adrian Dunbar
1556,David O'Hara
1557,David Hayman
1558,Julie Graham
1559,Robert Pugh
1560,William Gardiner
1561,Daisy Ridley
1562,John Boyega
1563,Mark Hamill
1564,J.J. Abrams
1565,Adam Driver
1566,Carrie Fisher
1567,Lupita Nyong'o
1568,Gwendoline Christie
1569,Simon Pegg
1570,Michael Caine
1571,Scarlett Johansson
1572,Samantha Mahurin
1573,David Bowie
1574,Piper Perabo
1575,Rebecca Hall
1576,Daniel Davis
1577,Roger Rees
1578,Ricky Jay
1579,Jim Piddock
1580,Christopher Neame
1581,Mark Ryan
1582,Jamie Harris
1583,Monty Stuart
1584,Anthony De Marco
1585,Chao Li Chi
1586,John B. Crye
1587,William Morgan Sheppard
1588,Ezra Buzzington
1589,James Lancaster
1590,Johnny Liska
1591,Russ Fega
1592,Kevin Will
1593,Edward Hibbert
1594,James Otis
1595,Sam Menning
1596,Brian Tahash
1597,Jodi Bianca Wise
1598,Robert W. Arbogast
1599,Chris Cleveland
1600,Rock Anthony
1601,Basilina Butler
1602,Erin Cipolletti
1603,Tim Pilleri
1604,Gary Sievers
1605,Inna Swann
1606,Claire Foy
1607,Matthew Macfadyen
1608,Tom Courtenay
1609,Kingsley Frances-Gray
1610,Emma Pierson
1611,Eddie Marsan
1612,Russell Tovey
1613,Amanda Redman
1614,James Fleet
1615,Katrin Cartlidge
1616,Lynda Steadman
1617,Kate Byers
1618,Mark Benton
1619,Joe Tucker
1620,Margo Stanley
1621,Yahoo Serious
1622,Melora Hardin
1623,John Pinette
1624,Bob Maza
1625,Martin Ferrero
1626,Anthony Ackroyd
1627,Keanu Reeves
1628,Laurence Fishburne
1629,Carrie-Anne Moss
1630,Gloria Foster
1631,Marcus Chong
1632,Paul Goddard
1633,Robert Taylor
1634,Julian Arahanga
1635,Matt Doran
1636,Belinda McClory
1637,Anthony Ray Parker
1638,Marc Aden
1639,Ada Nicodemou
1640,Deni Gordon
1641,Rowan Witt
1642,Eleanor Witt
1643,Tamara Brown
1644,Janaya Pender
1645,Adryn White
1646,Natalie Tjen
1647,Bill Young
1648,David O'Connor
1649,Jeremy Ball
1650,Fiona Johnson
1651,Harry Lawrence
1652,Steve Dodd
1653,Luke Quinton
1654,Lawrence Woodward
1655,Michael Butcher
1656,Bernard Ledger
1657,Robert Simper
1658,Chris Pattinson
1659,Nigel Harbach
1660,Stephen Rea
1661,Tim Pigott-Smith
1662,Natasha Wightman
1663,Rupert Graves
1664,Roger Allam
1665,Ben Miles
1666,John Standing
1667,Imogen Poots
1668,Clive Ashborn
1669,Emma Field-Rayner
1670,Ian Burfield
1671,Mark Phoenix
1672,Alister Mazzotti
1673,Billie Cook
1674,Guy Henry
1675,Cosima Shaw
1676,Megan Gay
1677,Roderic Culver
1678,Andy Rashleigh
1679,Chad Stahelski
1680,Antje Rau
1681,Amelda Brown
1682,Richard Campbell
1683,Mark Longhurst
1684,Charles Cork
1685,John Ringham
1686,Oliver Bradshaw
1687,Juliet Howland
1688,Joseph Rye
1689,Malcolm Sinclair
1690,Madeleine Rakic-Platt
1691,Selina Giles
1692,Carsten Hayes
1693,Derek Hutchinson
1694,Martin Savage
1695,Greg Donaldson
1696,Jason Griffiths
1697,Laura Greenwood
1698,Paul Antony-Barber
1699,Anna Farnworth
1700,Mary Stockley
1701,Simon Newby
1702,David Merheb
1703,Dulcie Smart
1704,Ben Posener
1705,Ian T. Dickinson
1706,Julie Brown
1707,Eamon Geoghegan
1708,Matthew Bates
1709,David Leitch
1710,Matt Wilkinson
1711,Martin McGlade
1712,Richard Laing
1713,Michael Simkins
1714,William Tapley
1715,Lee Asquith-Coe
1716,Christopher Fosh
1717,Keith How
1718,Norman Campbell Rees
1719,Andy Callaghan
1720,Forbes KB
1721,João Costa Menezes
1722,Chris Wilson
1723,Nicolas de Pruyssenaere
1724,David Decio
1725,Rami Hilmi
1726,Mathis Landwehr
1727,Jason Oettle
1728,Wolfgang Stegemann
1729,Terence Stamp
1730,Bill Hunter
1731,Sarah Chadwick
1732,June Marie Bennett
1733,Liam Hemsworth
1734,Caroline Goodall
1735,Judy Davis
1736,Hayley Magnus
1737,Sarah Snook
1738,Kerry Fox
1739,Shane Jacobson
1740,Rebecca Gibney
1741,James Mackay
1742,Gyton Grantley
1743,Barry Otto
1744,Sacha Horler
1745,Roy Barker
1746,Andrew Garfield
1747,Sam Worthington
1748,Luke Bracey
1749,Teresa Palmer
1750,Rachel Griffiths
1751,Ryan Corr
1752,Richard Roxburgh
1753,Luke Pegler
1754,Richard Pyros
1755,Ben Mingay
1756,Firass Dirani
1757,Goran D. Kleut
1758,Jacob Warner
1759,Harry Greenwood
1760,Damien Thomlinson
1761,Robert Morgan
1762,Nathaniel Buzolic
1763,Ori Pfeffer
1764,Milo Gibson
1765,John Batziolas
1766,John Cannon
1767,Mikael Koski
1768,Charles Jacobs
1769,Matthew Nable
1770,Ben O'Toole
1771,Helmut Bakaitis
1772,Steve Bastoni
1773,Monica Bellucci
1774,Daniel Bernhardt
1775,Valerie Berry
1776,Ian Bliss
1777,Liliana Bogatko
1778,Michael Budd
1779,Stoney Burke
1780,Kelly Butler
1781,Josephine Byrnes
1782,Noris Campos
1783,Collin Chou
1784,Paul Cotter
1785,Marlene Cummins
1786,Attila Davidhazy
1787,Essie Davis
1788,Terrell Dixon
1789,Nash Edgerton
1790,David Franklin
1791,Austin Galuppo
1792,Nona Gaye
1793,Daryl Heath
1794,Roy Jones Jr.
1795,Malcolm Kennard
1796,David Kilde
1797,Randall Duk Kim
1798,Peter Lamb
1799,Nathaniel Lees
1800,Harry Lennix
1801,Tony Lynch
1802,Robert Mammone
1803,Joshua Mbakwe
1804,Matt McColm
1805,Chris Mitchell
1806,Steve Morris
1807,Tory Mussett
1808,Rene Naufahu
1809,Robyn Nevin
1810,David No
1811,Harold Perrineau
1812,Montaño Rain
1813,Adrian Rayment
1814,Neil Rayment
1815,Rupert Reid
1816,Lambert Wilson
1817,Cornel West
1818,David Roberts
1819,Shane C. Rodrigo
1820,Nick Scoggin
1821,Kevin Scott
1822,Tahei Simpson
1823,Frankie Stevens
1824,Nicandro Thomas
1825,Gina Torres
1826,Andrew Valli
1827,Steve Vella
1828,John Walton
1829,Clayton Watson
1830,Leigh Whannell
1831,Bernard White
1832,Anthony Zerbe
1833,Scott McLean
1834,Anthony Brandon Wong
1835,Jay Baruchel
1836,Gerard Butler
1837,Jonah Hill
1838,Djimon Hounsou
1839,Kit Harington
1840,Christopher Mintz-Plasse
1841,T.J. Miller
1842,America Ferrera
1843,Craig Ferguson
1844,Kieron Elliott
1845,Philip McGrade
1846,Andrew Ableson
1847,Gideon Emery
1848,Simon Kassianides
1849,Randy Thom
1850,Sebastian Koch
1851,Thomas Kretschmann
1852,Connie Nielsen
1853,Gustaf Skarsgård
1854,Josh Radnor
1855,Tilda Swinton
1856,Julia Ormond
1857,Elle Fanning
1858,Madisen Beaty
1859,Elias Koteas
1860,Taraji P. Henson
1861,Josh Stewart
1862,Faune A. Chambers
1863,Donna DuPlantier
1864,Jacob Tolano
1865,Ed Metzger
1866,David Jensen
1867,Joeanna Sayler
1868,Rus Blackwell
1869,Mahershala Ali
1870,Adrian Armas
1871,Phyllis Somerville
1872,Fiona Hale
1873,Marion Zinser
1874,Edith Ivey
1875,Patrick Thomas O'Brien
1876,Ted Manson
1877,Clay Cullen
1878,Paula Gray
1879,Earl Maddox
1880,Bianca Chiminello
1881,Emma Degerstedt
1882,Megan Brown
1883,Clay Chamberlin
1884,Jared Harris
1885,Nick Frost
1886,Jim Broadbent
1887,Paddy Considine
1888,Rafe Spall
1889,Olivia Colman
1890,Lucy Punch
1891,Rory McCann
1892,David Threlfall
1893,Billie Whitelaw
1894,Anne Reid
1895,Bill Bailey
1896,Karl Johnson
1897,David Bradley
1898,Stephen Merchant
1899,Peter Wight
1900,Julia Deakin
1901,Lorraine Hilton
1902,Robert Popper
1903,Joe Cornish
1904,Chris Waitt
1905,Trevor Nichols
1906,Elizabeth Elvin
1907,Patricia Franklin
1908,Kenneth Cranham
1909,Tim Barlow
1910,Ben McKay
1911,Ron Cook
1912,Colin Michael Carmichael
1913,Maria Charles
1914,Steve Coogan
1915,Garth Jennings
1916,Edgar Wright
1917,Eric Mason
1918,Priyanka Chopra
1919,Selena Gomez
1920,Anne Hathaway
1921,Meryl Streep
1922,Kerry Washington
1923,Rooney Mara
1924,Kyle Chandler
1925,Sarah Paulson
1926,Jake Lacy
1927,John Magaro
1928,Cory Michael Smith
1929,Carrie Brownstein
1930,Kevin Crowley
1931,Nik Pajic
1932,Trent Rowland
1933,Sadie Heim
1934,Kk Heim
1935,Amy Warner
1936,Michael Haney
1937,Wendy Lardin
1938,Pamela Evans Haynes
1939,Greg Violand
1940,Michael Ward
1941,Kay Geiger
1942,Christine Dye
1943,Deb G. Girdler
1944,Douglas Scott Sorenson
1945,Ken Strunk
1946,Mike Dennis
1947,Ann Reskin
1948,Annie Kalahurka
1949,Linnea Bond
1950,Steven Andrews
1951,Tanya Smith
1952,Ryan Wesley Gilreath
1953,Chuck Gillespie
1954,Jeremy Parker
1955,Giedre Bond
1956,Liberty Fraysure
1957,Robert J. Ashe
1958,Anita Farmer Bergman
1959,Colin Botts
1960,James Brown
1961,Chelsea Carnder
1962,Gary Chinn
1963,William Cross
1964,Richard Doone
1965,Taylor Frey
1966,Bill Murray
1967,Anjelica Huston
1968,Willem Dafoe
1969,Owen Wilson
1970,Jeff Goldblum
1971,Noah Taylor
1972,Bud Cort
1973,Seu Jorge
1974,Matthew Gray Gubler
1975,Antonio Monda
1976,Isabella Blow
1977,Seymour Cassel
1978,Robyn Cohen
1979,Waris Ahluwalia
1980,Sigourney Weaver
1981,Tom Skerritt
1982,Veronica Cartwright
1983,Harry Dean Stanton
1984,Yaphet Kotto
1985,Bolaji Badejo
1986,Helen Horton
1987,Eddie Powell
1988,Kenneth Branagh
1989,Derek Jacobi
1990,Brian Blessed
1991,James Larkin
1992,Paul Scofield
1993,Emma Thompson
1994,Simon Shepherd
1995,James Simmons
1996,Charles Kay
1997,Alec McCowen
1998,Fabian Cartwright
1999,Stephen Simms
2000,Jay Villiers
2001,Danny Webb
2002,Michael Williams
2003,Jimmy Yuill
2004,Paul Gregory
2005,Edward Jewesbury
2006,John Sessions
2007,Shaun Prendergast
2008,Richard Briers
2009,Robbie Coltrane
2010,Geraldine McEwan
2011,Michael Maloney
2012,Richard Clifford
2013,David Parfitt
2014,Christopher Ravenscroft
2015,Katherine Helmond
2016,Bob Hoskins
2017,Michael Palin
2018,Ian Richardson
2019,Terry Gilliam
2020,Peter Vaughan
2021,Kim Greist
2022,Derrick O'Connor
2023,Roger Ashton-Griffiths
2024,John Pierce Jones
2025,Barbara Hicks
2026,Charles McKeown
2027,Kathryn Pogson
2028,Bryan Pringle
2029,Patton Oswalt
2030,Lou Romano
2031,Brian Dennehy
2032,Peter Sohn
2033,Brad Garrett
2034,Janeane Garofalo
2035,Will Arnett
2036,Julius Callahan
2037,James Remar
2038,John Ratzenberger
2039,Teddy Newton
2040,Tony Fucile
2041,Jake Steinfeld
2042,Brad Bird
2043,Stéphane Roux
2044,Andrea Boerries
2045,Marco Boerries
2046,Lindsey Collins
2047,Thomas Keller
2048,Brad Lewis
2049,Lori Richardson
2050,Zach Braff
2051,Peter Sarsgaard
2052,Kenneth Graymez
2053,Jean Smart
2054,Armando Riesco
2055,Jackie Hoffman
2056,Method Man
2057,Alex Burns
2058,Ron Leibman
2059,Jim Parsons
2060,Michael Weston
2061,Ato Essandoh
2062,Denis O'Hare
2063,Trisha LaFache
2064,Geoffrey Arend
2065,George C. Wolfe
2066,Austin Lysy
2067,Gary Gilbert
2068,Gary Oldman
2069,Milla Jovovich
2070,Chris Tucker
2071,Luke Perry
2072,Brion James
2073,Lee Evans
2074,Charlie Creed-Miles
2075,Tricky
2076,John Neville
2077,John Bluthal
2078,Mathieu Kassovitz
2079,Christopher Fairbank
2080,Kim Chan
2081,Julie T. Wallace
2082,Al Matthews
2083,Maïwenn
2084,Mac McDonald
2085,Indra Ové
2086,Genevieve Maylam
2087,Jason Salkey
2088,Chris Eigeman
2089,Stephanie March
2090,Peter Vack
2091,Griffin Newman
2092,Josh Caras
2093,Matt Stadelmann
2094,Nicolas Cage
2095,Bridget Moynahan
2096,Jared Leto
2097,Ethan Hawke
2098,Eamonn Walker
2099,Sammi Rotibi
2100,Yevgeni Lazarev
2101,Tanit Phoenix
2102,Shake Tukhmanyan
2103,Jean-Pierre Nshanian
2104,Jared Burke
2105,Eric Uys
2106,David Shumbris
2107,Stewart Morgan
2108,Jasper Lenz
2109,Stephen Gregory
2110,Kobus Marx
2111,Stephan De Abreu
2112,Jeremy Crutchley
2113,Alan Bates
2114,Dirk Bogarde
2115,Georgia Brown
2116,David Warner
2117,Hugh Griffith
2118,Elizabeth Hartman
2119,Murray Melvin
2120,Carol White
2121,Michael Sheen
2122,Rhona Mitra
2123,Shane Brolly
2124,Steven Mackintosh
2125,Kevin Grevioux
2126,Geraldine Brophy
2127,Leighton Cardno
2128,Alexander Carroll
2129,Elizabeth Hawthorne
2130,Jason Hood
2131,Mark Mitchinson
2132,Timothy Raby
2133,Tania Nolan
2134,Kate Beckinsale
2135,Jared Turner
2136,Jaime Passier-Armstrong
2137,Quinton Hita
2138,Chris Pine
2139,Zachary Quinto
2140,Leonard Nimoy
2141,Bruce Greenwood
2142,John Cho
2143,Anton Yelchin
2144,Ben Cross
2145,Winona Ryder
2146,Chris Hemsworth
2147,Jennifer Morrison
2148,Rachel Nichols
2149,Faran Tahir
2150,|Clifton Collins, Jr.|
2151,Scottie Thompson
2152,Paul McGillion
2153,Lucia Rijker
2154,Jimmy Bennett
2155,Greg Grunberg
2156,Lisa Vidal
2157,Jacob Kogan
2158,Tyler Perry
2159,Amanda Foreman
2160,Diora Baird
2161,Sufe Bradshaw
2162,Tony Elias
2163,Sean Gerace
2164,Randy Pausch
2165,Tim Griffin
2166,Freda Foh Shen
2167,Kasia Kowalczyk
2168,Jason Brooks
2169,Sonita Henry
2170,Kelvin Yu
2171,Marta Martin
2172,Tavarus Conley
2173,Jeff Castle
2174,Billy Brown
2175,Spencer Daniels
2176,Jeremy Fitzgerald
2177,Zoe Chernov
2178,Max Chernov
2179,Lorenzo James Henrie
2180,Colby Paul
2181,Cody Klop
2182,Akiva Goldsman
2183,Anna Katarina
2184,Douglas Tait
2185,Tony Guma
2186,Gerald W. Abrams
2187,James McGrath
2188,Jason Matthew Smith
2189,Marcus Young
2190,Bob Clendenin
2191,Darlene Tejeiro
2192,Jeffrey Byron
2193,Jonathan Dixon
2194,Ben Binswagner
2195,Margot Farley
2196,Alex Nevil
2197,Kimberly Arland
2198,Jeff Chase
2199,Charles Haugk
2200,Nana Hill
2201,Michael Saglimbeni
2202,John Blackman
2203,Jack Millard
2204,Shaela Luter
2205,Sabrina Morris
2206,Michelle Parylak
2207,Oz Perkins
2208,Matthew Beisner
2209,Neville Page
2210,Jesper Inglis
2211,Marlene Forte
2212,Leonard O. Turner
2213,Mark Bramhall
2214,Ronald F. Hoiseck
2215,Irene Roseen
2216,Majel Barrett
2217,Rico E. Anderson
2218,Richard Arnold
2219,Tad Atkinson
2220,Leslie Augustine
2221,Johnny Baca
2222,Leo Baligaya
2223,Corey Becker
2224,Jessica Boss
2225,Neil S. Bulk
2226,James Cawley
2227,Brad Champagne
2228,Zachary Culbertson
2229,Calvin Dean
2230,Christopher Doohan
2231,Claire Doré
2232,Mark Casimir Dyniewicz
2233,Etienne Eckert
2234,Ken Edling
2235,Aliza Finley
2236,Ian Fisher
2237,Mathew Thomas Foss
2238,Massi Furlan
2239,Victor Garber
2240,Tommy Germanovich Jr.
2241,Mary Grace
2242,Wyatt Gray
2243,Joshua Greene
2244,Nancy Guerriero
2245,Justin Rodgers Hall
2246,Jeffery Hauser
2247,Elizabeth Ingalls
2248,Christopher Karl Johnson
2249,Jolene Kay
2250,Sarah Klaren
2251,Makiko Konishi
2252,Bryan Lee
2253,Daniel D. Lee
2254,Anne Leighton
2255,Steve Luna
2256,Aaron Lynch
2257,Justin Malachi
2258,Nav Mann
2259,Paul Marshall
2260,Owen Martin
2261,Taylor McCluskey
2262,Matthew McGregor
2263,Caitlin McKenna-Wilkinson
2264,Patrizia Milano
2265,Kevin Moser
2266,Jonathan W.D. Newkerk
2267,Westley Nguyen
2268,Jim Nieb
2269,Andres Perez-Molina
2270,Mark Phelan
2271,Damion Poitier
2272,Rahvaunia
2273,Bertrand Roberson Jr.
2274,Deborah Rombaut
2275,Leonard Jonathan Ruebe
2276,Ramona Seymour
2277,Katie Soo
2278,Ronnie Steadman
2279,Joseph Stephens Jr.
2280,Joseph Steven
2281,T.J. Storm
2282,Paul Townsend
2283,Scott Trimble
2284,Errik Tustenuggee
2285,Ravi Valleti
2286,Jason Vaughn
2287,A.J. Verel
2288,Brian Waller
2289,Steve Wharton
2290,Wil Wheaton
2291,Brianna Womick
2292,Lynnanne Zager
2293,Pavel Lychnikoff
2294,Erik Thomson
2295,Miriama Smith
2296,Cameron Ramsay-Gibbons
2297,William Wallace
2298,John Clarke
2299,Michael Hurst
2300,Jason Hoyte
2301,John Leigh
2302,Stephen Papps
2303,Geoff Clendon
2304,Peter Elliott
2305,Greg Johnson
2306,Maisy McLeod-Riera
2307,David Harbour
2308,Haley Bennett
2309,Bill Pullman
2310,Melissa Leo
2311,Johnny Skourtis
2312,Alex Veadov
2313,Vladimir Kulich
2314,E. Roger Mitchell
2315,James Wilcox
2316,Mike O'Dea
2317,Anastasia Sanidopoulos Mousis
2318,Andrew Farazi
2319,Allen Maldonado
2320,Matt Lasky
2321,Vitaliy Shtabnoy
2322,Timothy John Smith
2323,Robert Wahlberg
2324,Rhet Kidd
2325,Mike Morrell
2326,Shawn Fitzgibbon
2327,Owen Burke
2328,Luz Mery Sanchez
2329,John Romualdi
2330,Johnny Messner
2331,Patrick Coppola
2332,William Xifaras
2333,Jenny Johnson
2334,Peter Haydu
2335,Tait Fletcher
2336,Mark Stefanich
2337,Dan Bilzerian
2338,Matt Leonard
2339,Yan Dron
2340,Franka Potente
2341,Julia Stiles
2342,Gabriel Mann
2343,Joan Allen
2344,Tom Gallop
2345,John Bedford Lloyd
2346,Ethan Sandler
2347,Karel Roden
2348,Tomas Arana
2349,Oksana Akinshina
2350,Maxim Kovalevski
2351,Jon Collin Barclay
2352,Rade Serbedzija
2353,Aleksandra Vujcic
2354,Charlotte Gainsbourg
2355,Morgana Davies
2356,Christian Byers
2357,Tom Russell
2358,Gabriel Gotting
2359,Aden Young
2360,Penne Hackforth-Jones
2361,Gillian Jones
2362,Murray Shoring
2363,Helen Mirren
2364,Tim Roth
2365,Richard Bohringer
2366,Ciarán Hinds
2367,Gary Olsen
2368,Ewan Stewart
2369,Liz Smith
2370,Emer Gillespie
2371,Janet Henfrey
2372,Roger Lloyd-Pack
2373,Alex Kingston
2374,Rob Lowe
2375,Ally Sheedy
2376,Amanda Pays
2377,Julian Sands
2378,Julian Firth
2379,Gail Strickland
2380,Cary Elwes
2381,Bruce Payne
2382,Anthony Calf
2383,Pip Torrens
2384,Peter Jason
2385,Bruce Lyons
2386,Chris Haywood
2387,Hamish McFarlane
2388,Marshall Napier
2389,Paul Livingston
2390,Mark Wheatley
2391,Tony Herbert
2392,Jessica Cardiff-Smith
2393,Roy Wesney
2394,Kathleen-Elizabeth Kelly
2395,Cliff Curtis
2396,Christopher Hobbs
2397,Kelly Johnson
2398,Ian Mune
2399,Kevin J. Wilson
2400,Alison Bruce
2401,Raybon Kan
2402,Linda Ellerbee
2403,Newt Gingrich
2404,Joan Breton Connelly
2405,Camille Paglia
2406,Joseph Campbell
2407,John C. Lyden
2408,Steven Galipeau
2409,Joss Whedon
2410,Carl A. Rubino
2411,Elvis Mitchell
2412,Kevin Smith
2413,Kevin J. Wetmore Jr.
2414,Dan Rather
2415,Edward L. Hudgins
2416,Carl Silvio
2417,Leon Wieseltier
2418,Saddam Hussein
2419,Nancy Pelosi
2420,George W. Bush
2421,Adolf Hitler
2422,Jonathan Young
2423,Mary Henderson
2424,Tom Brokaw
2425,Robert Clotworthy
2426,Robert Zemeckis
2427,Jim Fyfe
2428,Trini Alvarado
2429,Chi McBride
2430,John Astin
2431,Richard Taylor
2432,Jon Labrie
2433,Matt Aitken
2434,Wes Takahashi
2435,Wayne Stables
2436,Gray Horsfield
2437,Jake Busey
2438,Billy Jackson
2439,Christian Rivers
2440,Kyle Balda
2441,Jeffrey Combs
2442,Dee Wallace
2443,Stephen Regelous
2444,Charlie McClellan
2445,Jason Baldwin
2446,Julie Ann Doan
2447,Damien Wayne Echols
2448,Pam Hobbs
2449,Jessie Misskelley
2450,Lorri Davis
2451,Eddie Vedder
2452,Tim Balme
2453,Diana Peñalver
2454,Elizabeth Moody
2455,Ian Watkin
2456,Brenda Kendall
2457,Murray Keane
2458,Glenis Levestam
2459,Lewis Rowe
2460,Stuart Devenie
2461,Elizabeth Mulfaxe
2462,Harry Sinclair
2463,Angela Robinson
2464,Davina Whitehouse
2465,Donald Pleasence
2466,David Birney
2467,Barbara Hershey
2468,Margaret Leighton
2469,Brian Glover
2470,John Hallam
2471,John Savident
2472,Neil Fitzmaurice
2473,Stan Boardman
2474,Peter Kay
2475,Dominic Carter
2476,Nicholas Lamont
2477,Nicholas Moss
2478,Vinnie Adams
2479,Tony Audenshaw
2480,Sean McKee
2481,Del Henney
2482,Leonardo DiCaprio
2483,Frances Fisher
2484,Kathy Bates
2485,Gloria Stuart
2486,Bill Paxton
2487,Jonathan Hyde
2488,Suzy Amis
2489,Lewis Abernathy
2490,Nicholas Cascone
2491,Jason Barry
2492,Lew Palter
2493,Eric Braeden
2494,Bernard Fox
2495,Ioan Gruffudd
2496,Jonathan Phillips
2497,Edward Fletcher
2498,Scott G. Anderson
2499,Martin East
2500,Gregory Cooke
2501,Alexandrea Owens
2502,Seth Adkins
2503,Michael Ensign
2504,Anatoly M. Sagalevitch
2505,Martin Hub
2506,Rohini Hattangadi
2507,Candice Bergen
2508,Roshan Seth
2509,Om Puri
2510,Saeed Jaffrey
2511,Alyque Padamsee
2512,Martin Sheen
2513,Amrish Puri
2514,Ian Charleson
2515,Edward Fox
2516,Geraldine James
2517,Daniel Day-Lewis
2518,John Gielgud
2519,Athol Fugard
2520,Dalip Tahil
2521,Günther Maria Halmer
2522,Shreeram Lagoo
2523,Terrence Hardiman
2524,Ian Bannen
2525,Michael Bryant
2526,John Clements
2527,Nigel Hawthorne
2528,Bernard Hepton
2529,Richard Vernon
2530,Harsh Nayyar
2531,Vijay Kashyap
2532,Supriya Pathak
2533,Neena Gupta
2534,Shane Rimmer
2535,Peter Harlowe
2536,Anang Desai
2537,Winston Ntshona
2538,Peter Cartwright
2539,Marius Weyers
2540,Richard Mayes
2541,Alok Nath
2542,Ken Hutchison
2543,Norman Chancer
2544,Charu Bala Chokshi
2545,Ray Burdis
2546,Daniel Peacock
2547,Avis Bunnage
2548,Mohan Agashe
2549,Michael Godley
2550,Christopher Good
2551,David Markham
2552,Moti Makan
2553,Jalal Agha
2554,Rupert Frazer
2555,K.K. Raina
2556,Dominic Guard
2557,Nana Palsikar
2558,John Quentin
2559,Graham Seed
2560,Keith Drinkel
2561,Gerald Sim
2562,Colin Farrell
2563,Sanjeev Puri
2564,James Cossins
2565,Geoffrey Chater
2566,Habib Tanvir
2567,Barry John
2568,Brian Oulton
2569,James Snell
2570,John Boxer
2571,Bernard Horsfall
2572,Richard Leech
2573,Pankaj Kapur
2574,David Sibley
2575,Stanley Lebor
2576,Jon Croft
2577,William Hoyland
2578,Jack McKenzie
2579,Vinay Apte
2580,Suhas Palshikar
2581,Shekhar Chatterjee
2582,Amarjeet
2583,Sunil Shende
2584,Sudhir Dalvi
2585,David Gant
2586,Ernest Clark 
2587,Patrick Bergin
2588,Iain Glen
2589,Fiona Shaw
2590,Leslie Phillips
2591,Tucker Albrizzi
2592,Jodelle Ferland
2593,Anna Kendrick
2594,Casey Affleck
2595,Leslie Mann
2596,Jeff Garlin
2597,John Goodman
2598,Elaine Stritch
2599,Alex Borstein
2600,Tempestt Bledsoe
2601,Jeremy Shada
2602,Scott Menville
2603,Hannah Noyes
2604,Ariel Winter
2605,Alicia Lagano
2606,Denise Faye
2607,Lara Cody
2608,Tom Cruise
2609,Carice van Houten
2610,Eddie Izzard
2611,David Bamber
2612,Christian Berkel
2613,Jamie Parker
2614,Ian McNeice
2615,Chris Larkin
2616,Matthew Burton
2617,Gerhard Haase-Hindenberg
2618,Matthias Freihof
2619,Halina Reijn
2620,Manfred-Anton Algrang
2621,Werner Daehn
2622,Matthias Schweighöfer
2623,Andy Gätjen
2624,Christopher Karl Hemeyer
2625,Philipp von Schulthess
2626,Karl Alexander Seidel
2627,Justus Kammerer
2628,Frank Christian Marx
2629,Florian Panzner
2630,Tim Williams
2631,Tony Blackett
2632,Georgie Parker
2633,Michael Caton
2634,Allen Leong
2635,Emily Barclay
2636,Colin Moy
2637,Jimmy Keen
2638,Jodie Rimmer
2639,Vicky Haughton
2640,Toby Alexander
2641,Nicholas Hayward
2642,Vanessa Riddell
2643,Adrien Brody
2644,Jim Caviezel
2645,Ben Chaplin
2646,George Clooney
2647,John Cusack
2648,John C. Reilly
2649,John Travolta
2650,Kirk Acevedo
2651,Mark Boone Junior
2652,Paul Gleeson
2653,Don Harvey
2654,John Savage
2655,Tim Blake Nelson
2656,Dash Mihok
2657,Larry Romano
2658,Penelope Allen
2659,Danny Hoch
2660,Glória Pires
2661,Tracy Middendorf
2662,Treat Williams
2663,Marcello Airoldi
2664,Lola Kirke
2665,Luciana Souza
2666,Tânia Costa
2667,Marianna Mac Nieven
2668,Dev Patel
2669,Nicole Kidman
2670,Nawazuddin Siddiqui
2671,Tannishtha Chatterjee
2672,Pallavi Sharda
2673,Benjamin Rigby
2674,Eamon Farren
2675,Menik Gooneratne
2676,Anna Samson
2677,Priyanka Bose
2678,Emilie Cocquerel
2679,Deepti Naval
2680,Divian Ladwa
2681,Tegan Crowley
2682,Arka Das
2683,Sachin Joab
2684,Belinda Misevski
2685,Lucy Moir
2686,Sunny Pawar
2687,Mick Molloy
2688,Deborah Kennedy
2689,Julian O'Donnell
2690,Robyn Butler
2691,Darren Casey
2692,Tamara Searle
2693,Denis Moore
2694,Garry McDonald
2695,Jacek Koman
2696,Matthew Whittet
2697,Kerry Walker
2698,Caroline O'Connor
2699,Christine Anu
2700,Natalie Mendoza
2701,Lara Mulcahy
2702,Kylie Minogue
2703,Ozzy Osbourne
2704,Deobia Oparei
2705,Linal Haft
2706,Keith Robinson
2707,Peter Whitford
2708,Norman Kaye
2709,Arthur Dignam
2710,Carole Skinner
2711,Jonathan Hardy
2712,Plácido Domingo
2713,Kiruna Stamell
2714,Anthony Young
2715,Dee Donavan
2716,Johnny Lockwood
2717,Don Reid
2718,Tara Morice
2719,Daniel Scott
2720,Veronica Beattie
2721,Lisa Callingham
2722,Rosetta Cook
2723,Fleur Denny
2724,Kelly Grauer
2725,Jaclyn Hanson
2726,Michelle Hopper
2727,Fallon King
2728,Wendy McMahon
2729,Tracie Morley
2730,Sue-Ellen Shook
2731,Jenny Wilson
2732,Luke Alleva
2733,Andrew Aroustian
2734,Stephen Colyer
2735,Steve Grace
2736,Mark Hodge
2737,Cameron Mitchell
2738,Deon Nuku
2739,Shaun Parker
2740,Troy Phillips
2741,Rodney Syaranamual
2742,Ashley Wallen
2743,Nathan Wright
2744,Susan Black
2745,Nicole Brooks
2746,Danielle Brown
2747,Anastacia Flewin
2748,Fiona Gage
2749,Alex Harrington
2750,Camilla Jakimowicz
2751,Rochelle Jones
2752,Caroline Kaspar
2753,Mandy Liddell
2754,Melanie Mackay
2755,Elise Mann
2756,Charmaine Martin
2757,Michelle Wriggles
2758,Michael Boyd
2759,Lorry D'Ercole
2760,Michael Edge
2761,Glyn Gray
2762,Craig Haines
2763,Stephen Holford
2764,Jamie Jewell
2765,Jason King
2766,Ryan Males
2767,Harlin Martin
2768,Andrew Micallef
2769,Jonathan Schmölzer
2770,Bradley Spargo
2771,Joseph 'Pepe' Ashton
2772,Jordan Ashton
2773,Marcos Falagan
2774,Mitchel Falagan
2775,Chris Mayhew
2776,Hamish McCann
2777,Adrien Janssen
2778,Shaun Holloway
2779,Darren Dowlut
2780,Dennis Dowlut
2781,Pina Conti
2782,Nandy McClean
2783,Maya McClean
2784,Patrick Harding-Irmer
2785,Albin Pahernik
2786,Aurel Verne
2787,Kip Gamblin
2788,Lena Headey
2789,Dominic West
2790,Tom Wisdom
2791,Andrew Tiernan
2792,Andrew Pleavin
2793,Rodrigo Santoro
2794,Giovani Cimmino
2795,Tyler Neitzel
2796,Stephen McHattie
2797,Eli Snyder
2798,Tim Connolly
2799,Marie-Julie Rivest
2800,Peter Mensah
2801,Michael Sinelnikoff
2802,Kelly Craig
2803,Greg Kramer
2804,Tom Rack
2805,David Francis
2806,James Bradford
2807,Sebastian St. Germain
2808,John Dunn-Hill
2809,Dennis St John
2810,Maurizio Terrazzano
2811,Kwasi Songui
2812,Alexandra Beaton
2813,Frédéric Smith
2814,Loucas Minchillo
2815,Nicholas Minchillo
2816,Andrew Shaver
2817,Marcel Jeannin
2818,Robin Wilcock
2819,Robert Paradis
2820,Jere Gillis
2821,Jeremy Thibodeau
2822,Tyrone Benskin
2823,Robert Maillet
2824,Patrick Sabongui
2825,David Schaap
2826,Leon Laderach
2827,Dave Lapommeray
2828,Vervi Mauricio
2829,Charles Papasoff
2830,Isabelle Champeau
2831,Veronique-Natale Szalankiewicz
2832,Maéva Nadon
2833,David Thibodeau
2834,Jean Michel Paré
2835,Stewart Myiow
2836,Andreanne Ross
2837,Sara Giacalone
2838,Ariadne Bourbonnière
2839,Isabelle Fournel
2840,Sandrine Merette-Attiow
2841,Danielle Hubbard
2842,Elisabeth Etienne
2843,Ruan Vibegaard
2844,Genevieve Guilbault
2845,Bonnie Mak
2846,Amélie Sorel
2847,Caroline Aspirot
2848,Gina Gagnon
2849,Tania Trudell
2850,Stéphanie Aubry
2851,Mercedes Leggett
2852,Stephania Gambaroff
2853,Chanelle Lamothe
2854,Sabrina-Jasmine Guilbault
2855,Manny Cortez Tuazon
2856,Atif Y. Siddiqi
2857,Camille Rizkallah
2858,Trudi Hanley
2859,Neon Cobran
2860,Gary A. Hecker
2861,Devin Delorme
2862,Deke Richards
2863,Darren Shahlavi
2864,Marc Trottier
2865,Duy Vo Van
2866,Agnieshka Wnorowska
2867,Peter Weller
2868,Alice Eve
2869,Noel Clarke
2870,Nazneen Contractor
2871,Aisha Hinds
2872,Joseph Gatt
2873,Sean Blakemore
2874,Nick E. Tarabay
2875,Beau Billingslea
2876,Jack Laufer
2877,Katie Cockrell
2878,Kellie Cockrell
2879,Jeremy Raymond
2880,Jay Scully
2881,Anjini Taneja Azhar
2882,Seth Ayott
2883,Marco Sanchez
2884,Lee Reherman
2885,Scott Lawrence
2886,Usman Ally
2887,Nolan North
2888,James Hiroyuki Liao
2889,Rob Moran
2890,Gianna Simone
2891,Rene Rosado
2892,Berit Francis
2893,Benjamin P. Binswanger
2894,Andy Demetrio
2895,Jacquelynn King
2896,Long Tran
2897,Ningning Deng
2898,Jodi Johnston
2899,Colleen Harris
2900,Ser'Darius Blain
2901,Heather Langenkamp
2902,Melissa Paulo
2903,Cynthia Addai-Robinson
2904,Monisola Akiwowo
2905,Paul K. Daniel
2906,Drew Grey
2907,David C. Waite
2908,Douglas Weng
2909,Charlie Haugk
2910,Marc Primiani
2911,Jacob Rhodes
2912,Kentucky Rhodes
2913,Anthony Wilson
2914,Eric Greitens
2915,Melissa Steinman
2916,Adam McCann
2917,Jon Orvasky
2918,Brian T. Delaney
2919,Arlen Escarpeta
2920,Joe Moses
2921,Kevin Michael Richardson
2922,David Sobolov
2923,Fred Tatasciore
2924,Kiff VandenHeuvel
2925,Audrey Wasilewski
2926,Bill Hader
2927,Tom Archdeacon
2928,Jon Lee Brody
2929,Britanni Johnson
2930,Hiram A. Murray
2931,Chris Gardner
2932,Julianne Buescher
2933,Joe Hanna
2934,David Acord
2935,Ellie Newlands
2936,Candice Renee
2937,Emily Towers
2938,Gina Hirsch
2939,Vin Diesel
2940,Aaron Paul
2941,Aasif Mandvi
2942,Adam Lambert
2943,Adam Levine
2944,James Valentine
2945,Tom Hamilton
2946,Mikel Jollet
2947,Alana de la Garza
2948,Alanis Morissette
2949,Alison Brie
2950,Tyson Ritter
2951,Nick Wheeler
2952,Danny Pudi
2953,Matthew Helders
2954,Alex Turner
2955,Amanda Palmer
2956,Angélique Kidjo
2957,Anna Gunn
2958,Atom Egoyan
2959,Aubrey Plaza
2960,Robbie Robertson
2961,Barry Pepper
2962,Baz Luhrmann
2963,Ben E. King
2964,Ben Lee
2965,Beth Orton
2966,Bo Diddley
2967,Brad Furman
2968,Bradley Cooper
2969,Ed Helms
2970,Zach Galifianakis
2971,Bridgit Mendler
2972,Buck 65
2973,Josh Todd
2974,Caitlin Gerard
2975,Carly Rae Jepsen
2976,Carrie Underwood
2977,Casey Wilson
2978,Charli XCX
2979,Chloe Bennet
2980,Chris Jericho
2981,Nimród Antal
2982,Kelly Asbury
2983,Ian Astbury
2984,Jeff Baena
2985,Jason Bateman
2986,Ashleigh Ball
2987,Paul Bettany
2988,Justin Bieber
2989,Danny Boyle
2990,Stephen Bishop
2991,Pierre Bouvier 
2992,Dylan Bruce
2993,LeVar Burton
2994,David Byrne
2995,Steve Byrne
2996,Tia Carrere
2997,Kelen Coleman
2998,Margaret Cho
2999,Tommy Chong
3000,Jimmy Cliff
3001,Reno Collier
3002,Rodrigo Cortés
3003,Kyle Davis
3004,Vincent D'Onofrio
3005,Gord Downie
3006,Gavin DeGraw
3007,Guillermo del Toro
3008,Jay DeMarcus
3009,David Dobkin
3010,Fefe Dobson
3011,Micky Dolenz
3012,Luke Doucet
3013,Alan Doyle
3014,David Draiman
3015,Adam Duritz
3016,Matt Dusk
3017,Jakob Dylan
3018,Alex Ebert
3019,Susan Downey
3020,Kathleen Edwards
3021,Vera Farmiga
3022,Tina Fey
3023,Aaron Eckhart
3024,Brandon Flowers
3025,J.D. Fortune
3026,James Franco
3027,Morgan Freeman
3028,Lady Gaga
3029,Gina Gershon
3030,Gordon Gano
3031,Jordan Gavaris
3032,Matthew Goode
3033,Joseph Gordon-Levitt
3034,Eva Green
3035,Ellie Goulding
3036,Skylar Grey
3037,David Alan Grier
3038,Kevin Greutert
3039,Emm Gryner
3040,Emily Haines
3041,Tony Hale
3042,Isaac Hanson
3043,Taylor Hanson
3044,Zac Hanson
3045,Kirk Hammett
3046,Justin Hawkins
3047,Sarah Harmer
3048,Kevin Hart
3049,Simon Helberg
3050,Scott Haze
3051,Jacob Hoggard
3052,Jon Huertas
3053,Joshua Jackson
3054,Ken Jeong
3055,Joe Jonas
3056,Kevin Jonas
3057,Nick Jonas
3058,Dwayne Johnson
3059,Rian Johnson
3060,Tony Kanal
3061,Jamie Kennedy
3062,Jordan Knight
3063,Zachary Knighton
3064,Robby Krieger
3065,Chad Kroeger
3066,Kendrick Lamar
3067,Lisa Lampanelli
3068,Allen Leech
3069,LL Cool J
3070,Justin Long
3071,Jenny Lewis
3072,Shawn Levy
3073,Richard J. Lewis
3074,John Lydon
3075,Shaun Majumder
3076,Riki Lindhome
3077,Ziggy Marley
3078,Martie Maguire
3079,Raine Maida
3080,Jay Malinowski
3081,Shirley Manson
3082,Dan Mangan
3083,Jack McBrayer
3084,Tracy Morgan
3085,Michael McGowan
3086,Tim McGraw
3087,Patrick Monahan
3088,Sarah McLachlan
3089,Jason Mraz
3090,Callan Mulvey
3091,Kate Nash
3092,David Morrissey
3093,Cillian Murphy
3094,Kevin Nealon
3095,Vince Neil
3096,Jack O'Connell
3097,Haley Joel Osment
3098,Robert Patrick
3099,Candice Patton
3100,Rita Ora
3101,Oscar Nunez
3102,Owen Pallett
3103,Ryan Peake
3104,Mark Pellegrino
3105,Fred Penner
3106,Russell Peters
3107,Wally Pfister
3108,Katy Perry
3109,Todd Phillips
3110,Joel Plaskett
3111,Monica Potter
3112,Grace Potter
3113,Jason Priestley
3114,Norman Reedus
3115,Psy
3116,Efren Ramirez
3117,Jon Reep
3118,Josh Ritter
3119,Génesis Rodríguez
3120,Joe Don Rooney
3121,Stephen Root
3122,Darius Rucker
3123,Nate Ruess
3124,Johnny Rzeznik
3125,Matt Schichter
3126,Ron Sexsmith
3127,Serena Ryder
3128,John K. Samson
3129,Ed Sheeran
3130,Dax Shepard
3131,Nikki Sixx
3132,Slash
3133,Kevin Spacey
3134,Sarah Slean
3135,Cobie Smulders
3136,Sam Smith
3137,Courtney Solomon
3138,Rick Springfield
3139,Sylvester Stallone
3140,Gwen Stefani
3141,Steve-O
3142,Jeff Stinco
3143,Jeremy Strong
3144,Jeremy Sumpter
3145,Nicole Sullivan
3146,David Suzuki
3147,Robin Thicke
3148,Pete Townshend
3149,Robert Trujillo
3150,K.T. Tunstall
3151,Lars Ulrich
3152,Gore Verbinski
3153,Chris Walla
3154,Matt Walsh
3155,ZZ Ward
3156,Patrick Watson
3157,Scott Waugh
3158,Sarah Wayne Callies
3159,Scott Weiland
3160,Florence Welch
3161,Titus Welliver
3162,Pete Wentz
3163,Hayley Williams
3164,Hawksley Workman
3165,Rob Zombie
3166,Sheri Moon Zombie
3167,Andy Hurley
3168,Marina & the Diamonds
3169,John Malkovich
3170,Mary-Louise Parker
3171,Richard Dreyfuss
3172,Ernest Borgnine
3173,Julian McMahon
3174,Michelle Nolden
3175,Jonathan Walker
3176,John Stead
3177,Laura DeCarteret
3178,Emily Kuroda
3179,Justine Wachsberger
3180,Heidi von Palleske
3181,Desiree Beausoleil
3182,Chris Owens
3183,Rebecca Pidgeon
3184,Jaqueline Fleming
3185,Randy Wade Kelley
3186,Jason Giuliano
3187,Alec Rayme
3188,Lawrence Turner
3189,Joe Chrest
3190,Tara Yelland
3191,Paul Walker
3192,Cameron Bright
3193,Chazz Palminteri
3194,Ivana Miličević
3195,Alex Neuberger
3196,Michael Cudlitz
3197,Bruce Altman
3198,Elizabeth Mitchell
3199,Arthur J. Nascarella
3200,Idalis DeLeón
3201,David Warshofsky
3202,Matt Bomer
3203,Stana Katic
3204,Molly C. Quinn
3205,Diedrich Bader
3206,Jason Beghe
3207,Frances Conroy
3208,Melissa Disney
3209,Alexander Gould
3210,Sirena Irwin
3211,Will Yun Lee
3212,Andrea Romano
3213,Wade Williams
3214,Michael-Leon Wooley
3215,Ian James Corlett
3216,Matt Whelan
3217,Daniel Musgrove
3218,Elliot Wrightson
3219,Belinda Crawley
3220,James Crompton
3221,Carl Dixon
3222,Jordan Mooney
3223,Daniel Cresswell
3224,Tom Conti
3225,Ryuichi Sakamoto
3226,Takeshi Kitano
3227,Jack Thompson
3228,Johnny Okura
3229,William Atherton
3230,Scott Paulin
3231,Will Hare
3232,Marc McClure
3233,Michelle Joyner
3234,Lisa Eichhorn
3235,Jack Nicholson
3236,Louise Fletcher
3237,Danny DeVito
3238,William Redfield
3239,Scatman Crothers
3240,Will Sampson
3241,Dean R. Brooks
3242,Michael Berryman
3243,Sydney Lassick
3244,William Duell
3245,Vincent Schiavelli
3246,Peter Brocco
3247,Alonzo Brown
3248,Mwako Cumbuka
3249,Josip Elic
3250,Ken Kenny
3251,Nathan George
3252,Ted Markland
3253,Louisa Moritz
3254,Mews Small
3255,Delos V. Smith Jr.
3256,Lan Fendors
3257,Mimi Sarkisian
3258,Mel Lambert
3259,Kay Lee
3260,Dwight Marfield
3261,Tin Welch
3262,Aurore Clément
3263,Audrey Landers
3264,Saul Zaentz
3265,Isabella Rossellini
3266,Kyle MacLachlan
3267,Dennis Hopper
3268,Laura Dern
3269,Hope Lange
3270,Dean Stockwell
3271,George Dickerson
3272,Priscilla Pointer
3273,Frances Bay
3274,Ken Stovitz
3275,Jack Nance
3276,J. Michael Hunter
3277,Selden Smith
3278,Jack Harvey
3279,R. Lee Ermey
3280,Gailard Sartain
3281,Stephen Tobolowsky
3282,Michael Rooker
3283,Badja Djola
3284,Kevin Dunn
3285,Frankie Faison
3286,Tom Mason
3287,Geoffrey Nauffts
3288,Rick Zieff
3289,Tobin Bell
3290,Marc Clement
3291,Stephen Bridgewater
3292,Bob Penny
3293,Park Overall
3294,Dan Desmond
3295,Darius McCrary
3296,Lou Walker
3297,Charles Franzen
3298,Tonea Stewart
3299,Robert F. Colesberry
3300,Frederick Zollo
3301,Ron De Roxtra
3302,Doug Jackson
3303,Gary Moody
3304,Robert Erickson
3305,Mark Jeffrey Miller
3306,Ed Geldart
3307,Mert Hatfield
3308,John P. Fertitta
3309,Daniel Chapman
3310,Rick Washburn
3311,Robert Glaudini
3312,Ken Magee
3313,Paul Henderson
3314,Ralph Pruitt Vaughn
3315,Christopher White
3316,Christian Slater
3317,Kevin Bacon
3318,Embeth Davidtz
3319,William H. Macy
3320,Kyra Sedgwick
3321,Mia Kirshner
3322,Mai Zetterling
3323,Bernard Archard
3324,Michelle Fairley
3325,Maurice Roeves
3326,Jim Norton
3327,John Benfield
3328,Des McAleer
3329,Ian McElhinney
3330,Brian McCann
3331,Patrick Kavanagh
3332,John Keegan
3333,Oliver Maguire
3334,Robert Patterson
3335,Paul Moriarty
3336,Francesca Annis
3337,Leonardo Cimino
3338,José Ferrer
3339,Linda Hunt
3340,Freddie Jones
3341,Richard Jordan
3342,Virginia Madsen
3343,Silvana Mangano
3344,Everett McGill
3345,Kenneth McMillan
3346,Siân Phillips
3347,Jürgen Prochnow
3348,Sting
3349,Max von Sydow
3350,Sean Young
3351,Patricia Arquette
3352,Lauren Graham
3353,Alix Koromzay
3354,Lonny Chapman
3355,Robert LaSardo
3356,Arnold Vosloo
3357,Jillian McWhirter
3358,Lindsay Crouse
3359,Wilford Brimley
3360,William E. Pugh
3361,David Wells
3362,Jan Hoag
3363,Jim Belushi
3364,Dana Delany
3365,Robert Loggia
3366,Angie Dickinson
3367,Ernie Hudson
3368,Bebe Neuwirth
3369,Nick Mancuso
3370,Ben Savage
3371,Bob Gunton
3372,Aaron Michael Metchik
3373,Robert Morse
3374,François Chau
3375,Beata Pozniak Daniels
3376,Charles Hallahan
3377,Milo Cawthorne
3378,Ari Boyland
3379,Cohen Holloway
3380,Adelaide Kane
3381,Fleur Saville
3382,Amanda Reed
3383,Mike Ginn
3384,Sharlto Copley
3385,Jason Cope
3386,Nathalie Boltt
3387,Sylvaine Strike
3388,Elizabeth Mkandawie
3389,John Sumner
3390,William Allen Young
3391,Greg Melvill-Smith
3392,Robert Hobbs
3393,Vanessa Haywood
3394,Kenneth Nkosi
3395,Morena Busa Sesatsa
3396,Themba Nkosi
3397,Mzwandile Nqoba
3398,Barry Strydom
3399,Louis Minnaar
3400,Marian Hooman
3401,Vittorio Leonardi
3402,David Clatworthy
3403,David James
3404,Tim Gordon
3405,Anthony Bishop
3406,Mike Huff
3407,Anthony Fridjhon
3408,Eugene Khumbanyiwa
3409,Melt Sieberhagen
3410,Andre Odendaal
3411,Louise Saint-Claire
3412,Norman Anstey
3413,Nick Boraine
3414,Brandon Auret
3415,Jacques Gombault
3416,Justin Strydom
3417,Simo Mogwaza
3418,Matt Stern
3419,David Dukas
3420,Daniel Hadebe
3421,Bongo Mbutuma
3422,Johnny Selema
3423,Neill Blomkamp
3424,Trevor Coppola
3425,Melanie Lynskey
3426,Simon O'Connor
3427,Diana Kent
3428,Clive Merrison
3429,Gilbert Goldie
3430,Darien Takle
3431,Liz Mullane
3432,Jean Guérin
3433,Ben Fransham
3434,Colin Firth
3435,Timothy Spall
3436,Jennifer Ehle
3437,Freya Wilson
3438,Ramona Marquez
3439,Richard Dixon
3440,Robert Portal
3441,Eve Best
3442,Paul Trussell
3443,Adrian Scarborough
3444,Andrew Havill
3445,Charles Armstrong
3446,Dominic Applewhite
3447,Ben Wimsett
3448,Jake Hathaway
3449,Patrick Ryecart
3450,Teresa Gallagher
3451,Simon Chandler
3452,Claire Bloom
3453,Orlando Wells
3454,Tim Downie
3455,Dick Ward
3456,John Albasiny
3457,Danny Emes
3458,John Warnaby
3459,Roger Parrott
3460,Dean Ambridge
3461,James Currie
3462,Tony Earnshaw
3463,Sean Talo
3464,Tony Barry
3465,Elisabeth Easther
3466,Teresa Woodham
3467,Elizabeth McRae
3468,Irene Wood
3469,Ilona Rodgers
3470,Bruce Allpress
3471,Ken Blackburn
3472,Sara Wiseman
3473,Carol Burns
3474,Dennis Lill
3475,Donna Akersten
3476,Martyn Sanderson
3477,Dougray Scott
3478,Leo Gregory
3479,Scott Wills
3480,Craig Hall
3481,Laura Linney
3482,Noah Emmerich
3483,Ed Harris
3484,Holland Taylor
3485,Brian Delate
3486,Blair Slater
3487,Heidi Schanz
3488,Ron Taylor
3489,Don Taylor
3490,Ted Raymond
3491,Peter Krause
3492,O-Lan Jones
3493,Krista Lynn Landolfi
3494,Paul Giamatti
3495,Harry Shearer
3496,Jeanette Miller
3497,Philip Glass
3498,Will Ferrell
3499,Sean Bennett
3500,Alec Baldwin
3501,Drew Barrymore
3502,Jim Breuer
3503,Garth Brooks
3504,Nancy Carell
3505,Rachel Dratch
3506,Jimmy Fallon
3507,Ana Gasteyer
3508,Sarah Michelle Gellar
3509,Rudolph Giuliani
3510,Darrell Hammond
3511,Sean Hayes
3512,Chris Kattan
3513,Lucy Lawless
3514,Norm Macdonald
3515,Mark McKinney
3516,Tim Meadows
3517,Cheri Oteri
3518,Chris Parnell
3519,Horatio Sanz
3520,Seann William Scott
3521,Molly Shannon
3522,Charlie Sheen
3523,Greg Siff
3524,Chris Rock
3525,Ben Stiller
3526,Fred Armisen
3527,Dan Aykroyd
3528,Vanessa Bayer
3529,Win Butler
3530,Dana Carvey
3531,Chevy Chase
3532,Louis C.K.
3533,Ellen Cleghorne
3534,Billy Crystal
3535,Jane Curtin
3536,Miley Cyrus
3537,Larry David
3538,Pete Davidson
3539,Michael Douglas
3540,Will Forte
3541,Tom Hanks
3542,Derek Jeter
3543,Dakota Johnson
3544,Leslie Jones
3545,Taran Killam
3546,Jon Lovitz
3547,Peyton Manning
3548,Steve Martin
3549,Melissa McCarthy
3550,Paul McCartney
3551,Kate McKinnon
3552,Seth Meyers
3553,Garrett Morris
3554,Bobby Moynihan
3555,Eddie Murphy
3556,Laraine Newman
3557,Edward Norton
3558,Bob Odenkirk
3559,Sarah Palin
3560,Joe Piscopo
3561,Amy Poehler
3562,Colin Quinn
3563,Maya Rudolph
3564,Andy Samberg
3565,Jerry Seinfeld
3566,Paul Shaffer
3567,Martin Short
3568,Paul Simon
3569,David Spade
3570,Emma Stone
3571,Cecily Strong
3572,Jason Sudeikis
3573,Taylor Swift
3574,Kenan Thompson
3575,Justin Timberlake
3576,Kanye West
3577,Betty White
3578,Budd Friedman
3579,Judd Apatow
3580,Richard Belzer
3581,Lewis Black
3582,Russell Brand
3583,George Carlin
3584,Rodney Dangerfield
3585,Kathy Griffin
3586,Ashley Judd
3587,Ian Michael Smith
3588,Joseph Mazzello
3589,Oliver Platt
3590,Cleo King
3591,Lee Ritchey
3592,Brandy Little
3593,Jim Beaver
3594,Leon Rippy
3595,Vernon Grote
3596,Larissa Wolcott
3597,Sean Hennigan
3598,Charles Sanders
3599,Michael Crabtree
3600,Julio Cedillo
3601,Christopher Meister
3602,Cliff Stephens
3603,James Huston
3604,Julia Lashae
3605,Matthew Posey
3606,Lynn Mathis
3607,Robert Lott
3608,Mark Voges
3609,Katherine Willis
3610,Amparo Moreno
3611,Janis Kelly
3612,Barbara Petricini-Buxton
3613,Asia De Marcos
3614,Amparo García
3615,Kirk Sisco
3616,Cassandra L. Small
3617,Oliver Tull
3618,George Haynes
3619,Kathy Lamkin
3620,Deborah Abbott
3621,Michael Schmid
3622,Ken Edwards
3623,Garrett Hargrove
3624,Peyton Hayslip
3625,C.K. McFarland
3626,Josh Meyer
3627,Alan Parker
3628,Keith Poulson
3629,Robin Simmons
3630,Ryan Wickerham
3631,Hugh Grant
3632,Alan Rickman
3633,Imogen Stubbs
3634,Greg Wise
3635,Hugh Laurie
3636,Imelda Staunton
3637,Robert Hardy
3638,Harriet Walter
3639,Gemma Jones
3640,Emilie François
3641,Elizabeth Spriggs
3642,Richard Lumsden
3643,Ralph Fiennes
3644,David Kross
3645,Jeanette Hain
3646,Bruno Ganz
3647,Hannah Herzsprung
3648,Karoline Herfurth
3649,Volker Bruch
3650,Alexandra Maria Lara
3651,Fabian Busch
3652,Vijessna Ferkic
3653,Susanne Lothar
3654,Matthias Habich
3655,Burghart Klaußner
3656,Sylvester Groth
3657,Jürgen Tarrach
3658,Florian Bartholomäi
3659,Moritz Grove
3660,Kirsten Block
3661,Margarita Broich
3662,Marie Gruber
3663,Lena Olin
3664,Martin Brambach
3665,Carmen-Maja Antoni
3666,Heike Hanold-Lynch
3667,Dustin Hoffman
3668,Freddie Highmore
3669,Radha Mitchell
3670,Kate Maberly
3671,Joe Prospero
3672,Nick Roud
3673,Luke Spill
3674,Ian Hart
3675,Toby Jones
3676,Tobias Menzies
3677,Jodie Foster
3678,Christoph Waltz
3679,Elvis Polanski
3680,Eliot Berger
3681,Julia Roberts
3682,Jonathan Groff
3683,Finn Wittrock
3684,Remy Auberjonois
3685,Joe Zaso
3686,BD Wong
3687,Danielle Ferland
3688,Joe Mantello
3689,Michael Keaton
3690,Rachel McAdams
3691,John Slattery
3692,Stanley Tucci
3693,Brian d'Arcy James
3694,Gene Amoroso
3695,Billy Crudup
3696,Maureen Keiller
3697,Paul Guilfoyle
3698,Len Cariou
3699,Neal Huff
3700,Michael Cyril Creighton
3701,Laurie Heineman
3702,Tim Progosh
3703,Elena Wohl
3704,Doug Murray
3705,Sharon McFarlane
3706,Jamey Sheridan
3707,Robert B. Kennedy
3708,Duane Murray
3709,Brian Chamberlain
3710,Michael Countryman
3711,Tim Whalen
3712,Martin Roach
3713,Brad Borbridge
3714,Don Allison
3715,Patty Ross
3716,Paloma Nuñez
3717,Robert Clarke
3718,Gary Galone
3719,David Fraser
3720,Paulette Sinclair
3721,Elena Juatco
3722,Nancy Villone
3723,Wendy Merry McCarthy
3724,Siobhan Murphy
3725,Eileen Padua
3726,Darrin Baker
3727,Joe Stapleton
3728,James LeBlanc
3729,Neion George
3730,Laurie Murdoch
3731,Zarrin Darnell-Martin
3732,Krista Morin
3733,Paula Barrett
3734,Mairtin O'Carrigan
3735,Rob deLeeuw
3736,Nancy E. Carroll
3737,Anthony Paolucci
3738,Michele Proude
3739,Richard O'Rourke
3740,Dennis Lynch
3741,Stefanie Drummond
3742,Mark McGrinder
3743,Richard Fitzpatrick
3744,Tom Driscoll
3745,Jeffrey Samai
3746,Moira Driscoll
3747,Forrest Weber
3748,Doreen Spencer
3749,Janet Pinnick
3750,Shannon McDonough
3751,Shannon Ruth
3752,Daniel Ruth
3753,Jennifer Ruth
3754,Timothy Mooney
3755,Bruce-Robert Serafin
3756,Donna Sue Jahier
3757,Edward Brickley
3758,John Franchi
3759,Michelle Williams
3760,Jackie Earle Haley
3761,Patricia Clarkson
3762,Ted Levine
3763,John Carroll Lynch
3764,Robin Bartlett
3765,Christopher Denham
3766,Spencer Treat Clark
3767,Joseph Sikora
3768,Curtiss Cook
3769,Nellie Sciutto
3770,Raymond Anthony Thomas
3771,Joseph McKenna
3772,Ruby Jerins
3773,Tom Kemp
3774,Bates Wilder
3775,Drew Beasley
3776,Dan Marshall
3777,Daley Pearson
3778,Robert Downey Jr.
3779,Chris Evans
3780,James Spader
3781,Aaron Taylor-Johnson
3782,Elizabeth Olsen
3783,Anthony Mackie
3784,Hayley Atwell
3785,Idris Elba
3786,Linda Cardellini
3787,Claudia Kim
3788,Julie Delpy
3789,Henry Goodman
3790,Dominique Provost-Chalkley
3791,Isaac Andrews
3792,Julian Bleach
3793,Imogen Poynton
3794,Kerry Condon
3795,Nick W. Nicholson
3796,Aaron Himelstein
3797,Daniel Westwood
3798,Joti Nagra
3799,Tom Hiddleston
3800,Clark Gregg
3801,Gwyneth Paltrow
3802,Jenny Agutter
3803,Walter Perez
3804,Arthur Darbinyan
3805,Donald Li
3806,Ashley Johnson
3807,Alicia Sixtos
3808,Dieter Riesle
3809,Jamie McShane
3810,Jeff Wolfe
3811,Maximiliano Hernández
3812,Alexis Denisof
3813,James Eckhouse
3814,Enver Gjokaj
3815,Tina Benko
3816,Kirill Nikiforov
3817,M'laah Kaur Singh
3818,Rashmi Rustagi
3819,Warren Kole
3820,Jesse Garcia
3821,Kenneth Tigar
3822,Josh Cowdery
3823,Katsumi Komatsu
3824,Yumiko Komatsu
3825,Momoko Komatsu
3826,Robert Clohessy
3827,Fernanda Toker
3828,Andrea Vecchio
3829,Robin Swoboda
3830,Brent McGee
3831,Michael Zhang
3832,William-Christopher Stephens
3833,Kelley Robins
3834,Romy Rosemont
3835,Pat Kiernan
3836,Thomas Roberts
3837,Jillian Morgese
3838,Catherine Anderson
3839,Ricardo Andres
3840,Logan Bennett
3841,Mayank Bhatter
3842,Sharita Bone
3843,Jason Botsford
3844,Mary Kate Campbell
3845,Gene N. Chavez
3846,Layla Cushman
3847,Robert Dean
3848,Rick Dremann
3849,Jeffrey Feingold
3850,Lou Ferrigno
3851,Rod Fielder
3852,Eric Frank
3853,Israel Hall
3854,Carmen Dee Harris
3855,Alexander Christopher Jones
3856,Mike Karban
3857,Demoine Kinney
3858,Andrew Knode
3859,Annette Lawless
3860,Kimberly J. Mahoney
3861,Todd Manes
3862,Jorge Mardel
3863,Tiffany Sander McKenzie
3864,Michael McMillan
3865,Sean Meehan
3866,Holly Neelie
3867,Caleb Daniel Noal
3868,Joseph O'Brien
3869,Jeremy Orr
3870,Nate Paige
3871,Martin Palmer
3872,Maria Perossa
3873,Caleb Pieplow
3874,Alexander Daniel Pimentel
3875,Frank Powers
3876,Jaime Powers
3877,Brent Reichert
3878,Kelly Ruble
3879,Gina Sarno
3880,Robert B. Schneider IV
3881,Jeff Seich
3882,Christina Shaffer
3883,Alonda Shevette
3884,Douglas Slygh
3885,Colin Strause
3886,Robert P. Thitoff
3887,George Thomas
3888,Shane Thompson
3889,Jerry Lee Tucker
3890,Tai Urban
3891,Chris Vaina
3892,Sandra Weston
3893,Seth Zielicke
3894,Alex DeCourville
3895,Debbie Scaletta
3896,Andrea-Nichole Olivas
3897,Tina Grimm
3898,Octavia Spencer
3899,Janelle Monae
3900,Kevin Costner
3901,Aldis Hodge
3902,Glen Powell
3903,Olek Krupa
3904,Gary Weeks
3905,Meg Ryan
3906,Hank Azaria
3907,Bernadette Peters
3908,Andrea Martin
3909,Glenn Walker Harris Jr.
3910,Lacey Chabert
3911,J.K. Simmons
3912,Antonio Banderas
3913,Thandie Newton
3914,Domiziana Giordano
3915,Sara Stockbridge
3916,Laure Marsac
3917,Bellina Logan
3918,George Kelly
3919,James Woods
3920,Kathleen Turner
3921,A.J. Cook
3922,Leslie Hayman
3923,Chelse Swain
3924,Anthony DeSimone
3925,Scott Glenn
3926,Lee Kagan
3927,Robert Schwartzman
3928,Jonathan Tucker
3929,Giovanni Ribisi
3930,Hanna Hall
3931,Joe Dinicol
3932,Mikhail Baryshnikov
3933,Edward Graydon Carter
3934,Hillary Clinton
3935,Whoopi Goldberg
3936,Mick Jagger
3937,Annie Leibovitz
3938,Bette Midler
3939,Demi Moore
3940,Yoko Ono
3941,Jason Schwartzman
3942,Arnold Schwarzenegger
3943,Anna Wintour
3944,Gloria Steinem
3945,Kiefer Sutherland
3946,Charlotte Rampling
3947,Alexander Skarsgård
3948,Brady Corbet
3949,Udo Kier
3950,Jesper Christensen
3951,Cameron Spurr
3952,Deborah Fronko
