1,Peter Jackson
2,Michael Pellerin
3,Michel Gondry
4,Liev Schreiber
5,Robert Zemeckis
6,Donna Davies
7,Robert Rodriguez
8,Frank Miller
9,Quentin Tarantino
10,Bryan Singer
11,Matthew Vaughn
12,David Mackenzie
13,James L. Brooks
14,Matt Ross
15,Brian De Palma
16,David Cronenberg
17,Tony Scott
18,Renny Harlin
19,John Hillcoat
20,Mike Binder
21,James Mangold
22,Allan Moyle
23,Gore Verbinski
24,Ridley Scott
25,Wolfgang Petersen
26,Stephen Herek
27,Dan Riba
28,Steven Spielberg
29,Jeremy Coon
30,Tim Skousen
31,Roger Allers
32,Spike Brandt
33,Jeff Siergey
34,Blake Edwards
35,Douglas Camfield
36,Stephen Weeks
37,Michael O. Sajbel
38,Bradley King
39,Tad Stones
40,Ken Russell
41,Jim Sheridan
42,Kurt Wimmer
43,Niki Caro
44,John Erman
45,John Frankenheimer
46,Caroline Thompson
47,Asif Kapadia
48,Roger Young
49,George Marshall
50,Jamil Dehlavi
51,Gene Quintano
52,George Lucas
53,Richard Lester
54,Tim Burton
55,Mike Johnson
56,T.Y. Drake
57,Charles Frend
58,Terence Fisher
59,Bill Persky
60,Jesús Franco
61,Martin Scorsese
62,Stevan Riley
63,Peter Zinner
64,Jules Bass
65,|Arthur Rankin, Jr.|
66,Billy Wilder
67,Freddie Francis
68,Robin Hardy
69,Raoul Walsh
70,Eugenio Martín
71,George Pollock
72,Robert Siodmak
73,Lee Lennox
74,Wayne Lennox
75,Lawrence Roeck
76,Gavin Hood
77,Carles Torrens
78,Brian Peck
79,Ryan Little
80,Jonathan M. Gunn
81,Richard Donner
82,David Anspaugh
83,Lee Grant
84,Jay Oliva
85,Xu Kerr
86,Andrew Erwin
87,Jon Erwin
88,Coky Giedroyc
89,David Hayman
90,Laurent Bouzereau
91,Christopher Nolan
92,Adam Smith
93,Dearbhla Walsh
94,Diarmuid Lawrence
95,Mike Leigh
96,Yahoo Serious
97,Lana Wachowski
98,Lilly Wachowski
99,James McTeigue
100,Stephan Elliott
101,Jocelyn Moorhouse
102,Mel Gibson
103,Dean DeBlois
104,Daniel Geller
105,Dayna Goldfine
106,David Fincher
107,Edgar Wright
108,Richard Robbins
109,Todd Haynes
110,Wes Anderson
111,Kenneth Branagh
112,Terry Gilliam
113,Brad Bird
114,Jan Pinkava
115,Zach Braff
116,Luc Besson
117,Oren Rudavsky
118,Andrew Niccol
119,Patrick Tatopoulos
120,Sam Pillsbury
121,J.J. Abrams
122,Jonothan Cullinane
123,Antoine Fuqua
124,Paul Greengrass
125,Gregor Nicholas
126,Julie Bertuccelli
127,Peter Greenaway
128,Robert Boris
129,Vincent Ward
130,Geoff Murphy
131,Kevin Burns
132,Amy Berg
133,Kevin Connor
134,Jim Doyle
135,James Cameron
136,Richard Attenborough
137,Bob Rafelson
138,Sam Fell
139,Chris Butler
140,Chris Roache
141,Brad McGann
142,Terrence Malick
143,Bruno Barreto
144,Garth Davis
145,John Clarke
146,Baz Luhrmann
147,Zack Snyder
148,Bonner Bellew
149,Matt Schichter
150,Robert Schwentke
151,Wayne Kramer
152,James Tucker
153,Craig Newland
154,Nagisa Ōshima
155,Wayne Coe
156,Miloš Forman
157,David Lynch
158,Alan Parker
159,Marc Rocco
160,Ken Loach
161,Ole Bornedal
162,Brian Yuzna
163,Peter Hewitt
164,Kathryn Bigelow
165,Phil Joanou
166,Keith Gordon
167,Madellaine Paxson
168,Neill Blomkamp
169,Tom Hooper
170,Simon Pattison
171,Mike Newell
172,Glenn Standring
173,Peter Weir
174,Beth McCarthy-Miller
175,Stacey Foster
176,James Signorelli
177,Mark Farrell
178,Don Roy King
179,Mark Steven Johnson
180,Ang Lee
181,Stephen Daldry
182,Marc Forster
183,Roman Polanski
184,Ryan Murphy
185,Tom McCarthy
186,Taika Waititi
187,Joss Whedon
188,Theodore Melfi
189,Don Bluth
190,Gary Goldman
191,Neil Jordan
192,Sofia Coppola
193,Barbara Leibovitz
194,Lars von Trier
