1,elves
2,dwarves
3,orcs
4,middle-earth (tolkien)
5,hobbits
6,based on novel
7,mountains
8,fireworks
9,castle
10,volcano
11,password
12,death of a friend
13,uncle
14,sword and sorcerery
15,mirror
16,wizard
17,middle earth
18,the lord of the rings
19,lotr
20,the appendices
21,suspicion
22,bravery
23,war
24,honor
25,crushed to death
26,troll
27,brutality
28,ghost
29,end of trilogy
30,quest
31,explosive
32,cave
33,fort
34,army
35,mission
36,attack
37,guide
38,deja vu
39,lovesickness
40,jealousy
41,amnesia
42,loss of sense of reality
43,dream
44,operation
45,future
46,relationship problems
47,love
48,brainwashing
49,love story
50,grandfather grandson relationship
51,mass murder
52,ukraine
53,pop culture
54,blindness and impaired vision
55,journey in the past
56,passion for collection
57,souvenir
58,nazis
59,anti semitism
60,photograph
61,skateboarding
62,flying car
63,car race
64,delorean
65,lightning
66,almanac
67,inventor
68,time travel
69,sequel
70,diner
71,alternate history
72,teenager
73,electric guitar
74,walking cane
75,high school dance
76,hoverboard
77,video phone
78,horror filmmaking
79,makeup artist
80,woman director
81,dystopia
82,based on comic book
83,based on graphic novel
84,black and white and color
85,black and white scene
86,black & white to color
87,mysterious killer
88,doing the right thing
89,mercedes
90,tied to a chair
91,silhouette
92,neo-noir
93,hobbit
94,dragon
95,magical world
96,1970s
97,mutant
98,marvel comic
99,superhuman
100,storm
101,beast
102,aftercreditsstinger
103,changing the past or future
104,corruption
105,battle
106,unlikely friendship
107,epic battle
108,witch
109,new love
110,prince
111,beauty
112,star
113,kingdom
114,wall
115,falling star
116,royalty
117,unrequited love
118,good vs evil
119,fratricide
120,psychiatrist
121,riddle
122,journey
123,ring
124,goblin
125,courage
126,giant
127,tunnel
128,underground lake
129,buried treasure
130,climbing a tree
131,invisibility
132,ancient
133,arm cut off
134,gnomes
135,father daughter relationship
136,actor
137,unsuccessful
138,wolverine
139,cyclops
140,rogue
141,mystique
142,jean grey
143,professor x
144,magneto
145,suicide
146,socialism
147,food
148,survivalist
149,off the grid
150,non-registered home schooled
151,noam chomsky
152,prison
153,puerto rican
154,release from prison
155,criminal past
156,night club
157,violence
158,drug
159,disco
160,london
161,father-son relationship
162,prostitute
163,tradition
164,refugee
165,underworld
166,russia
167,hitman
168,gangster boss
169,undercover agent
170,threat to death
171,midwife
172,murder
173,mother daughter relationship
174,gangster
175,motorcycle
176,killer
177,illegal prostitution
178,hoodlum
179,orphan girl
180,submarine
181,mutiny
182,missile
183,nuclear missile
184,embassy
185,us navy
186,battle for power
187,torpedo
188,military
189,moral dilemma
190,post cold war
191,aircraft carrier
192,chain of command
193,launch code
194,sonar
195,prisoner
196,revenge
197,haunting
198,electric chair
199,post-apocalyptic
200,paternity
201,duringcreditsstinger
202,confidence
203,trauma
204,leaving one's family
205,childhood memory
206,airplane
207,war on terror
208,music
209,loss of daughter
210,alone
211,cowardliness
212,family
213,waitress
214,fast food restaurant
215,seduction
216,pizza
217,rejection
218,sexual fantasy
219,obesity
220,independent film
221,cupcake
222,twenty something
223,gameboy
224,money bag
225,sidewalk
226,exotic island
227,east india trading company
228,gold
229,marriage proposal
230,skeleton
231,daughter
232,governor
233,gold coin
234,pirate
235,swashbuckler
236,prisoner of war
237,wound
238,somalia
239,warlord
240,famine
241,delta force
242,rescue operation
243,ocean
244,drug abuse
245,love of one's life
246,traitor
247,shipwreck
248,strong woman
249,ship
250,alliance
251,calypso
252,afterlife
253,fighter
254,brother brother relationship
255,adultery
256,trojan war
257,fraud
258,hostility
259,sword fight
260,battlefield
261,title spoken by character
262,ancient world
263,pyre
264,ancient greece
265,psychic
266,boy genius
267,healing power
268,lost mother
269,healing gift
270,dc comics
271,super powers
272,saving the world
273,nepal
274,himalaya
275,cairo
276,moses
277,egypt
278,whip
279,treasure
280,medaillon
281,leather jacket
282,hat
283,mediterranean
284,ark of the covenant
285,ten commandments
286,treasure hunt
287,excavation
288,swastika
289,archaeologist
290,indiana jones
291,archeology 
292,fan culture
293,kids
294,fan film
295,fandom
296,venice
297,holy grail
298,library
299,entrapment
300,crusader
301,panzer
302,order of the templars
303,marine propelling screw
304,england
305,detective
306,sherlock holmes
307,tom and jerry
308,intelligent animals
309,friendly rival
310,cabaret
311,musical
312,cross dresser
313,middle ages
314,remake
315,knight
316,king arthur
317,persia
318,queen
319,esther
320,gambling
321,gambling debts
322,photography
323,orient
324,genie
325,period piece
326,tv mini-series
327,sexual awakening
328,mars
329,nasa
330,isolation
331,botanist
332,stranded
333,spaceship
334,space
335,engineering
336,survival
337,astronaut
338,science
339,deep space explorer
340,battle for survival
341,resistance
342,fascism
343,totalitarian regime
344,destroy
345,phasing
346,book burning
347,outlaw
348,government agent
349,rape
350,secret
351,minnesota
352,witness
353,miner
354,insult
355,court
356,lawsuit
357,lesbian
358,case
359,woman
360,landmark
361,harrassment
362,legal
363,gone with wind sequel
364,arms deal
365,shot in the chest
366,audi
367,impostor
368,ice skating
369,computer expert
370,ex kgb
371,preparation
372,hit with a car door
373,cellular phone trace
374,merry go round
375,horse
376,country life
377,ice
378,tent
379,girlfriend
380,friendship
381,glacier
382,friends
383,bible
384,faith
385,historical
386,biblical
387,fidelidad
388,inspiracion
389,east africa
390,inspiration
391,history
392,muslim
393,pakistan
394,political unrest
395,honeymoon
396,showdown
397,death star
398,vision
399,cult figure
400,hatred
401,dream sequence
402,expectant mother
403,space opera
404,chancel
405,childbirth
406,galactic war
407,france
408,fight
409,louis xiii.
410,extramarital affair
411,shyness
412,cheating
413,old town
414,grave
415,marriage
416,wedding ring
417,stop motion animation
418,animation
419,money
420,wedding
421,corpse
422,wedding ceremony
423,parents
424,dark fantasy
425,european
426,piano
427,asylum
428,twins
429,loot
430,antarctica
431,transylvania
432,vampire
433,dracula
434,victim
435,hammer horror
436,unfaithfulness
437,torture
438,witchcraft
439,17th century
440,clock
441,film director
442,key
443,toy
444,boy
445,orphan
446,robot
447,automaton
448,hiding
449,filmmaking
450,leg brace
451,doberman
452,3d
453,james bond
454,policeman
455,magician performance
456,sorcerer's apprentice
457,magic wand
458,enchantment
459,magician
460,unicorn
461,cut-off head
462,horseman
463,head
464,loch ness monster
465,german spy
466,midgets
467,monster
468,reincarnation
469,mad scientist
470,blood
471,creature
472,scientist
473,island
474,virgin
475,human sacrifice
476,paganism
477,captain
478,british
479,napoleonic wars
480,sea battle
481,monk
482,expedition
483,cossack
484,loss of husband
485,alien
486,train
487,gothic horror
488,stockings
489,anthropologist
490,whipping
491,siberia
492,public domain
493,fossil
494,hidden identity
495,animal senses evil
496,pair of evil eyes
497,crate
498,house
499,agatha christie
500,isolated house
501,spain
502,protection
503,amsterdam
504,fairy tale
505,coffee shop
506,marijuana
507,stoner
508,california
509,painter
510,beach
511,gallery
512,stripper
513,party
514,tragedy
515,counterfeit
516,art
517,forgery
518,canvas
519,boxer
520,superhero
521,imprisoned
522,obsessed
523,camping
524,tall tales
525,sport
526,christian
527,gunfight
528,urination
529,hidden
530,reference to liberace
531,group vomit
532,exercise machine
533,water slide
534,housing
535,foreclosure
536,walking the plank
537,lost treasure
538,lifting male in air
539,american football
540,biography
541,family relationships
542,aspiration
543,superhero team
544,cannes
545,cannes film festival
546,racism
547,blackmail
548,child pornography
549,the force awakens
550,competition
551,obsession
552,magic
553,dying and death
554,class society
555,illusion
556,tricks
557,class
558,rivalry
559,college
560,reunion
561,reunited friends
562,bank robber
563,australia
564,artificial intelligence
565,man vs machine
566,philosophy
567,prophecy
568,martial arts
569,self sacrifice
570,insurgence
571,virtual reality
572,truth
573,messiah
574,gnosticism
575,vatican
576,satanism
577,fascist
578,government
579,chancellor
580,personification of satan
581,guy fawkes
582,masked vigilante
583,catholicism
584,catholic priest
585,catholic guilt
586,jesuit
587,vengeful spirit
588,irish catholic
589,vengeful
590,jesuit priest
591,occultism
592,gay
593,drag queen
594,homophobia
595,van
596,transgender
597,australian aborigine
598,dressmaker
599,hometown
600,1950s
601,japan
602,world war ii
603,conscientious objector
604,religion
605,war hero
606,medic
607,u.s. military
608,historical drama
609,kung fu
610,underground world
611,hero
612,computer virus
613,plato
614,precognition
615,rave
616,computer
617,world religion
618,wife husband relationship
619,sacrifice
620,viking
621,rescue
622,mother son relationship
623,death of husband
624,warrior
625,kidnapper
626,documentary
627,deserted island
628,police investigation
629,dissension
630,floreana island
631,new settlers
632,deaths
633,diary
634,navy
635,funeral
636,tea
637,travel
638,hospital
639,village
640,arrest
641,police
642,partner
643,conspiracy
644,police force
645,cowboy costume
646,accident
647,cultural difference
648,inspiring
649,international
650,gender differences
651,new york
652,female nudity
653,chicago
654,sex
655,hotel
656,new year's eve
657,age difference
658,department store
659,nudity
660,lesbian kiss
661,road trip
662,lesbian couple
663,divorce
664,lesbian sex
665,lgbt
666,mother child relationship
667,child custody
668,older woman younger woman relationship
669,christmas
670,film making
671,loss of mother
672,cynic
673,red cap
674,android
675,self-destruction
676,countdown
677,space marine
678,space suit
679,beheading
680,biology
681,female protagonist
682,outer space
683,parasite
684,h. r. giger
685,shakespeare
686,based on play
687,gritty
688,medieval
689,king of england
690,bureaucracy
691,police state
692,terror
693,great britain
694,paris
695,expensive restaurant
696,river
697,cook
698,mouse
699,roof
700,window
701,work
702,restaurant critic
703,kitchen
704,spice
705,cookbook
706,chef
707,rat
708,pixar
709,individual
710,new jersey
711,paraplegic
712,hamster
713,ecstasy
714,strangeness
715,epilepsy
716,lethargy
717,answering machine
718,difficult childhood
719,singles
720,unsociability
721,los angeles
722,grave digger
723,secret passage
724,clone
725,taxi
726,stowaway
727,space travel
728,race against time
729,arms dealer
730,priest
731,end of the world
732,police chase
733,cab driver
734,new york city
735,explosion
736,exploding planet
737,opera singer
738,stone
739,resort hotel
740,cyborg redneck
741,archeologist
742,cruise liner starship
743,reference to aristotle
744,reference to john milton
745,reference to cicero
746,feel bad comedy
747,nebbish
748,protagonist as punching bag
749,cold war
750,weapon
751,falsely accused person
752,jew persecution
753,jewish ghetto
754,zionism
755,false accusations
756,justice
757,false accusation of murder
758,injustice
759,imperial russia
760,kiev russia
761,prison rape
762,russian secret police
763,slavery
764,werewolf
765,slave
766,dungeon
767,new zealand
768,maori
769,spacecraft
770,teleportation
771,space mission
772,parachute
773,black hole
774,supernova
775,prequel
776,warp speed
777,futuristic
778,warp engine
779,romulans
780,vulcan
781,alternate reality
782,reboot
783,tax collector
784,docudrama
785,commando
786,faked death
787,black ops
788,berlin
789,assassin
790,sniper
791,lie
792,suspense
793,on the run
794,shootout
795,espionage
796,foot chase
797,car chase
798,exploding house
799,though guy
800,one against many
801,rail car
802,dark past
803,hand to hand combat
804,moscow russia
805,tree
806,grief
807,children
808,single mother
809,rural
810,cooking
811,restaurant
812,crew
813,legs
814,brat pack
815,rowing
816,oxford university
817,black pantyhose
818,investigative journalism
819,laconic humor
820,behind the scenes
821,making of
822,miscarriage of justice
823,poison
824,reanimation
825,part stop motion
826,cheating husband
827,zombies
828,back from the dead
829,person on fire
830,monkey
831,attempted rape
832,exploding body
833,dismemberment
834,nagging mother
835,director cameo
836,head cut in half
837,leg ripped off
838,stop motion scene
839,police inspector
840,trial by combat
841,gun
842,dark comedy
843,iceberg
844,panic
845,titanic
846,ocean liner
847,epic
848,rich woman - poor man
849,disaster
850,tragic love
851,class differences
852,imax
853,star crossed lovers
854,steerage
855,salvage
856,rich snob
857,1910s
858,indian
859,demonstration
860,imprisonment
861,south africa
862,hunger strike
863,colony
864,morning prayer
865,hindu
866,independence
867,british army
868,political negotiations
869,conference
870,nonviolent resistance
871,apartheid
872,british empire
873,protest
874,independence movement
875,bombay
876,strike
877,freedom
878,prayer
879,hinduism
880,mahatma gandhi
881,calcutta
882,africa
883,nile
884,exploration
885,medium
886,curse
887,jock
888,communicating with the dead
889,dealing with the past
890,witch trial
891,child witch
892,empathy
893,strange
894,bomb
895,assassination
896,death by hanging
897,adolf hitler
898,plan
899,deception
900,treason
901,colonel
902,military officer
903,plot
904,german officer
905,piano wire
906,medal
907,electrocution
908,child murder
909,soulmates
910,home
911,return
912,ex-girlfriend
913,suppressed past
914,village life
915,loss of father
916,province
917,family history
918,war photographer
919,lodge
920,crush
921,teacher
922,youth
923,japanese
924,battle assignment
925,invasion
926,marine corps
927,us army
928,commander
929,pacific
930,rifle
931,jungle
932,infantry
933,steel helmet
934,sergeant
935,pacific island
936,soldier
937,fighting
938,guadalcanal
939,awol
940,brazilian
941,brazil
942,long lost relative
943,funny
944,duke
945,writer's block
946,terminal illness
947,writer
948,exclamation point in title
949,no opening credits
950,moulin rouge
951,bohemian
952,toulouse lautrec
953,red curtain
954,cancan dance
955,indian music
956,la traviata
957,orpheus and eurydice
958,dance hall
959,evisceration
960,javelin
961,shield
962,fall from height
963,s.a.t.
964,minions
965,terrorist bombing
966,shot on imax cameras
967,riddick
968,short
969,john lennon
970,the beatles
971,paul mccartney
972,reference to the beatles
973,cia
974,retirement
975,shot to death
976,sniper rifle
977,retired
978,female spy
979,alarm
980,ice hockey
981,pedophile
982,throat slitting
983,shot in the stomach
984,head blown off
985,pistol whip
986,shot in the shoulder
987,child uses gun
988,ankle holster
989,breaking finger
990,superhuman strength
991,supergirl
992,samurai
993,prisoner of war camp
994,anthology film
995,portmanteau
996,rebel
997,wheelchair
998,lunatic asylum
999,rage and hate
1000,insanity
1001,basic rights and human rights
1002,small town
1003,ear
1004,ear cut off
1005,ku klux klan
1006,mississippi
1007,sheriff
1008,shotgun
1009,deputy sheriff
1010,fbi
1011,motel
1012,victim of murder
1013,burning cross
1014,rope
1015,fbi agent
1016,based on true events
1017,death row
1018,alcatraz
1019,lawyer
1020,courtroom
1021,murder trial
1022,1940s
1023,mistreatment
1024,public defender
1025,prisoner abuse
1026,coverup
1027,terrorism
1028,parade
1029,political
1030,irish rebellion
1031,telepathy
1032,atomic bomb
1033,emperor
1034,mutation
1035,guild
1036,water
1037,chosen one
1038,jihad
1039,denunciation
1040,night watchman
1041,law
1042,investigation
1043,student
1044,best friend
1045,alien abduction
1046,pregnancy
1047,alien baby
1048,cyberpunk
1049,cyberspace
1050,black comedy
1051,slum
1052,street gang
1053,refugee camp
1054,extraterrestrial technology
1055,johannesburg
1056,prawn
1057,social commentary
1058,mother
1059,literature
1060,fantasy
1061,passion
1062,true
1063,relationship
1064,radio
1065,monarchy
1066,radio transmission
1067,royal family
1068,speech
1069,death of father
1070,senior citizens
1071,epidemic
1072,influenza
1073,claustrophobia
1074,hidden camera
1075,reality show
1076,make believe
1077,pretend
1078,round table
1079,interview
1080,discussion
1081,guest
1082,celebrity
1083,comedy
1084,live
1085,tv special
1086,anniversary
1087,stand up comedy
1088,improvisation
1089,illegitimate son
1090,journalist
1091,texas
1092,professor
1093,death penalty
1094,reporter
1095,intern
1096,innocent
1097,activist
1098,bowling
1099,servant
1100,jane austen
1101,inheritance
1102,period drama
1103,rainstorm
1104,horse and carriage
1105,decorum
1106,germany
1107,war crimes
1108,trial
1109,female prisoner
1110,law student
1111,scotland
1112,parents kids relationship
1113,becoming an adult
1114,mother role
1115,success
1116,widow
1117,theatre play
1118,stroke of fate
1119,costume
1120,peter pan
1121,theatre group
1122,adventure
1123,marriage crisis
1124,theatre milieu
1125,author
1126,fantastic
1127,illness
1128,spectacle
1129,child
1130,flat
1131,mobile phone
1132,tulips
1133,meeting
1134,puke
1135,pants
1136,liberal
1137,aids
1138,homosexuality
1139,child abuse
1140,journalism
1141,judge
1142,florida
1143,boston
1144,pedophilia
1145,catholic
1146,catholic church
1147,september 11 2001
1148,cardinal
1149,hurricane
1150,psychiatric hospital
1151,u.s. marshal
1152,conspiracy theory
1153,comic book
1154,mockumentary
1155,norse mythology
1156,marvel
1157,comic
1158,marvel cinematic universe
1159,alien invasion
1160,space race
1161,tzar
1162,russian revolution
1163,train explosion
1164,foreign language adaptation
1165,exploding train
1166,san francisco
1167,plantation
1168,pity
1169,michigan
1170,wedding reception
1171,power outage
1172,destruction of planet
1173,wedding toast
