0,Adventure
1,Fantasy
2,Action
3,Documentary
4,Science Fiction
5,Drama
6,Romance
7,Comedy
8,Family
9,Thriller
10,Crime
11,Mystery
12,Horror
13,History
14,War
15,Animation
16,Music
17,Foreign
18,TV Movie
19,Western
20,elves
21,dwarves
22,orcs
23,middle-earth (tolkien)
24,hobbits
25,based on novel
26,mountains
27,fireworks
28,castle
29,volcano
30,password
31,death of a friend
32,uncle
33,sword and sorcerery
34,mirror
35,wizard
36,middle earth
37,the lord of the rings
38,lotr
39,the appendices
40,suspicion
41,bravery
42,war
43,honor
44,crushed to death
45,troll
46,brutality
47,ghost
48,end of trilogy
49,quest
50,explosive
51,cave
52,fort
53,army
54,mission
55,attack
56,guide
57,deja vu
58,lovesickness
59,jealousy
60,amnesia
61,loss of sense of reality
62,dream
63,operation
64,future
65,relationship problems
66,love
67,brainwashing
68,love story
69,grandfather grandson relationship
70,mass murder
71,ukraine
72,pop culture
73,blindness and impaired vision
74,journey in the past
75,passion for collection
76,souvenir
77,nazis
78,anti semitism
79,photograph
80,skateboarding
81,flying car
82,car race
83,delorean
84,lightning
85,almanac
86,inventor
87,time travel
88,sequel
89,diner
90,alternate history
91,teenager
92,electric guitar
93,walking cane
94,high school dance
95,hoverboard
96,video phone
97,horror filmmaking
98,makeup artist
99,woman director
100,dystopia
101,based on comic book
102,based on graphic novel
103,black and white and color
104,black and white scene
105,black & white to color
106,mysterious killer
107,doing the right thing
108,mercedes
109,tied to a chair
110,silhouette
111,neo-noir
112,hobbit
113,dragon
114,magical world
115,1970s
116,mutant
117,marvel comic
118,superhuman
119,storm
120,beast
121,aftercreditsstinger
122,changing the past or future
123,corruption
124,battle
125,unlikely friendship
126,epic battle
127,witch
128,new love
129,prince
130,beauty
131,star
132,kingdom
133,wall
134,falling star
135,royalty
136,unrequited love
137,good vs evil
138,fratricide
139,psychiatrist
140,riddle
141,journey
142,ring
143,goblin
144,courage
145,giant
146,tunnel
147,underground lake
148,buried treasure
149,climbing a tree
150,invisibility
151,ancient
152,arm cut off
153,gnomes
154,father daughter relationship
155,actor
156,unsuccessful
157,wolverine
158,cyclops
159,rogue
160,mystique
161,jean grey
162,professor x
163,magneto
164,suicide
165,socialism
166,food
167,survivalist
168,off the grid
169,non-registered home schooled
170,noam chomsky
171,prison
172,puerto rican
173,release from prison
174,criminal past
175,night club
176,violence
177,drug
178,disco
179,london
180,father-son relationship
181,prostitute
182,tradition
183,refugee
184,underworld
185,russia
186,hitman
187,gangster boss
188,undercover agent
189,threat to death
190,midwife
191,murder
192,mother daughter relationship
193,gangster
194,motorcycle
195,killer
196,illegal prostitution
197,hoodlum
198,orphan girl
199,submarine
200,mutiny
201,missile
202,nuclear missile
203,embassy
204,us navy
205,battle for power
206,torpedo
207,military
208,moral dilemma
209,post cold war
210,aircraft carrier
211,chain of command
212,launch code
213,sonar
214,prisoner
215,revenge
216,haunting
217,electric chair
218,post-apocalyptic
219,paternity
220,duringcreditsstinger
221,confidence
222,trauma
223,leaving one's family
224,childhood memory
225,airplane
226,war on terror
227,music
228,loss of daughter
229,alone
230,cowardliness
231,family
232,waitress
233,fast food restaurant
234,seduction
235,pizza
236,rejection
237,sexual fantasy
238,obesity
239,independent film
240,cupcake
241,twenty something
242,gameboy
243,money bag
244,sidewalk
245,exotic island
246,east india trading company
247,gold
248,marriage proposal
249,skeleton
250,daughter
251,governor
252,gold coin
253,pirate
254,swashbuckler
255,prisoner of war
256,wound
257,somalia
258,warlord
259,famine
260,delta force
261,rescue operation
262,ocean
263,drug abuse
264,love of one's life
265,traitor
266,shipwreck
267,strong woman
268,ship
269,alliance
270,calypso
271,afterlife
272,fighter
273,brother brother relationship
274,adultery
275,trojan war
276,fraud
277,hostility
278,sword fight
279,battlefield
280,title spoken by character
281,ancient world
282,pyre
283,ancient greece
284,psychic
285,boy genius
286,healing power
287,lost mother
288,healing gift
289,dc comics
290,super powers
291,saving the world
292,nepal
293,himalaya
294,cairo
295,moses
296,egypt
297,whip
298,treasure
299,medaillon
300,leather jacket
301,hat
302,mediterranean
303,ark of the covenant
304,ten commandments
305,treasure hunt
306,excavation
307,swastika
308,archaeologist
309,indiana jones
310,archeology 
311,fan culture
312,kids
313,fan film
314,fandom
315,venice
316,holy grail
317,library
318,entrapment
319,crusader
320,panzer
321,order of the templars
322,marine propelling screw
323,england
324,detective
325,sherlock holmes
326,tom and jerry
327,intelligent animals
328,friendly rival
329,cabaret
330,musical
331,cross dresser
332,middle ages
333,remake
334,knight
335,king arthur
336,persia
337,queen
338,esther
339,gambling
340,gambling debts
341,photography
342,orient
343,genie
344,period piece
345,tv mini-series
346,sexual awakening
347,mars
348,nasa
349,isolation
350,botanist
351,stranded
352,spaceship
353,space
354,engineering
355,survival
356,astronaut
357,science
358,deep space explorer
359,battle for survival
360,resistance
361,fascism
362,totalitarian regime
363,destroy
364,phasing
365,book burning
366,outlaw
367,government agent
368,rape
369,secret
370,minnesota
371,witness
372,miner
373,insult
374,court
375,lawsuit
376,lesbian
377,case
378,woman
379,landmark
380,harrassment
381,legal
382,gone with wind sequel
383,arms deal
384,shot in the chest
385,audi
386,impostor
387,ice skating
388,computer expert
389,ex kgb
390,preparation
391,hit with a car door
392,cellular phone trace
393,merry go round
394,horse
395,country life
396,ice
397,tent
398,girlfriend
399,friendship
400,glacier
401,friends
402,bible
403,faith
404,historical
405,biblical
406,fidelidad
407,inspiracion
408,east africa
409,inspiration
410,history
411,muslim
412,pakistan
413,political unrest
414,honeymoon
415,showdown
416,death star
417,vision
418,cult figure
419,hatred
420,dream sequence
421,expectant mother
422,space opera
423,chancel
424,childbirth
425,galactic war
426,france
427,fight
428,louis xiii.
429,extramarital affair
430,shyness
431,cheating
432,old town
433,grave
434,marriage
435,wedding ring
436,stop motion animation
437,animation
438,money
439,wedding
440,corpse
441,wedding ceremony
442,parents
443,dark fantasy
444,european
445,piano
446,asylum
447,twins
448,loot
449,antarctica
450,transylvania
451,vampire
452,dracula
453,victim
454,hammer horror
455,unfaithfulness
456,torture
457,witchcraft
458,17th century
459,clock
460,film director
461,key
462,toy
463,boy
464,orphan
465,robot
466,automaton
467,hiding
468,filmmaking
469,leg brace
470,doberman
471,3d
472,james bond
473,policeman
474,magician performance
475,sorcerer's apprentice
476,magic wand
477,enchantment
478,magician
479,unicorn
480,cut-off head
481,horseman
482,head
483,loch ness monster
484,german spy
485,midgets
486,monster
487,reincarnation
488,mad scientist
489,blood
490,creature
491,scientist
492,island
493,virgin
494,human sacrifice
495,paganism
496,captain
497,british
498,napoleonic wars
499,sea battle
500,monk
501,expedition
502,cossack
503,loss of husband
504,alien
505,train
506,gothic horror
507,stockings
508,anthropologist
509,whipping
510,siberia
511,public domain
512,fossil
513,hidden identity
514,animal senses evil
515,pair of evil eyes
516,crate
517,house
518,agatha christie
519,isolated house
520,spain
521,protection
522,amsterdam
523,fairy tale
524,coffee shop
525,marijuana
526,stoner
527,california
528,painter
529,beach
530,gallery
531,stripper
532,party
533,tragedy
534,counterfeit
535,art
536,forgery
537,canvas
538,boxer
539,superhero
540,imprisoned
541,obsessed
542,camping
543,tall tales
544,sport
545,christian
546,gunfight
547,urination
548,hidden
549,reference to liberace
550,group vomit
551,exercise machine
552,water slide
553,housing
554,foreclosure
555,walking the plank
556,lost treasure
557,lifting male in air
558,american football
559,biography
560,family relationships
561,aspiration
562,superhero team
563,cannes
564,cannes film festival
565,racism
566,blackmail
567,child pornography
568,the force awakens
569,competition
570,obsession
571,magic
572,dying and death
573,class society
574,illusion
575,tricks
576,class
577,rivalry
578,college
579,reunion
580,reunited friends
581,bank robber
582,australia
583,artificial intelligence
584,man vs machine
585,philosophy
586,prophecy
587,martial arts
588,self sacrifice
589,insurgence
590,virtual reality
591,truth
592,messiah
593,gnosticism
594,vatican
595,satanism
596,fascist
597,government
598,chancellor
599,personification of satan
600,guy fawkes
601,masked vigilante
602,catholicism
603,catholic priest
604,catholic guilt
605,jesuit
606,vengeful spirit
607,irish catholic
608,vengeful
609,jesuit priest
610,occultism
611,gay
612,drag queen
613,homophobia
614,van
615,transgender
616,australian aborigine
617,dressmaker
618,hometown
619,1950s
620,japan
621,world war ii
622,conscientious objector
623,religion
624,war hero
625,medic
626,u.s. military
627,historical drama
628,kung fu
629,underground world
630,hero
631,computer virus
632,plato
633,precognition
634,rave
635,computer
636,world religion
637,wife husband relationship
638,sacrifice
639,viking
640,rescue
641,mother son relationship
642,death of husband
643,warrior
644,kidnapper
645,documentary
646,deserted island
647,police investigation
648,dissension
649,floreana island
650,new settlers
651,deaths
652,diary
653,navy
654,funeral
655,tea
656,travel
657,hospital
658,village
659,arrest
660,police
661,partner
662,conspiracy
663,police force
664,cowboy costume
665,accident
666,cultural difference
667,inspiring
668,international
669,gender differences
670,new york
671,female nudity
672,chicago
673,sex
674,hotel
675,new year's eve
676,age difference
677,department store
678,nudity
679,lesbian kiss
680,road trip
681,lesbian couple
682,divorce
683,lesbian sex
684,lgbt
685,mother child relationship
686,child custody
687,older woman younger woman relationship
688,christmas
689,film making
690,loss of mother
691,cynic
692,red cap
693,android
694,self-destruction
695,countdown
696,space marine
697,space suit
698,beheading
699,biology
700,female protagonist
701,outer space
702,parasite
703,h. r. giger
704,shakespeare
705,based on play
706,gritty
707,medieval
708,king of england
709,bureaucracy
710,police state
711,terror
712,great britain
713,paris
714,expensive restaurant
715,river
716,cook
717,mouse
718,roof
719,window
720,work
721,restaurant critic
722,kitchen
723,spice
724,cookbook
725,chef
726,rat
727,pixar
728,individual
729,new jersey
730,paraplegic
731,hamster
732,ecstasy
733,strangeness
734,epilepsy
735,lethargy
736,answering machine
737,difficult childhood
738,singles
739,unsociability
740,los angeles
741,grave digger
742,secret passage
743,clone
744,taxi
745,stowaway
746,space travel
747,race against time
748,arms dealer
749,priest
750,end of the world
751,police chase
752,cab driver
753,new york city
754,explosion
755,exploding planet
756,opera singer
757,stone
758,resort hotel
759,cyborg redneck
760,archeologist
761,cruise liner starship
762,reference to aristotle
763,reference to john milton
764,reference to cicero
765,feel bad comedy
766,nebbish
767,protagonist as punching bag
768,cold war
769,weapon
770,falsely accused person
771,jew persecution
772,jewish ghetto
773,zionism
774,false accusations
775,justice
776,false accusation of murder
777,injustice
778,imperial russia
779,kiev russia
780,prison rape
781,russian secret police
782,slavery
783,werewolf
784,slave
785,dungeon
786,new zealand
787,maori
788,spacecraft
789,teleportation
790,space mission
791,parachute
792,black hole
793,supernova
794,prequel
795,warp speed
796,futuristic
797,warp engine
798,romulans
799,vulcan
800,alternate reality
801,reboot
802,tax collector
803,docudrama
804,commando
805,faked death
806,black ops
807,berlin
808,assassin
809,sniper
810,lie
811,suspense
812,on the run
813,shootout
814,espionage
815,foot chase
816,car chase
817,exploding house
818,though guy
819,one against many
820,rail car
821,dark past
822,hand to hand combat
823,moscow russia
824,tree
825,grief
826,children
827,single mother
828,rural
829,cooking
830,restaurant
831,crew
832,legs
833,brat pack
834,rowing
835,oxford university
836,black pantyhose
837,investigative journalism
838,laconic humor
839,behind the scenes
840,making of
841,miscarriage of justice
842,poison
843,reanimation
844,part stop motion
845,cheating husband
846,zombies
847,back from the dead
848,person on fire
849,monkey
850,attempted rape
851,exploding body
852,dismemberment
853,nagging mother
854,director cameo
855,head cut in half
856,leg ripped off
857,stop motion scene
858,police inspector
859,trial by combat
860,gun
861,dark comedy
862,iceberg
863,panic
864,titanic
865,ocean liner
866,epic
867,rich woman - poor man
868,disaster
869,tragic love
870,class differences
871,imax
872,star crossed lovers
873,steerage
874,salvage
875,rich snob
876,1910s
877,indian
878,demonstration
879,imprisonment
880,south africa
881,hunger strike
882,colony
883,morning prayer
884,hindu
885,independence
886,british army
887,political negotiations
888,conference
889,nonviolent resistance
890,apartheid
891,british empire
892,protest
893,independence movement
894,bombay
895,strike
896,freedom
897,prayer
898,hinduism
899,mahatma gandhi
900,calcutta
901,africa
902,nile
903,exploration
904,medium
905,curse
906,jock
907,communicating with the dead
908,dealing with the past
909,witch trial
910,child witch
911,empathy
912,strange
913,bomb
914,assassination
915,death by hanging
916,adolf hitler
917,plan
918,deception
919,treason
920,colonel
921,military officer
922,plot
923,german officer
924,piano wire
925,medal
926,electrocution
927,child murder
928,soulmates
929,home
930,return
931,ex-girlfriend
932,suppressed past
933,village life
934,loss of father
935,province
936,family history
937,war photographer
938,lodge
939,crush
940,teacher
941,youth
942,japanese
943,battle assignment
944,invasion
945,marine corps
946,us army
947,commander
948,pacific
949,rifle
950,jungle
951,infantry
952,steel helmet
953,sergeant
954,pacific island
955,soldier
956,fighting
957,guadalcanal
958,awol
959,brazilian
960,brazil
961,long lost relative
962,funny
963,duke
964,writer's block
965,terminal illness
966,writer
967,exclamation point in title
968,no opening credits
969,moulin rouge
970,bohemian
971,toulouse lautrec
972,red curtain
973,cancan dance
974,indian music
975,la traviata
976,orpheus and eurydice
977,dance hall
978,evisceration
979,javelin
980,shield
981,fall from height
982,s.a.t.
983,minions
984,terrorist bombing
985,shot on imax cameras
986,riddick
987,short
988,john lennon
989,the beatles
990,paul mccartney
991,reference to the beatles
992,cia
993,retirement
994,shot to death
995,sniper rifle
996,retired
997,female spy
998,alarm
999,ice hockey
1000,pedophile
1001,throat slitting
1002,shot in the stomach
1003,head blown off
1004,pistol whip
1005,shot in the shoulder
1006,child uses gun
1007,ankle holster
1008,breaking finger
1009,superhuman strength
1010,supergirl
1011,samurai
1012,prisoner of war camp
1013,anthology film
1014,portmanteau
1015,rebel
1016,wheelchair
1017,lunatic asylum
1018,rage and hate
1019,insanity
1020,basic rights and human rights
1021,small town
1022,ear
1023,ear cut off
1024,ku klux klan
1025,mississippi
1026,sheriff
1027,shotgun
1028,deputy sheriff
1029,fbi
1030,motel
1031,victim of murder
1032,burning cross
1033,rope
1034,fbi agent
1035,based on true events
1036,death row
1037,alcatraz
1038,lawyer
1039,courtroom
1040,murder trial
1041,1940s
1042,mistreatment
1043,public defender
1044,prisoner abuse
1045,coverup
1046,terrorism
1047,parade
1048,political
1049,irish rebellion
1050,telepathy
1051,atomic bomb
1052,emperor
1053,mutation
1054,guild
1055,water
1056,chosen one
1057,jihad
1058,denunciation
1059,night watchman
1060,law
1061,investigation
1062,student
1063,best friend
1064,alien abduction
1065,pregnancy
1066,alien baby
1067,cyberpunk
1068,cyberspace
1069,black comedy
1070,slum
1071,street gang
1072,refugee camp
1073,extraterrestrial technology
1074,johannesburg
1075,prawn
1076,social commentary
1077,mother
1078,literature
1079,fantasy
1080,passion
1081,true
1082,relationship
1083,radio
1084,monarchy
1085,radio transmission
1086,royal family
1087,speech
1088,death of father
1089,senior citizens
1090,epidemic
1091,influenza
1092,claustrophobia
1093,hidden camera
1094,reality show
1095,make believe
1096,pretend
1097,round table
1098,interview
1099,discussion
1100,guest
1101,celebrity
1102,comedy
1103,live
1104,tv special
1105,anniversary
1106,stand up comedy
1107,improvisation
1108,illegitimate son
1109,journalist
1110,texas
1111,professor
1112,death penalty
1113,reporter
1114,intern
1115,innocent
1116,activist
1117,bowling
1118,servant
1119,jane austen
1120,inheritance
1121,period drama
1122,rainstorm
1123,horse and carriage
1124,decorum
1125,germany
1126,war crimes
1127,trial
1128,female prisoner
1129,law student
1130,scotland
1131,parents kids relationship
1132,becoming an adult
1133,mother role
1134,success
1135,widow
1136,theatre play
1137,stroke of fate
1138,costume
1139,peter pan
1140,theatre group
1141,adventure
1142,marriage crisis
1143,theatre milieu
1144,author
1145,fantastic
1146,illness
1147,spectacle
1148,child
1149,flat
1150,mobile phone
1151,tulips
1152,meeting
1153,puke
1154,pants
1155,liberal
1156,aids
1157,homosexuality
1158,child abuse
1159,journalism
1160,judge
1161,florida
1162,boston
1163,pedophilia
1164,catholic
1165,catholic church
1166,september 11 2001
1167,cardinal
1168,hurricane
1169,psychiatric hospital
1170,u.s. marshal
1171,conspiracy theory
1172,comic book
1173,mockumentary
1174,norse mythology
1175,marvel
1176,comic
1177,marvel cinematic universe
1178,alien invasion
1179,space race
1180,tzar
1181,russian revolution
1182,train explosion
1183,foreign language adaptation
1184,exploding train
1185,san francisco
1186,plantation
1187,pity
1188,michigan
1189,wedding reception
1190,power outage
1191,destruction of planet
1192,wedding toast
