1,Peter Jackson
2,Michel Gondry
3,Hayao Miyazaki
4,Liev Schreiber
5,Mark Christopher Covino
6,Jeff Howlett
7,Donna Davies
8,Robert Zemeckis
9,Frank Miller
10,Robert Rodriguez
11,Quentin Tarantino
12,Olivier Assayas
13,Frédéric Auburtin
14,Gurinder Chadha
15,Sylvain Chomet
16,Ethan Coen
17,Isabel Coixet
18,Wes Craven
19,Alfonso Cuarón
20,Gérard Depardieu
21,Christopher Doyle
22,Richard LaGravenese
23,Vincenzo Natali
24,Alexander Payne
25,Walter Salles
26,Oliver Schmitz
27,Nobuhiro Suwa
28,Daniela Thomas
29,Tom Tykwer
30,Gus Van Sant
31,Bruno Podalydès
32,Joel Coen
33,Lexi Alexander
34,Shane Acker
35,Stephen Sommers
36,Bryan Singer
37,David Mackenzie
38,Matthew Vaughn
39,Joshua Michael Stern
40,Beeban Kidron
41,Richard Loncraine
42,Bill Condon
43,James Mangold
44,Ron Howard
45,Sean Mathias
46,Brett Ratner
47,Brian De Palma
48,David Cronenberg
49,John Hillcoat
50,Tony Scott
51,Peter Weir
52,Michael Moore
53,Renny Harlin
54,Jane Campion
55,Andrew Davis
56,Joe Johnston
57,Allan Moyle
58,Tom Hanks
59,James Gunn
60,Jake Schreier
61,Mike Binder
62,Pat O'Connor
63,Joachim Rønning
64,Espen Sandberg
65,Gore Verbinski
66,Ridley Scott
67,Wolfgang Petersen
68,Stephen Herek
69,David Armstrong
70,Steven Spielberg
71,Roger Allers
72,Nina Paley
73,Bill Plympton
74,Mohammed Saeed Harib
75,Gaëtan Brizzi
76,Paul Brizzi
77,Joan Gratz
78,Tomm Moore
79,Joann Sfar
80,Michal Socha
81,Stephen Weeks
82,Bradley King
83,Blake Edwards
84,Douglas Camfield
85,Tad Stones
86,John Shepphird
87,Michael O. Sajbel
88,John Glen
89,Klaus Knoesel
90,Holger Neuhäuser
91,Chad Burns
92,Garry Marshall
93,Anthony Hickox
94,Howard E. Baker
95,John Fox
96,Brad Mirman
97,Rich Wilkes
98,Steve Trenbirth
99,Reginald Hudlin
100,Gordon Chan
101,Kurt Wimmer
102,Niki Caro
103,Asif Kapadia
104,John Frankenheimer
105,Mike Figgis
106,Caroline Thompson
107,Ken Russell
108,Michael Bay
109,Jon Turteltaub
110,Jim Sheridan
111,Christophe Gans
112,Martin Campbell
113,Derek Jarman
114,Nick Love
115,Gary Fleder
116,Chris Columbus
117,Jamil Dehlavi
118,Gene Quintano
119,Terence Fisher
120,Tim Burton
121,Mike Johnson
122,T.Y. Drake
123,George Lucas
124,Jules Bass
125,|Arthur Rankin, Jr.|
126,Jesús Franco
127,Stevan Riley
128,Vladimir Grammatikov
129,Robin Hardy
130,Andrei Konchalovsky
131,Martin Scorsese
132,Raoul Walsh
133,Richard Lester
134,Bill Persky
135,Peter Sasdy
136,Stuart Burge
137,Edmond T. Gréville
138,Peter Duffell
139,Bille August
140,Burt Kennedy
141,Eugenio Martín
142,Mario Bava
143,Vadim Jean
144,Don Sharp
145,Billy Wilder
146,Freddie Francis
147,Gordon Hessler
148,Jean Flynn
149,Robert Siodmak
150,Dave Filoni
151,Peter Sykes
152,Lawrence Roeck
153,Charles Martin Smith
154,Gaby Dellal
155,Gavin Hood
156,Christopher N. Rowley
157,Jeremiah Kipp
158,Zeke Dunn
159,Nicole Real
160,Glenn McQuaid
161,Ryan Little
162,David Anspaugh
163,Jonathan M. Gunn
164,Richard Donner
165,Jay Oliva
166,Xu Kerr
167,Bruce Pittman
168,Terry Dougas
169,Nikki Frakes
170,Will Hess
171,|Daniel Petrie, Jr.|
172,Peter Segal
173,Ethan Spaulding
174,Scott Rodgers
175,Andrew Erwin
176,Jon Erwin
177,Warren Beatty
178,Edward Zwick
179,Christopher Nolan
180,J.J. Abrams
181,Mike Leigh
182,Matt Reeves
183,Joss Whedon
184,Rupert Wyatt
185,Mat Whitecross
186,Paul Andrew Williams
187,Michael Winterbottom
188,Yahoo Serious
189,Andy Wachowski
190,Lana Wachowski
191,Jocelyn Moorhouse
192,James McTeigue
193,Josh Oreck
194,Stephan Elliott
195,Zack Snyder
196,Dean DeBlois
197,Todd Haynes
198,Edgar Wright
199,Wes Anderson
200,David Fincher
201,Daniel Geller
202,Dayna Goldfine
203,Anthony Minghella
204,Kenneth Branagh
205,Woody Allen
206,Shekhar Kapur
207,Lasse Hallström
208,Jim Jarmusch
209,Terry Gilliam
210,Brad Bird
211,Zach Braff
212,Luc Besson
213,Andrew Niccol
214,Christian Volckman
215,Steven Soderbergh
216,Hugh Hudson
217,Dick Clement
218,Stanley Tucci
219,Campbell Scott
220,Alan Bridges
221,Franco Zeffirelli
222,John Laing
223,Sam Pillsbury
224,Toa Fraser
225,Costa Botes
226,Antoine Fuqua
227,Paul Greengrass
228,Marc Webb
229,Julie Bertuccelli
230,Kevin Connor
231,James Cameron
232,Richard Attenborough
233,Bob Rafelson
234,Sam Fell
235,Chris Butler
236,John Irvin
237,Roger Donaldson
238,Stephen Hopkins
239,Clint Eastwood
240,Mathieu Kassovitz
241,Gerald McMorrow
242,Brad McGann
243,Chris Roache
244,Terrence Malick
245,Bruno Barreto
246,Simone North
247,Tommy Lee Jones
248,Nick Willing
249,Baz Luhrmann
250,Sam Neill
251,Garth Davis
252,Ira Sachs
253,Michael Mann
254,Bonner Bellew
255,Erik Van Looy
256,Robert Schwentke
257,Pete Travis
258,David Twohy
259,Wayne Kramer
260,James Tucker
261,Tony Mahony
262,Patrick Tatopoulos
263,Wayne Coe
264,Miloš Forman
265,David Lynch
266,Alan Parker
267,John Huston
268,Marc Rocco
269,Brian Yuzna
270,Tom Holland
271,Stephen Norrington
272,John Lafia
273,Werner Herzog
274,Ken Loach
275,Rob Zombie
276,Michael Cimino
277,Irvin Kershner
278,Ole Bornedal
279,Madellaine Paxson
280,Stephen Kay
281,Neill Blomkamp
282,Sngmoo Lee
283,Tom Hooper
284,Simon Pattison
285,David Gould
286,Peter Fisk
287,Mark Farrell
288,Don Roy King
289,Beth McCarthy-Miller
290,Stacey Foster
291,James Signorelli
292,Mark Steven Johnson
293,Howard Hall
294,Peter Farrelly
295,Bobby Farrelly
296,Chuck Russell
297,Ang Lee
298,Marc Forster
299,Danny Boyle
300,Stephen Daldry
301,Roman Polanski
302,Neil Burger
303,Ryan Murphy
304,Tom McCarthy
305,Jon M. Chu
306,Louis Leterrier
307,Rod Lurie
308,Brian Goodman
309,Maya Forbes
310,Rian Johnson
311,Barbara Leibovitz
312,Neil Jordan
313,Sofia Coppola
314,Don Bluth
315,Gary Goldman
316,Lars von Trier
317,Barry Levinson
318,John Stockwell
319,Gillian Armstrong
320,Sam Raimi
321,Keith Gordon
322,Ava DuVernay
323,Amma Asante
324,Oliver Parker
325,Guy Ritchie
326,John Madden
327,Roland Emmerich
328,Max Lang
329,Jakob Schuh
330,Peter Cattaneo
331,Uwe Heidschötter
332,Johannes Weiland
333,Todd Solondz
334,Curtis Hanson
335,Todd Field
336,Jonathan Levine
337,Brad Silberling
338,Troy Miller
339,Ryan Polito
340,Bobcat Goldthwait
341,Casper Kelly
342,Terry Zwigoff
343,Elizabeth Banks
344,Mark Osborne
345,John Stevenson
346,Peter Avanzino
347,Jennifer Yuh
348,Gillian Robespierre
349,Tom McGrath
350,Robert Benton
351,Bill Paxton
352,Jimmy Hayward
353,Steve Martino
354,Robert Kirbyson
355,Spike Lee
356,Charlie Kaufman
357,Dan Harris
358,Mami Sunada
359,Katsuhito Ishii
360,Hirokazu Koreeda
361,Akihiko Shiota
362,Takashi Miike
363,John Woo
364,Takashi Yamazaki
365,Sion Sono
366,Takeshi Kitano
367,Itsuji Itao
368,Shimako Sato
369,Tôya Satô
370,Hiromasa Yonebayashi
371,Kim Tae-Gyun
372,Hiroshi Ishikawa
373,Isao Takahata
374,Kiyoshi Kurosawa
375,Jun Ichikawa
376,Kazuyuki Izutsu
377,Hoshino Kazunari
378,Gil Junger
379,Gregg Araki
380,Ron Clements
381,John Musker
382,Robert Redford
383,Dan Scanlon
384,Nancy Meyers
385,Sam Mendes
386,James Bobin
387,Doug Liman
388,Denis Villeneuve
389,Cedric Nicolas-Troyan
390,David Frankel
391,Jean-Marc Vallée
392,Peter Hedges
393,George Nolfi
394,William Lau
395,Brenda Chapman
396,Steve Hickner
397,Simon Wells
398,Eric Darnell
399,Conrad Vernon
400,Francis Veber
401,Charles Shyer
402,Paul Thomas Anderson
403,Joe Dante
404,John Landis
405,Diarmuid Lawrence
406,Francis Lawrence
407,Paul McGuigan
408,Rob Minkoff
409,Steve Antin
410,Will Gluck
411,Gary Ross
412,Howard Franklin
413,Bill Murray
414,Patricia Rozema
415,Rob Reiner
416,Randa Haines
417,Barbra Streisand
418,Jonathan Demme
419,John Sayles
420,Michael Pressman
421,Stephen Chbosky
422,Steve Loter
423,Les Blank
424,Dominik Wessely
425,Laurens Straub
426,Dmitry Vasyukov
427,Harmony Korine
428,Gus Holwerda
429,Simon J. Smith
430,Vincent Ward
431,John Hughes
432,Todd Kessler
433,Brin Hill
434,Emile Ardolino
435,John Milius
436,Lenny Abrahamson
437,Stéphane Aubier
438,Vincent Patar
439,Benjamin Renner
440,Steven Schachter
441,David Mamet
442,Jason Reitman
443,William H. Macy
444,Henry Bromell
445,Brad Furman
446,Jeremiah S. Chechik
447,Steven Zaillian
448,John Badham
449,Joaquim Dos Santos
450,Chris Buck
451,Jennifer Lee
452,Pierre Coffin
453,Chris Renaud
454,Matt Lang
455,Kevin Tancharoen
456,Shari Springer Berman
457,Robert Pulcini
458,Don Hall
459,Chris Williams
460,Nathan Greno
461,Byron Howard
462,Scott Crary
463,Madonna
464,Robert Bierman
465,John Schlesinger
466,Nancy Bishop
467,Norbert Heitker
468,Curt Geda
469,Stacy Peralta
470,Alex Winter
471,Chris Berkeley
472,Lauren Montgomery
473,Adam Rifkin
474,Scott Crawford
475,John Gulager
476,Ed Decter
477,Rob Stefaniuk
478,Zak Levitt
479,Dennie Gordon
480,Gerard Barry
481,Sam Dunn
482,Scot McFadyen
483,Jessica Joy Wise
484,Mike Myers
485,Beth Aala
486,Alan Rudolph
487,Greg Olliver
488,Wes Orshoski
489,Julien Temple
490,Tyler Measom
491,Justin Weinstein
492,Frank Perry
493,Daniel Farrands
494,Andrew Kasch
495,Penelope Spheeris
496,Alex Gibney
497,Daniel Farhi
498,Jeff McQueen
499,George A. Romero
500,Lex Halaby
501,Alexandre Aja
502,Ryan Turek
503,Roy Knyrim
504,Sean S. Cunningham
505,Tony Wash
506,Ethan Maniquis
507,Kevin Smith
508,Dario Argento
509,Michael Gornick
510,William Lustig
511,Michael Matessino
512,John Carpenter
513,Peter Hanson
514,Mark Cerulli
515,Nicolas Kleiman
516,Rob Lindsay
517,Andrew Monument
518,Michael Pellerin
519,Paul Bartel
520,Frank Oz
521,Mark Hartley
522,Ralf Möllenhoff
523,Stuart Samuels
524,Perry Martin
525,Wendy Apple
526,Allison Anders
527,Alexandre Rockwell
528,Eli Roth
529,Jason Eisener
530,Anthony Russo
531,Joe Russo
532,Saul Metzstein
533,Douglas Mackinnon
534,Richard Mears
535,Richard Curtis
536,Garth Jennings
537,Jeroen Jaspaert
538,Debbie Isitt
539,James Hawes
540,Steven Quale
541,Juliet McKoen
542,Julian Jones
543,Brendan Muldowney
544,Aisling Walsh
545,Lone Scherfig
546,Ben Palmer
547,Mike Nichols
548,Andrew Adamson
549,Ryan Coogler
550,Frank Paur
551,George Gallo
552,Olivier Megaton
553,Sylvester Stallone
554,Melanie Read
555,Nick Murphy 
556,Emilio Estevez
557,Oliver Hirschbiegel
558,Jay Roach
559,Garth Maxwell
560,Gillian Ashurst
561,Harald Zwart
562,Craig Viveiros
563,Michael Black
564,Stuart McKenzie
565,John Reid
566,Stefen Harris
567,Kathryn Bigelow
568,Peyton Reed
569,Tarsem Singh
570,Tom Ford
571,Stephen Frears
572,Simon Staho
573,Harald Hamrell
574,Mårten Klingberg
575,Susanne Bier
576,Felix Herngren
577,Fredrik Lindström
578,Jan Troell
579,Kristian Levring
580,Reto Salimbeni
581,Simon Kaijser
582,Stephan Apelgren
583,Kathrine Windfeld
584,Nils Gaup
585,Stuart McDonald
586,Geoffrey Sax
587,Trevor Nunn
588,James Wan
589,Justin Lin
590,Julian Jarrold
591,James Strong
592,Gary Shore
593,Matthew Walker
594,Eric Styles
595,Adrian Shergold
596,Bill Jones
597,Jeff Simpson
598,Ben Timlett
599,Dave McKean
600,Charles Crichton
601,Robert Altman
602,Matthew Thompson
603,Brian Gilbert
604,Adrian Sibley
605,Damon Gameau
606,Vic Sarin
607,Jonathan Liebesman
608,David Slade
609,Ray Lawrence
610,Greg Aronowitz
611,Andrew Merrifield
612,Charlie Haskell
613,Brian Gibson
614,Peter Kosminsky
615,Troy Duffy
616,Andrew Currie
617,Mike Gabriel
618,Eric Goldberg
619,Eric Idle
620,Mark Andrews
621,Steve Purcell
622,Andy Hamilton
623,Guy Jenkin
624,Stevie Wermers
625,Dustin Hoffman
626,Brian Henson
627,Jill Culton
628,Anthony Stacchi
629,Chris Ver Wiel
630,Morten Tyldum
631,Lyndsey Turner
632,Steve McQueen
633,Joe Wright
634,Chris Morris
635,David Attwood
636,John Wells
637,Tom Vaughan
638,Richard Riddiford
639,Gaylene Preston
640,Christopher Spencer
641,Ekachai Uekrongtham
642,Jess Feast
643,Jerusha Hess
644,Gilles Ganzmann
645,Bob Gale
646,Paul Auster
647,Wayne Wang
648,Rod Daniel
649,Fred Savage
650,Matt Shakman
651,Alan Johnson
652,Jonathan Lynn
653,Bob Hathcock
654,Barry Sonnenfeld
655,Richard Gabai
656,Pixote Hunt
657,Maurice Hunt
658,W.D. Richter
659,Sean McNamara
660,Stan Dragoti
661,Nicolas Roeg
662,Jonathan Prince
663,Gavin Wilding
664,Seth MacFarlane
665,Tom DiCillo
666,Keva Rosenfeld
667,David Paulsen
668,William Dear
669,Nikhil Advani
670,Jim Hemphill
671,Howard Deutch
672,Art Linson
673,Michael Tully
674,Harry Winer
675,Brant Sersen
676,Jill Sprecher
677,Rachel Goldenberg
678,Jason Aron
679,Nick Castle
680,Michael Apted
681,John G. Avildsen
682,Volker Schlöndorff
683,John Polson
684,Andrew Fleming
685,David M. Rosenthal
686,Anthony Harvey
687,Gary Yates
688,Peter Yates
689,Bob Clark
690,Eric Callero
691,Joseph Neulight
692,Lewis John Carlino
693,Gary Sinise
694,David Greenwalt
695,Christopher Cain
696,George P. Cosmatos
697,Rebecca Thomas
698,Henry Bean
699,Ernest R. Dickerson
700,Franc Roddam
701,Gabriela Tagliavini
702,Phillip Noyce
703,John Singleton
704,John Kalangis
705,Luis Llosa
706,Ben Stiller
707,Norman Jewison
708,Richard Franklin
709,Michael Caton-Jones
710,Sally Potter
711,Christian E. Christiansen
712,Mark Jones
713,Giles Borg
714,Jim Wilson
715,David Frost
716,Damian Lee
717,Rob Cohen
718,Chris Sanders
719,Kevin Reynolds
720,Paul W.S. Anderson
721,Rachel Talalay
722,Vondie Curtis-Hall
723,Barry Cook
724,Phil Nibbelink
725,Dick Zondag
726,Ralph Zondag
727,Cameron Crowe
728,Pete Docter
729,Ronaldo Del Carmen
730,Nick Wickham
731,Josh Cooley
732,Barry Shils
733,Cathy Malkasian
734,Jeff McGrath
735,Jacob Medjuck
736,Tony Dean Smith
737,David Steinberg
738,Savage Steve Holland
739,Gerald Potterton
740,Dennis Dugan
741,Franklin Cofod
742,Joseph Zito
743,Paul Feig
744,Fred Walton
745,Paul Tibbitt
746,Mark Stratton
747,Frank Marshall
748,Ivan Reitman
749,Bethel Buckalew
750,John Quinn
751,Robert Kurtzman
752,Don Edmonds
753,Stan Winston
754,David DeCoteau
755,Greg Corarito
756,Matt Cimber
757,Tobe Hooper
758,Larry Sulkis
759,Scott Allen
760,Danny Steinmann
761,Ed Friedman
762,Lou Kachivas
763,Marsh Lamore
764,Bill Reed
765,Gwen Wetzler
766,Oliver Stone
767,Jane Spencer
768,Tim Hunter
769,Bernard Rose
770,James Foley
771,John Boorman
772,Bob Peterson
773,Andrew Stanton
774,John McTiernan
775,Fred Dekker
776,Francesco Rosi
777,Sergio Leone
778,Gillo Pontecorvo
779,Elio Petri
780,Jean-Pierre Melville
781,Mario Monicelli
782,Antonio Pietrangeli
783,Sergio Sollima
784,Giuliano Montaldo
785,Carlo Lizzani
786,Rob Marshall
787,M. Night Shyamalan
788,Patrick Meaney
789,Nick Cassavetes
790,Brett Simon
791,Len Wiseman
792,Dean Parisot
793,Michael Polish
794,Skip Woods
795,Barbet Schroeder
796,Darren Aronofsky
797,Steve Buscemi
798,Vincent Gallo
799,Lawrence Kasdan
800,Jon Favreau
801,Francis Ford Coppola
802,Pete McCormack
803,Vlad Yudin
804,Michael Karbelnikoff
805,Robert Young
806,Alejandro González Iñárritu
807,Scott Hicks
808,Mike Hodges
809,David Schwimmer
810,Stephen Poliakoff
811,Matt Piedmont
812,Rodman Flender
813,Christian P. Della Penna
814,Doug Ellin
815,Judd Apatow
816,Bille Woodruff
817,Bernie Goldmann
818,Melisa Wallack
819,Jonas Åkerlund
820,Ted Demme
821,Keenen Ivory Wayans
822,Francesco Vezzoli
823,Alan Taylor
824,Julian Schnabel
825,George Huang
826,Ash Baron-Cohen
827,Gabriele Muccino
828,Jennifer Aniston
829,Patty Jenkins
830,Alicia Keys
831,Demi Moore
832,Jennifer Siebel Newsom
833,Larry Clark
834,Elaine Constantine
835,Petter Næss
836,Mark Piznarski
837,Tim Blake Nelson
838,Sebastian Gutierrez
839,Philip G. Atwell
840,Jeff Bleckner
841,Ken Kwapis
842,Geoffrey Fletcher
843,Sanaa Hamri
844,Penny Marshall
845,Amy Heckerling
846,Matthew Bright
847,Karen Moncrieff
848,Alex Merkin
849,William Maher
850,Randall Cole
851,Carlos Brooks
852,Jonathan Mostow
853,David Nutter
854,Frank Darabont
855,F. Gary Gray
856,Aaron Blaise
857,Robert Walker
858,Ben Gluck
859,John Fortenberry
860,Adam McKay
861,Kevin Heffernan
862,Malcolm D. Lee
863,|George Tillman, Jr.|
864,Christian Duguay
865,Dick Lowry
866,Dwight H. Little
867,David M. Evans
868,Boaz Yakin
869,Raja Gosnell
870,Scott Caan
871,Ralph Nelson
872,Charles de Lauzirika
873,Thomas Jahn
874,Paul Verhoeven
875,Henry Crum
876,John Mackenzie
877,Ben Sombogaart
878,Shaun Monson
879,Robert Harmon
880,George Clooney
881,Maarten Treurniet
882,Brian Clyde
883,David Drury
884,Lewis Teague
885,Jack Gold
886,Sam Peckinpah
887,Jaume Collet-Serra
888,Zoran Lisinac
889,Mike Newell
890,Lee Tamahori
891,Nick Vallelonga
892,Andrzej Sekula
893,Parviz Saghizadeh
894,Larry Ferguson
895,Ken Wiederhorn
896,Simon Wincer
897,Larry Bishop
898,Mark Young
899,David Zucker
900,John Dahl
901,Frank E. Johnson
902,Barnet Kellman
903,Jan Kounen
904,Alex Cox
905,Robby Henson
906,Peter Chelsom
907,Scott Frank
908,Caryn Krooth	
909,Jon Harmon Feldman
910,Shawn Levy
911,Steve Rash
912,Jason Winn
913,Mac Carter
914,Phil Lord
915,Chris Miller
916,Alfonso Gomez-Rejon
917,Mike Thurmeier
918,Galen T. Chu
919,Jordan Vogt-Roberts
920,Rawson Marshall Thurber
921,Genndy Tartakovsky
922,Robert Marianetti
923,David Wachtenheim
924,Elizabeth Swados
925,Lee Unkrich
926,David Silverman
927,Florian Gallenberger
928,Joe Eckardt
929,Oren Moverman
930,Richard Shepard
931,Simon West
932,Frank Coraci
933,Abel Ferrara
934,Tamra Davis
935,Gil Kenan
936,Adam Yauch
937,Betty Thomas
938,Marya Cohn
939,Matt Williams
940,Josh Boone
941,Mary Harron
942,Chad Stahelski
943,David Leitch
944,William Friedkin
945,Walter Hill
946,Daniel Nettheim
947,Mark Williams
948,Christian Carion
949,Dennis Lee
950,John Waters
951,Richard Kelly
952,Spike Jonze
953,Laurie Collyer
954,Steven Shainberg
955,Eric Lartigau
956,Lorraine Lévy
957,Agnès Obadia
958,François Truffaut
959,François Ozon
960,Patrice Leconte
961,Sydney Pollack
962,Marion Vernoux
963,Anne Fontaine
964,Wim Wenders
965,Michelangelo Antonioni
966,Mark Peploe
967,Gabriel Aghion
968,Jacques Audiard
969,Pierre Jolivet
970,Kim Chapiron
971,Radu Mihaileanu
972,Audrey Estrougo
973,Krzysztof Kieślowski
974,Leos Carax
975,Abbas Kiarostami
976,Bruno Dumont
977,Hou Hsiao-hsien
978,Marion Laine
979,Pablo Berger
980,Pedro Almodóvar
981,David Trueba
982,Cesc Gay
983,Vincent Paronnaud
984,Marjane Satrapi
985,Paolo Virzì
986,Sandra Nettelbeck
987,Laetitia Masson
988,Giovanni Veronesi
989,Marco Bellocchio
990,Giancarlo Soldi
991,Christian Ditter
992,Jean-Pierre Sinapi
993,Sam Garbarski
994,Tony Richardson
995,Kenneth Anger
996,Patrice Chéreau
997,Wonsuk Chin
998,Otto Preminger
999,John Cassavetes
1000,Steve Carver
1001,John Turturro
1002,Rowdy Herrington
1003,Marco Ferreri
1004,Millard Kaufman
1005,Walter Grauman
1006,John Guillermin
1007,Rick McKay
1008,Claude Berri
1009,Alain Corneau
1010,Stéphane Clavier
1011,Arnaud Desplechin
1012,Joel Hopkins
1013,Christian Vincent
1014,Pascale Ferran
1015,Xavier Durringer
1016,Hippolyte Girardot
1017,Francis Girod
1018,Emmanuel Carrère
1019,Steven R. Monroe
1020,Nina Conti
1021,Jean-Jacques Annaud
1022,Nigel Cole
1023,Richard Benjamin
1024,Ellen Perry
1025,Allen Coulter
1026,Fred Schepisi
1027,Kevin Spacey
1028,Michale Boganim
1029,Russell Crowe
1030,Martin McDonagh
1031,Joseph Kosinski
1032,Diane Bertrand
1033,Guillaume Canet
1034,Coline Serreau
1035,Yolande Moreau
1036,Gilles Porte
1037,Jean-Pierre Jeunet
1038,Étienne Chatiliez
1039,Catherine Breillat
1040,Jean-Paul Rappeneau
1041,Joshua Marston
1042,J.C. Chandor
1043,Craig Gillespie
1044,Daniel Barber
1045,Shona Auerbach
1046,Nicole Holofcener
1047,Brad Anderson
1048,Raymond De Felitta
1049,Richard Compton
1050,Gavin O'Connor
1051,Victor Salva
1052,Terry George
1053,Jake Hoffman
1054,Roger Spottiswoode
1055,Ted Kotcheff
1056,Sidney Lumet
1057,Tim Johnson
1058,Karey Kirkpatrick
1059,George Miller
1060,Ruben Fleischer
1061,Laurent Bouzereau
1062,James L. Brooks
1063,Christophe Honoré
1064,Claudia Weill
1065,Zoe R. Cassavetes
1066,Larry Peerce
1067,Patrick Gilles
1068,Hooman Khalili
1069,Iain Softley
1070,David Yates
1071,Robert Stromberg
1072,Joel Schumacher
1073,James Kent
1074,Tony McNamara
1075,George Hickenlooper
1076,Louis Malle
1077,Richard E. Grant
1078,Peter Lord
1079,Nick Park
1080,P.J. Hogan
1081,Jacques Rivette
1082,Suzanne Schiffman
1083,Eric Rohmer
1084,Alex Proyas
1085,Suri Krishnamma
1086,Brian Helgeland
1087,Nick Hamm
1088,Florian Henckel von Donnersmarck
1089,Marshall Herskovitz
1090,Brigitte Roüan
1091,Peter Webber
1092,Bertrand Bonello
1093,Joan Carr-Wiggin
1094,Manuel Huerga
1095,Álex de la Iglesia
1096,Daniela Féjerman
1097,Inés París
1098,Tim Robbins
1099,Randall Wallace
1100,Jake Kasdan
1101,Philippe Lioret
1102,Marguerite Abouet
1103,Clement Oubrerie
1104,Cédric Klapisch
1105,Michael Haneke
1106,Cédric Anger
1107,Abderrahmane Sissako
1108,Stephen T. Kay
1109,Baillie Walsh
1110,Martin Brest
1111,Guillermo del Toro
1112,Matthew Chapman
1113,Stefan Ruzowitzky
1114,Phil Alden Robinson
1115,Mikael Salomon
1116,David Leland
1117,Tony To
1118,Jesse V. Johnson
1119,Paris Leonti
1120,Jon S. Baird
1121,Nick Nevern
1122,Marcus Adams
1123,Timur Bekmambetov
1124,Sandra Goldbacher
1125,Michael Dowse
1126,Sarah Gavron
1127,Simon Curtis
1128,Roger Michell
1129,Susan Jacobson
1130,Adam Elliot
1131,Stanley Donen
1132,Jeffrey Walker
1133,Alastair Fothergill
1134,Keith Scholey
1135,Lynne Ramsay
1136,Rich Moore
1137,Taylor Hackford
1138,Azazel Jacobs
1139,Liam Lynch
1140,Gregory Jacobs
1141,Ricky Jay
1142,Jim Henson
1143,Jon Amiel
1144,Desmond Saunders
1145,Augusto Caminito
1146,Mario Caiano
1147,Luigi Cozzi
1148,Klaus Kinski
1149,Maurizio Lucidi
1150,Irving Lerner
1151,Michael Schroeder
1152,Paul Fierlinger
1153,Sandra Fierlinger
1154,Frédéric Back
1155,Sergey Bondarchuk
1156,Philip Saville
1157,Robert Wise
1158,Nicholas Ray
1159,Ralph Thomas
1160,Scott Benson
1161,Erik Canuel
1162,Jean Pellerin
1163,Michael Hoffman
1164,Yves Simoneau
1165,Daryl Duke
1166,Mike Mills
1167,Michael Radford
1168,Dan Fogelman
1169,Jeannot Szwarc
1170,Alfred Hitchcock
1171,Robert B. Weide
1172,George Marshall
1173,Joseph L. Mankiewicz
1174,Rouben Mamoulian
1175,Darryl F. Zanuck
1176,Roger Young
1177,Rob Bowman
1178,Harold Becker
1179,Henry Hathaway
1180,Nicholas Fackler
1181,Ray Austin
1182,Lee H. Katzin
1183,Roy Finch
1184,Gabriel Range
1185,George Stevens
1186,J.G. Quintel
1187,Greg Richardson
1188,Brandon Vietti
1189,Sam Liu
1190,Graham Annable
1191,Kevin Lima
1192,Patrick Archibald
1193,Richard Sebast
1194,Mitch Schauer
1195,Bud Yorkin
1196,Arthur Penn
1197,Michael Crichton
1198,Noriaki Yuasa
1199,Sandy Howard
1200,Lamont Johnson
1201,Tom Gries
1202,Steven Hilliard Stern
1203,Daniel Benedict
1204,Chris Stapp
1205,Stephan Franck
1206,Brad Murphy
1207,Stacy Title
1208,John N. Smith
1209,Joe Pytka
1210,Sarah Smith
1211,Albert Hughes
1212,Allen Hughes
1213,Richard Laxton
1214,Eric Till
1215,Alan J. Pakula
1216,Dalton Trumbo
1217,Nicholas Meyer
1218,Richard Fleischer
1219,Kinji Fukasaku
1220,Toshio Masuda
1221,L.Q. Jones
1222,Jack Clayton
1223,Anatole Litvak
1224,J. Lee Thompson
1225,John Sturges
1226,Dore Schary
1227,Ross Clarke
1228,Aaron Schneider
1229,Marc Caro
1230,Jorge R. Gutierrez
1231,Nicolas Winding Refn
1232,Carlo Carlei
1233,Phil Joanou
1234,Victor Cook
1235,Shawn Christensen
1236,Howard McCain
1237,Thor Freudenthal
1238,Stuart Baird
1239,Tate Taylor
1240,Nora Ephron
1241,Joseph Ruben
1242,Bruce Timm
1243,Glenn A. Jordan
1244,Jonathan Glazer
1245,Erik Skjoldbjærg
1246,Miguel Arteta
1247,Drew Goddard
1248,Joe Cornish
1249,Kevin Burns
1250,Rob Letterman
1251,Paul Dinello
1252,James Napier Robertson
1253,Dan Storey
1254,Constance Marks
1255,Peter Ramsey
1256,Kevin Macdonald
1257,Ned Benson
1258,Mark Palansky
1259,Mark Linfield
1260,William Shatner
1261,Jonathan Frakes
1262,Rupert Goold
1263,Uli Edel
1264,Sydney Macartney
1265,Mel Brooks
1266,David Carson
1267,Reshef Levy
1268,Christopher Ashley
1269,Paul Crowder
1270,Justin Kurzel
1271,James Watkins
1272,Cary Fukunaga
1273,John Maclean
1274,Andrea Arnold
1275,David O. Russell
1276,Debra Granik
1277,Drake Doremus
1278,Guillermo Arriaga
1279,Owen Harris
1280,Chris Weitz
1281,Paul Weitz
1282,Juan José Campanella
1283,Maryam Henein
1284,George Langworthy
1285,Tommy O'Haver
1286,Peter Sollett
1287,Drew Barrymore
1288,Darren Lynn Bousman
1289,Robert Lieberman
1290,Adam Green
1291,Jamie Babbit
1292,Eric Schaeffer
1293,Charles Sturridge
1294,Nicole Kassell
1295,Stephen Gyllenhaal
1296,Darrell James Roodt
1297,Martha Coolidge
1298,Dominic Sena
1299,John Watkin
1300,Gregory Nava
1301,Axelle Carolyn
1302,Adam Gierasch
1303,Neil Marshall
1304,Lucky McKee
1305,Ryan Schifrin
1306,Mike Mendez
1307,Dave Parker
1308,John Skipp
1309,Paul Solet
1310,Thomas S. Hammock
1311,Kang Je-Gyu
1312,Wilson Yip
1313,Teddy Chan
1314,Derek Yee Tung-Sing
1315,Li Yu
1316,Benny Chan
1317,Yimeng Jin
1318,Duncan Jones
1319,Barry Battles
1320,Eric Toledano
1321,Olivier Nakache
1322,Colin Trevorrow
1323,Henrik Ruben Genz
1324,Olivier Baroux
1325,Jeff Wadlow
1326,Scott Coffey
1327,Chan-wook Park
1328,Olly Blackburn
1329,Gregg Bishop
1330,Robert Hall
1331,Christopher McQuarrie
1332,S. Craig Zahler
1333,Pierre Morel
1334,Harold Guskin
1335,Eric Red
1336,Lee Daniels
1337,Chris Terrio
1338,Baltasar Kormákur
1339,Adam Shankman
1340,Robert Moresco
1341,Matt Cooper
1342,Martin Kunert
1343,David Semel
1344,Anne Fletcher
1345,Sean Anders
1346,Tony Piccirillo
1347,Michael Dougherty
1348,Noah Baumbach
1349,Carroll Ballard
1350,Jonathan Rosenbaum
1351,Gilles Bourdos
1352,Chris Bailey
1353,John Lasseter
1354,Kelsey Grammer
1355,Jun Falkenstein
1356,Alex Mann
1357,Bradley Raymond
1358,Toby Shelton
1359,Bill Speers
1360,Arthur Allan Seidelman
1361,Owen Hurley
1362,Patrick Hughes
1363,David S. Ward
1364,Richard Pearce
1365,Jerrold Freedman
1366,James Goldstone
1367,Michael Ritchie
1368,Eddie Murphy
1369,Peter Hyams
1370,Leonardo Ricagni
1371,John Hamburg
1372,Alek Keshishian
1373,Roland Joffé
1374,Nick Moore
1375,Anthony Geffen
1376,Régis Wargnier
1377,Paul King
1378,Christian Trumble
1379,Giacomo Campiotti
1380,Jackie Oudney
1381,Richard Eyre
1382,Chris Gerolmo
1383,Alan Gibson
1384,Craig Ferguson
1385,Vernon Sewell
1386,Don Siegel
1387,Michael Tuchner
1388,Robert Stevenson
1389,James Ivory
1390,Gerald Thomas
1391,Brian Clemens
1392,Peter Stormare
1393,Yann Demange
1394,Julian Gilbey
1395,Scott Derrickson
1396,Antony Thomas
1397,Andy Tennant
1398,Charles Jarrott
1399,Niall MacCormick
1400,James Marsh
1401,Mick Jackson
1402,Jodie Foster
1403,Burr Steers
1404,Jr.
1405,Peter Anthony
1406,Bernardo Bertolucci
1407,Robert De Niro
1408,Kirk Jones
1409,Ivan Passer
1410,Matthew Akers
1411,Jessie Nelson
1412,Steve Kloves
1413,Alex Kurtzman
1414,Patrick Gilmore
1415,Bennett Miller
1416,Rachid Bouchareb
1417,John Maybury
1418,François Girard
1419,Dexter Fletcher
1420,Jonathan English
1421,Barry Skolnick
1422,John Michael McDonagh
1423,Tomas Alfredson
1424,Jorge Dorado
1425,Vicente Amorim
1426,Bharat Nalluri
1427,David L. Cunningham
1428,Sheree Folkson
1429,William Wyler
1430,David Lean
1431,Dean Wright
1432,Andrew Sinclair
1433,David Wu
1434,Peter Medak
1435,Richard Rush
1436,Richard Brooks
1437,Peter Glenville
1438,Brian Klugman
1439,Lee Sternthal
1440,Robin Shepperd
1441,Paul Tanter
1442,Daniel Monzón
1443,Robert Markowitz
1444,Nick Tomnay
1445,Simon Fellows
1446,Rodrigo García
1447,Metin Hüseyin
1448,Mel Smith
1449,Peter Hewitt
1450,Billy Tang Hin-Shing
1451,Dominic Burns
1452,Ricky Gervais
1453,Dominic Brigstocke
1454,John Moffitt
1455,Stephen Merchant
1456,John Cameron Mitchell
1457,Hans Canosa
1458,Angelo Pizzo
1459,Sean Penn
1460,Bob Fosse
1461,Michael Sucsy
1462,Costa-Gavras
1463,Julie Taymor
1464,Graeme Clifford
1465,Robert Scheerer
1466,Dwayne Johnson-Cochran
1467,Bruce Beresford
1468,Leythum
1469,Bruce A. Evans
1470,John Harrison
1471,Matthew Leutwyler
1472,Heywood Gould
1473,Udayan Prasad
1474,Gary Hardwick
1475,Walt Becker
1476,Jeff Franklin
1477,Theodore Witcher
1478,Stanley Kubrick
1479,Douglas McGrath
1480,Gary Rydstrom
1481,Adam Salky
1482,David Mirkin
1483,Duncan Ward
1484,Travis Fine
1485,Jake Scott
1486,Mark Herman
1487,David Dobkin
1488,George Ratliff
1489,Lionel Chetwynd
1490,Mark Rydell
1491,Robert Culp
1492,Hal Ashby
1493,Sandy Tung
1494,Larry Cohen
1495,Milton Katselas
1496,Dale Rosenbloom
1497,William Phillips
1498,Levan Bakhia
1499,Beqa Jguburia
1500,Kyle Newman
1501,Li Wen Qi
1502,Mark Edlitz
1503,Bob Saget
1504,Tyler Perry
1505,Jonathan Hensleigh
1506,Robert M. Young
1507,Stewart Raffill
1508,Tommy Stovall
1509,Nicholas Hytner
1510,Alexander Grasshoff
1511,Phillip Borsos
1512,John Hough
1513,Carl Franklin
1514,John Roberts
1515,Robert Aldrich
1516,Billy Ray
1517,Gene Saks
1518,Clay Borris
1519,Curtis Crawford
1520,Casey Walker
1521,Zak Knutson
1522,Matthew Arnold
1523,Freddie Wong
1524,Brandon Laatsch
1525,Tim Miller
1526,Shane Black
1527,Lloyd Kaufman
1528,Tim Story
1529,Jim Gates
1530,Mel Gibson
1531,Terry McDonough
1532,Gavin Millar
1533,Marc Dugain
1534,Anthony Page
1535,Jay Chandrasekhar
1536,Gabriel Axel
1537,Dagur Kári
1538,Aristomenis Tsirbas
1539,Phil Hay
1540,Matt Manfredi
1541,Ralph Fiennes
1542,Tim McCann
1543,Gregg Kavet
1544,Andy Robin
1545,Dan Povenmire
1546,Robert Hughes
1547,Andrzej Bartkowiak
1548,Brad Martin
1549,Chuck Patton
1550,Jieho Lee
1551,Peter Winther
1552,Roger Christian
1553,Kelly Fremon
1554,Karen Arthur
1555,Jennifer Westfeldt
1556,Karen J. Lloyd
1557,Keith Ingham
1558,Rob Cowan
1559,Mark Helfrich
1560,Bill L. Norton
1561,Matthew Hastings
1562,Catherine Hardwicke
1563,Richard Martini
1564,John Ottman
1565,Eric Bress
1566,J. Mackye Gruber
1567,Claudio Fäh
1568,Larysa Kondracki
1569,Fernando Meirelles
1570,Alejandro Amenábar
1571,David Hare
1572,Paolo Sorrentino
1573,Adam Brooks
1574,Marie-Castille Mention-Schaar
1575,Pierre Kubel
1576,Peter Flinth
1577,Raúl Ruiz
1578,Philippe de Broca
1579,Tim Pope
1580,Karine Silla
1581,Shirley MacLaine
1582,Jon Avnet
1583,John Lee Hancock
1584,Mick Garris
1585,Patrick Read Johnson
1586,Tom Shadyac
1587,Tony Bill
1588,Luis Mandoki
1589,Norman René
1590,Moira Armstrong
1591,John Henderson
1592,John Stephenson
1593,Alan Clarke
1594,Dan Poole
1595,Giles Terera
1596,Ashley Pearce
1597,Christopher Morahan
1598,David Hugh Jones
1599,Brian Percival
1600,Peter Greenaway
1601,Maria Giese
1602,Gerry O'Hara
1603,Sidney Hayers
1604,Geoff Murphy
1605,Lewis Gilbert
1606,Stuart Urban
1607,Jonathan Dayton
1608,Valerie Faris
1609,Kevin Costner
1610,Lisa Cholodenko
1611,Philip Hunt
1612,Mat Kirkby
1613,John Crowley
1614,Sharon Maguire
1615,Phyllida Lloyd
1616,Anand Tucker
1617,Stephen Fry
1618,Terry Jones
1619,Claude Nuridsany
1620,Marie Pérennou
1621,Prince
1622,Sam Taylor-Johnson
1623,Irwin Winkler
1624,Niall Johnson
1625,Saul Dibb
1626,Philippe Claudel
1627,Colin Bucksey
1628,Philip Martin
1629,Michael D. Sellers
1630,Robert Moore
1631,Agnieszka Holland
1632,Herbert Ross
1633,Seth Holt
1634,Desmond Davis
1635,Hugh Wilson
1636,Guy Hamilton
1637,Charles Dance
1638,Matt Lipsey
1639,Christopher Smith
1640,Gabe Ibáñez
1641,Robert Downey Sr.
1642,Richard Linklater
1643,Alan Metter
1644,Richard Schickel
1645,Jon Poll
1646,Tim Sullivan
1647,Peter Hammond
1648,Piers Haggard
1649,Martin Rosen
1650,Ted Berman
1651,Richard Rich
1652,Marco Brambilla
1653,Daisy von Scherler Mayer
1654,Peter Werner
1655,Jim Abrahams
1656,Jerry Zucker
1657,Damien O'Donnell
1658,Peter MacDonald
1659,Matthew Warchus
1660,Jiří Menzel
1661,Claire Denis
1662,Jean-Luc Godard
1663,István Szabó
1664,Dave Green
1665,Gregory Hoblit
1666,Rob Morrow
1667,Kenneth Lonergan
1668,Jeremy Brock
1669,Tamara Jenkins
1670,Christopher Menaul
1671,Corey Yuen Kwai
1672,David Chung
1673,Yôji Yamada
1674,Noribumi Suzuki
1675,Hideo Nakata
1676,Kyle Balda
1677,Jonathan Teplitzky
1678,Carl Rinsch
1679,Alex De Rakoff
1680,Mark Abraham
1681,Russell Mulcahy
1682,Antonia Bird
1683,Regan Hall
1684,Yoshihiro Fukagawa
1685,Anton Megerdichev
1686,Artem Aksenenko
1687,Gregg Champion
1688,Lee Jeong-Beom
1689,Joey Ansah
1690,Lucio Fulci
1691,Giacomo Battiato
1692,Joe D'Amato
1693,Joseph Kahn
1694,Brad Peyton
1695,Danny Buday
1696,Gareth Edwards
1697,Angelina Jolie
1698,Yasutomo Chikuma
1699,Mark A. Walsh
1700,Leslie Iwerks
1701,Lynn Novick
1702,Ken Burns
1703,Angus MacLane
1704,Laetitia Colombani
1705,Thierry Mauvoisin
1706,David Foenkinos
1707,Stéphane Foenkinos
1708,Pierre Salvadori
1709,Gina Prince-Bythewood
1710,Wally Pfister
1711,David Koepp
1712,Scott Stewart
1713,Jean-Marie Poiré
1714,Paul Weiland
1715,Roberto Benigni
1716,Gérard Krawczyk
1717,Danièle Thompson
1718,Rose Bosch
1719,David Bowers
1720,Paul Haggis
1721,Nick Hurran
1722,Francesca Gregorini
1723,Alfredo De Villa
1724,Gun Ho Jang
1725,Seth Green
1726,Zeb Wells
1727,Carl Schenkel
1728,Kevin Dowling
1729,Bertrand Blier
1730,Claude Chabrol
1731,Robert Enrico
1732,Richard T. Heffron
1733,Jean Becker
1734,Bertrand Tavernier
1735,Serge Leroy
1736,Claire Devers
1737,Noémie Lvovsky
1738,Jean Aurel
1739,Claude Sautet
1740,Jean-Daniel Verhaeghe
1741,Tonie Marshall
1742,Didier Poiraud
1743,Thierry Poiraud
1744,Joël Séria
1745,Chantal Akerman
1746,Henri Decoin
1747,Ivan Govar
1748,Patrick Jamain
1749,Pierre Lary
1750,Rainer Werner Fassbinder
1751,Margarethe von Trotta
1752,Mark Malone
1753,Florian Baxmeyer
1754,Charlotte Brandström
1755,Carl Schultz
1756,Aleksander Bach
1757,Antonio del Real
1758,Euzhan Palcy
1759,Don Michael Paul
1760,Raffaele Mertes
1761,Ariane Mnouchkine
1762,Édouard Molinaro
1763,Nicolas Gessner
1764,Jon Gustafsson
1765,Raja Amari
1766,Claude Lelouch
1767,André Téchiné
1768,Joseph Losey
1769,Alexandre Arcady
1770,Lionel Steketee
1771,Thomas Ngijol
1772,Fabrice Eboué
1773,Chris Nahon
1774,Valérie Lemercier
1775,Christopher Wilcha
1776,Scott Z. Burns
1777,Alex Garland
1778,Chadd Harbold
1779,Kevin Bray
1780,Vadim Perelman
1781,Jeff Nichols
1782,Christopher B. Landon
1783,Ari Folman
1784,Rob Meyer
1785,Jake Paltrow
1786,Max Mayer
1787,Derek Cianfrance
1788,Clara Law
1789,Juan Carlos Fresnadillo
1790,Nima Nourizadeh
1791,Tommy Wirkola
1792,Bong Joon-ho 
1793,Juan Carlos Medina
1794,McG
1795,Jeff Chan
1796,Aron Gaudet
1797,Gita Pullapilly
1798,Bobby Roth
1799,Jesse T. Cook
1800,Robert Cuffley
1801,Denys Arcand
1802,Mary McGuckian
1803,Albert Maysles
1804,Charlotte Zwerin
1805,David Maysles
1806,Donald Cammell
1807,D.A. Pennebaker
1808,Chris Hegedus
1809,Gary Weis
1810,Noel Archambault
1811,David Douglas
1812,Michael Lindsay-Hogg
1813,Stephen Kijak
1814,Peter Whitehead
1815,Robert Frank
1816,Dominic Anciano
1817,Ray Burdis
1818,Wong Kar-wai
1819,Marcus Warren
1820,Nick Broomfield
1821,Søren Fauli
1822,Mateo Gil
1823,Erik Poppe
1824,Aage Rais-Nordentoft
1825,Gen Sekiguchi
1826,Mikael Håfström
1827,Jeff Schaffer
1828,Andy Fickman
1829,Jane Preston
1830,Ryûhei Kitamura
1831,David Barrett
1832,Scott Wiper
1833,Emilis Velyvis
1834,P.J. Pesce
1835,Wen-Han Shih
1836,Mark Hammond
1837,Peter Berg
1838,Greg Marcks
1839,Guy Ferland
1840,Peter Bogdanovich
1841,Cyrus Nowrasteh
1842,Larkin McPhee
1843,Sarah Polley
1844,Jon Hurwitz
1845,Hayden Schlossberg
1846,John Erick Dowdle
1847,Jon Stewart
1848,Kazuaki Kiriya
1849,Seth Grossman
1850,Paul Abascal
1851,Hans Horn
1852,William Olsson
1853,James Orr
1854,Edward Norton
1855,Kern Konwiser
1856,David Ren
1857,Al Pacino
1858,Jerry Schatzberg
1859,Dennis Hopper
1860,Dana Nachman
1861,Michel Hazanavicius
1862,Andrew Bergman
1863,Randal Kleiser
1864,Leslie Greif
1865,J.S. Cardone
1866,Fisher Stevens
1867,Chris Wedge
1868,Carlos Saldanha
1869,Michael Almereyda
1870,Reed Morano
1871,Miguel Sapochnik
1872,Jason Moore
1873,John Schultz
1874,Frank Whaley
1875,Jean-François Richet
1876,Franc. Reyes
1877,R. Paul Miller
1878,Marty Callner
1879,Norma Bailey
1880,John Nicolella
1881,D.J. Caruso
1882,David Soren
1883,Bette Gordon
1884,Rob McKittrick
1885,Christopher Monger
1886,Leo Riley
1887,Simone Bartesaghi
1888,Richard Schenkman
1889,Mike Birbiglia
1890,Seth Barrish
1891,Billy Morrissette
1892,Joseph Sargent
1893,Steve 'Spaz' Williams
1894,Michaël R. Roskam
1895,Liz Friedlander
1896,Richard Di Lello
1897,David C. Johnson
1898,Jan Harlan
1899,Chuck Workman
1900,Noel Black
1901,Paul Mazursky
1902,Laura Thies
1903,James Melkonian
1904,Bibo Bergeron
1905,Vicky Jenson
1906,Alex Sichel
1907,Kelly Makin
1908,Jeremy Podeswa
1909,Tim Van Patten
1910,Graham Yost
1911,Mariano Barroso
1912,Leon Ichaso
1913,Christian Charles
1914,Michael Shoob
1915,Hal Needham
1916,Karyn Kusama
1917,James Toback
1918,Ed Winfield
1919,François Velle
1920,Tom Lewis
1921,Reb Braddock
1922,Cory McAbee
1923,Frank Pierson
1924,Manuel Pradal
1925,Adrian Lyne
1926,Alejandro Monteverde
1927,Anna Boden
1928,Ryan Fleck
1929,Harold Ramis
1930,Morgan J. Freeman
1931,Alejandro Saderman
1932,Román Chalbaud
1933,Mauricio Walerstein
1934,Alfredo Ramos
1935,Ron Lagomarsino
1936,Daniel Brennan
1937,Richard Wenk
1938,Arne Glimcher
1939,Mehdi Charef
1940,Emir Kusturica
1941,Kátia Lund
1942,Jordan Scott
1943,Stefano Veneruso
1944,Edo Bertoglio
1945,Oz Scott
1946,Roger Hedden
1947,Michael Herz
1948,James Spione
1949,Theodore Melfi
1950,Juan Antonio Bayona
1951,John Curran
1952,David Dessites
1953,Gaspar Noé
1954,Romain Gavras
1955,Adrian Edmondson
1956,Maïwenn
1957,Gilles Mimouni
1958,Peter Schulze-Rohr
1959,Frank Beyer
1960,Josef Rusnak
1961,Peter Kassovitz
1962,Mimi Leder
1963,Aleksandr Buravsky
1964,David Lister
1965,Roddy McDowall
1966,Jim McBride
1967,Thaddeus O'Sullivan
1968,William Monahan
1969,Ian Merrick
1970,Bill Eagles
1971,Robert Mandel
1972,Andrzej Wajda
1973,Tim Fywell
1974,Jessica Hobbs
1975,Andy de Emmony
1976,Daniel Espinosa
1977,Justin Trefgarne
1978,Bill Bixby
1979,Luc Dionne
1980,Daryl Cloran
1981,Anita Doron
1982,Mathieu Guez
1983,Peter Stebbings
1984,Kate Miles Melville
1985,Brett Sullivan
1986,Naoko Ogigami
1987,Peter Richardson
1988,Steve Kelly
1989,Michael Brandt
1990,Matthias Hoene
1991,Declan O'Brien
1992,Gene Fallaize
1993,Ron Underwood
1994,Monte Hellman
1995,Eleanor Coppola
1996,Fax Bahr
1997,Robert Mulligan
1998,Billy Bob Thornton
1999,Philip Kaufman
2000,Gordon Douglas
2001,James Gray
2002,Kenny Ortega
2003,Robert Duvall
2004,Scott Cooper
2005,Megan Simpson Huberman
2006,Mark Fergus
2007,Scott Roberts
2008,Pauline Chan
2009,Jeffrey Nachmanoff
2010,Lynne Stopkewich
2011,Michael Keusch
2012,Menno Meyjes
2013,Katja von Garnier
2014,Shannon Hartman
2015,Ben Affleck
2016,James DeMonaco
2017,Michael Cuesta
2018,Dee Rees
2019,Andrew Dominik
2020,Brian Falk
2021,Paul Schneider
2022,Luke Greenfield
2023,Andy Wilson
2024,Ronald Neame
2025,Gilbert Cates
2026,Buzz Kulik
2027,Bert Marcus
2028,Denzel Washington
2029,Mira Nair
2030,Chiemi Karasawa
2031,Armando Iannucci
2032,Todd Robinson
2033,Aubrey Nealon
2034,Pieter Jan Brugge
2035,Toshihiko Masuda
2036,Boyd Kirkland
2037,Herbert Wise
2038,Sondra Locke
2039,Terry Hughes
2040,Peter Sullivan
2041,Ernest D. Farino
2042,Michael Cristofer
2043,Carl Reiner
2044,Ric Roman Waugh
2045,Jim Donovan
2046,Bruce Dellis
2047,Jason Marsden
2048,Miguel Rey
2049,Mars Callahan
2050,Jessica Sharzer
2051,Peter Sohn
2052,Pontus Löwenhielm
2053,Patrick von Krusenstjerna
2054,Greg Coolidge
2055,Richard Marquand
2056,Lee Toland Krieger
2057,Edith Becker
2058,Jonathan Kaplan
2059,Jim Mickle
2060,Arthur Hiller
2061,Ti West
2062,Dick Howard
2063,Kevin Connolly
2064,Frank LaLoggia
2065,Scott D. Rosenbaum
2066,David Arquette
2067,Charlie Peters
2068,Sam Weisman
2069,Fletcher Markle
2070,Leonid Kvinikhidze
2071,David Lowell Rich
2072,Mahsun Kirmizigül
2073,Mel Damski
2074,Kevin Rodney Sullivan
2075,Bill Duke
2076,Deon Taylor
2077,Jeb Stuart
2078,Giancarlo Esposito
2079,Gabrielle Savage Dockterman
2080,Victor Landrie
2081,Gordon MacDonald
2082,Jim Cliffe
2083,Craig Moss
2084,Anthony Bell
2085,Nancy Savoca
2086,Rick Moranis
2087,Dave Thomas
2088,William Fruet
2089,Donald Petrie
2090,Kelli Herd
2091,Buddy Van Horn
2092,George Roy Hill
2093,Robert Hiltzik
2094,Mark Achbar
2095,Jennifer Abbott
2096,Dan Ollman
2097,Sarah Price
2098,Chris Smith
2099,Matt Weston
2100,Amy Berg
2101,Mark Pellington
2102,James Szalapski
2103,David Burris
2104,Geoffray Barbier
2105,Tony Gayton
2106,Julia Knowles
2107,Peter Carey
2108,Jem Cohen
2109,Katherine Dieckmann
2110,James Herbert
2111,Jim McKay
2112,Jeff Preiss
2113,Maureen Goldthorpe
2114,Michael Wadleigh
2115,Charles L. Barbee
2116,Fred Mogubgub
2117,James Erskine
2118,Tony D'Annunzio
2119,Karl Rausch
2120,Susan Seidelman
2121,Will Finn
2122,John Sanford
2123,John Herzfeld
2124,Walter C. Miller
2125,Richard Stanley
2126,Alan Shapiro
2127,Michael Steinberg
2128,Gary Goddard
2129,Paul Schrader
2130,Stuart Millar
2131,Boris Sagal
2132,Sutton Roley
2133,Terri Farley-Teruel
2134,Jeff Burr
2135,Steve Carr
2136,Jared Bush
2137,DJ Pooh
2138,Brett A. Hart
2139,Bryan Michael Stoller
2140,Steven Brill
2141,Dan Neira
2142,Strathford Hamilton
2143,Mark L. Lester
2144,William T. Naud
2145,Robin Swicord
2146,David McNally
2147,Mike Barker
2148,Rebecca Miller
2149,Ron Oliver
2150,Xavier Gens
2151,Mike Tollin
2152,Brian Macdonald
2153,Adam Rapp
2154,Gregor Jordan
2155,Ed Harris
2156,Asger Leth
2157,Karel Reisz
2158,Dustin Lance Black
2159,Kate Johnston
2160,Shauna MacDonald
2161,Jordan Barker
2162,Bradley Walsh
2163,Ken Girotti
2164,Reginald Harkema
2165,Robert Budreau
2166,Charles S. Dubin
2167,Bruce McDonald
2168,Jud Taylor
2169,Jefferson Moneo
2170,Michael Davis
2171,David Greene
2172,Beth B.
2173,Jonathan Sobol
2174,Pascal Laugier
2175,Sollace Mitchell
2176,Kevin Greutert
2177,Duane Clark
2178,Sheldon Wilson
2179,Louis Morneau
2180,April Mullen
2181,Philippe Browning
2182,Jerry Ciccoritti
2183,Paul Fox
2184,Lowell Dean
2185,Chris Thomson
2186,Don McBrearty
2187,Christopher Dillon Quinn
2188,Tommy Walker
2189,Brian Trenchard-Smith
2190,Griffin Dunne
2191,Jez Butterworth
2192,Rowan Joffe
2193,Steve Jacobs
2194,Damian Harris
2195,E. Elias Merhige
2196,Sean McGinly
2197,Brian Koppelman
2198,David Levien
2199,Liliana Cavani
2200,Peter Howitt
2201,Diego Luna
2202,Tab Murphy
2203,Thomas Carter
2204,Peter Tscherkassky
2205,Sidney J. Furie
2206,Paul Williams
2207,Kevin Sullivan
2208,Rob Epstein
2209,Jeffrey Friedman
2210,Brian Dannelly
2211,Trevor White
2212,Steven Smith
2213,Zhang Yimou
2214,Jeremy Thomas
2215,David Ayer
2216,Christopher Hampton
2217,Anthony Mann
2218,Charles Laughton
2219,Curtis Harrington
2220,Stuart Heisler
2221,Don Chaffey
2222,George Cukor
2223,Charles Vidor
2224,John Berry
2225,Elliott Nugent
2226,Guy Green
2227,Bruce Robinson
2228,Rudolf van den Berg
2229,Steve Miner
2230,Anthony Silverston
2231,Michael Lehmann
2232,Wayne Thornley
2233,Barra Grant
2234,Philippe Rousselot
2235,Vivian Kubrick
2236,Humphrey Jennings
2237,Aram Avakian
2238,Michael Winner
2239,Jack Smight
2240,Moustapha Akkad
2241,Renato Castellani
2242,Sheldon Reynolds
2243,Sidney Franklin
2244,Steve Gordon
2245,David Seltzer
2246,Orson Welles
2247,Tinto Brass
2248,Hal Hartley
2249,John Flynn
2250,Matthew Ryan Hoge
2251,Peter Cornwell
2252,Rob Schmidt
2253,Martha Fiennes
2254,Peter Askin
2255,David Clark
2256,Bayley Silleck
2257,Danny DeVito
2258,Johathan Darby
2259,Joseph Castelo
2260,Gloria La Morte
2261,Paola Mendoza
2262,John Ford
2263,Jonathan Nossiter
2264,Benjamin Ross
2265,Tony Mitchell
2266,Lou Antonio
2267,Barry Davis
2268,Scott Fivelson
2269,Clare Lewins
2270,Michael Kirk
2271,Steven Maler
2272,Sue Williams
2273,Andrew Semans
2274,Chris R. Notarile
2275,Allison Burnett
2276,Atef Salem
2277,Henri Verneuil
2278,François Dupeyron
2279,Henry Levin
2280,Laïla Marrakchi
2281,رامى إمام
2282,Robert Dornhelm
2283,Joe Camp
2284,Ben Bolt
2285,Steven Knight
2286,Marvin J. Chomsky
2287,Julie Cypher
2288,Alex Wright
2289,Ronald F. Maxwell
2290,Craig Bolotin
2291,Brian T. Jaynes
2292,Joseph Merhi
2293,Peter Israelson
2294,C. Thomas Howell
2295,Robert Lee
2296,John Putch
2297,Michael Bafaro
2298,Lance Kawas
2299,Damien Chazelle
2300,Jim Kohlberg
2301,Marc Lawrence
2302,Sally El Hosaini
2303, Hugues Martin
2304,Sandra Martin
2305,Noam Murro
2306,Vinton Heuck
2307,Scooter Tidwell
2308,Todd Waterman
2309,Ryszard Bugajski
2310,Johnny Depp
2311,William H. Molina
2312,Tatia Rosenthal
2313,Thomas Schlamme
2314,Des Doyle
2315,Kate Woods
2316,Adriana Trigiani
2317,Joan Chen
2318,Robert Connolly
2319,Stuart Gordon
2320,Charles T. Kanganis
2321,Patricia Birch
2322,Gregory Dark
2323,Steve Barron
2324,Bob Gosse
2325,Austin Chick
2326,Mia Goldman
2327,Jonas Pate
2328,Josh Pate
2329,Chris Noonan
2330,Christian Alvart
2331,Peter Faiman
2332,Adam Wingard
2333,Harry Elfont
2334,Deborah Kaplan
2335,E.L. Katz
2336,Stephen Kessler
2337,Don Coscarelli
2338,Robert Longo
2339,Kimberly Peirce
2340,Ryan Barton-Grimley
2341,David Auburn
2342,Vincent Pérez
2343,Shelli Ryan
2344,Mike Flanagan
2345,Ben Younger
2346,Alan Cohn
2347,Peter Chan
2348,Michael Kalesniko
2349,John Luessenhop
2350,Vanessa Parise
2351,Nelson McCormick
2352,Brian A Miller
2353,Takashi Shimizu
2354,Charles Burnett
2355,|Michael Landon, Jr.|
2356,Mario Van Peebles
2357,Forest Whitaker
2358,Jan Sardi
2359,Luke Scott
2360,Mark Mylod
2361,Scott Sanders
2362,Jesse Dylan
2363,Arthur Marks
2364,Joe Carnahan
2365,Vincent McEveety
2366,Russ Meyer
2367,Peter Bonerz
2368,Roger Corman
2369,Peter Hastings
2370,Robert Vince
2371,Riley Stearns
2372,Tony Giglio
2373,Tony Randel
2374,Scott Mansfield
2375,Christian I. Nyby II
2376,Arie Posin
2377,Tommy Chong
2378,Gavin Wiesen
2379,LeVar Burton
2380,Florent-Emilio Siri
2381,Stephen Surjik
2382,Paul Provenza
2383,Brad J. Silverman
2384,Tony Krantz
2385,Michelle Schumacher
2386,Victor M. Ordonez
2387,Ed Palmos
2388,Al Valletta
2389,Allan Arkush
2390,Rich Correll
2391,Tony Kaye
2392,Hiroyuki Yamaga
2393,Anthony Hemingway
2394,Wallace Wolodarsky
2395,Alessandro Carloni
2396,John Francis Daley
2397,Jonathan M. Goldstein
2398,Eric Nicholas
2399,Peter Landesman
2400,Todd Louiso
2401,Spencer Susser
2402,George Casey
2403,Ross Katz
2404,Glenn Ficarra
2405,John Requa
2406,Jay Russell
2407,John McNaughton
2408,Timothy Hutton
2409,Jeff Lieberman
2410,Larry Elikann
2411,Mario Orfini
2412,James Lemmo
2413,Wych Kaosayananda
2414,Richard Rothstein
2415,Roel Reiné
2416,James Felix McKenney
2417,James Ponsoldt
2418,Marcus Dunstan
2419,Christopher Scott Cherot
2420,Jessy Terrero
2421,Peter Engert
2422,Craig Mazin
2423,Sean Branney
2424,Jenna Fischer
2425,Ryan Bergmann
2426,Andrew J. Stratmann
2427,Mark Atkins
2428,Griff Furst
2429,Liza Johnson
2430,Nicholaus Goossen
2431,Robert Luketic
2432,John Glenn
2433,Charles Crossin
2434,Ronaldo Nacionales
2435,Markian Saray
2436,Tony Hadlock
2437,Jason Heppler
2438,Jeremy Neish
2439,Jared Nelson
2440,Brian Wiser
2441,James Mottern
2442,Adrienne Shelly
2443,Tony Quinn
2444,Chad Ferrin
2445,Bob Odenkirk
2446,Mennan Yapo
2447,B.C. Furtney
2448,Rob Graydon
2449,Chip Gubera
2450,Juliet Cuming
2451,Neil Berkeley
2452,Toby Wilkins
2453,Barak Epstein
2454,Blair Rowan
2455,Chris Shadley
2456,Tripp Reed
2457,Patrick Lussier
2458,Rusty Cundieff
2459,James Duffy
2460,Patrik Forsberg
2461,Will Graham
2462,Jonathan van Tulleken
2463,Darren Rozak
2464,Larry Fessenden
2465,Kim Jee-woon
2466,Sarah Siegel-Magness
2467,Salem Kapsaski
2468,Dan M. Kinem
2469,Levi Peretic
2470,Richard Taylor
2471,Zack Beins
2472,Travis Campbell
2473,Josh Johnson
2474,Don Taylor
2475,Todd Sheets
2476,Theodore Gershuny
2477,Ben Dixon
2478,Amy Lynn Best
2479,James Balsamo
2480,Gabriel Friedman
2481,Sean McGrath
2482,Kelly Marcott
2483,Enzo Barboni
2484,Adam Friedman
2485,Salomé Breziner
2486,Dirk Shafer
2487,Scott P. Levy
2488,Darren Stein
2489,Kevin Farley
2490,David R. Ellis
2491,Steve Pink
2492,Charles Lane
2493,Murray Robinson
2494,Victor Levin
2495,Andrew Wagner
2496,Andrew Jarecki
2497,Jim Sharman
2498,Matthew Cooke
2499,Shana Feste
2500,Michael Lander
2501,Ron Shelton
2502,Stig Bergqvist
2503,Greg Yaitanes
2504,Henry Selick
2505,Mark Duplass
2506,Jay Duplass
2507,James Lapine
2508,Josh Lowell
2509,Peter Mortimer
2510,Nick Rosen
2511,Craig Lucas
2512,Kelly Reichardt
2513,Naomi Foner Gyllenhaal
2514,Michael Glawogger
2515,Peter O'Fallon
2516,Simon Brand
2517,Dave Bullock
2518,Joe Chappelle
2519,John Gray
2520,Alan White
2521,Noah Buschel
2522,Marianna Palka
2523,Tony Gilroy
2524,Leslye Headland
2525,Mark Waters
2526,Gary Entin
2527,Tina Gordon Chism
2528,Dave Wilson
2529,Tom Schiller
2530,Chris Rock
2531,Kasi Lemmons
2532,Jordan Melamed
2533,Abbe Wool
2534,Neal Israel
2535,Amy Redford
2536,Craig Rosenberg
2537,Chris Roberts
2538,Giuseppe Tornatore
2539,David Zeiger
2540,J.M. Kenny
2541,Brian G. Hutton
2542,Kevin Billington
2543,Seth Gordon
2544,Marc Fafard
2545,Robert Edwards
2546,Federico Fellini
2547,James B. Harris
2548,Alan Arkin
2549,Rose Troche
2550,Robert Cary
2551,Linda Mendoza
2552,Steven J. Santos
2553,Albert Pyun
2554,Craig Chester
2555,Lesli Linka Glatter
2556,Bill Phillips
2557,Sandor Stern
2558,Alan Cooke
2559,Nick Lyon
2560,George Abbott
2561,Tara Miele
2562,Laurent Malaquais
2563,Bill Platt
2564,Marc Schölermann
2565,Daniel Attias
2566,Marisa Silver
2567,Jean-Claude La Marre
2568,Nicole Bettauer
2569,John Grissmer
2570,Bruce Campbell
2571,Scott Spiegel
2572,Michael Damian
2573,Nimród Antal
2574,Todd Phillips
2575,Justin Theroux
2576,Alison Maclean
2577,Robert Towne
2578,Akiva Schaffer
2579,Bill Pohlad
2580,Howard Goldberg
2581,James F. Robinson
2582,Glenn Gordon Caron
2583,Philippe Setbon
2584,Gary Winick
2585,Gary David Goldberg
2586,Michael Tolkin
2587,Jodie Markell
2588,Richard Harrah
2589,Lee David Zlotoff
2590,Olatunde Osunsanmi
2591,Kevin Hooks
2592,Jasmine Dellal
2593,Keith Fulton
2594,Louis Pepe
2595,Jeremy Leven
2596,George Bowers
2597,Laurence Dunmore
2598,Ol Parker
2599,Wes Ball
2600,Julius Avery
2601,Jake Newsome
2602,William Eubank
2603,Fernando León de Aranoa
2604,Bigas Luna
2605,Neil Armfield
2606,Rachel Perkins
2607,William Malone
2608,Asghar Farhadi
2609,Coky Giedroyc
2610,Henry Saine
2611,Jim O'Brien
2612,Michael Schultz
2613,Shane Meadows
2614,Danny Cannon
2615,Jake West
2616,Ami Canaan Mann
2617,Roland Suso Richter
2618,Pat Holden
2619,David Grovic
2620,Mark Romanek
2621,Lorene Scafaria
2622,Massy Tadjedin
2623,Peter Andrikidis
2624,Clare Kilner
2625,Po-Chih Leong
2626,Charles Stone III
2627,Sylvain White
2628,Neil LaBute
2629,David Kendall
2630,George Sluizer
2631,Tanya Wexler
2632,Rupert Wainwright
2633,Gene Wilder
2634,Alex Ross Perry
2635,Adam Simon
2636,Courtney Solomon
2637,Fred Olen Ray
2638,Jonathan Gershfield
2639,Michael J. Bassett
2640,Donald Rice
2641,Ben Gregor
2642,Sean Ellis
2643,Kunle Afolayan
2644,Christopher Munch
2645,Roy T. Wood
2646,Sandy Collora
2647,Hector Echavarria
2648,Walter Boholst
2649,Paul J. Lombardi
2650,Boaz Davidson
2651,Alexander Holt
2652,Lance Roehrig
2653,Darren Fisher
2654,Spike Brandt
2655,Tim Hill
2656,Martin Curland
2657,Jeffrey Reiner
2658,Lizzie Borden
2659,Linda Hassani
2660,Richard Friedman
2661,James Ward Byrkit
2662,Josh Gordon
2663,Will Speck
2664,Adam Carolla
2665,Kevin Hench
2666,Shukō Murase
2667,Mike Disa
2668,Kim Sang-Jin
2669,Jong-Sik Nam
2670,Lee Seung-Gyu
2671,Shuko Murase
2672,Jason Connery
2673,Joseph Guzman
2674,Jared Masters
2675,Jeremy Sumrall
2676,Don Okolo
2677,Mark Neale
2678,Susanna White
2679,Grant Heslov
2680,Marcel Langenegger
2681,Gary Chapman
2682,Nick Whitfield
2683,Dan Ireland
2684,Brad Lewis
2685,Logan Miller
2686,Noah Miller
2687,Carlos Moreno
2688,Jesse Baget
2689,Neil Abramson
2690,Nick Lentz
2691,Antony Hoffman
2692,Rocco DeVilliers
2693,Nadeem Soumah
2694,John Penney
2695,Alain Berliner
2696,Quentin Dupieux
2697,Rob Sitch
2698,Eric Bana
2699,Justin Chadwick
2700,Vincent O'Connell
2701,Paul Magnus Lundø
2702,Simon Cellan Jones
2703,Annette Haywood-Carter
2704,David Moore
2705,Greg Williams
2706,Tom Shankland
2707,Danny McCullough
2708,John Stimpson
2709,Sean Durkin
2710,Sarah Kernochan
2711,Daniel Petrie
2712,Clark Johnson
2713,Marc Bienstock
2714,Jan de Bont
2715,Charles Haid
2716,Robert Allan Ackerman
2717,Paul Johansson
2718,John Kent Harrison
2719,Michael Katleman
2720,Brian Smrz
2721,Michael J. Weithorn
2722,Mike Barth
2723,Jamie Gallant
2724,James Isaac
2725,Dave Schultz
2726,Jack Sholder
2727,Eric Hueber
2728,Breck Eisner
2729,Gary Sherman
2730,Patrick Sheane Duncan
2731,Andy García
2732,John Pasquin
2733,George Armitage
2734,Hart Bochner
2735,Leon Gast
2736,Ryan Moore
2737,Jeff Newitt
2738,Liz Garbus
2739,Joe Ranft
2740,Lance W. Dreesen
2741,Clint Hutchison
2742,John Strickland
2743,George Milton
2744,David Daniels
2745,Alexander Witt
2746,Ate de Jong
2747,Greg Francis
2748,Craig Johnson
2749,Jim Field Smith
2750,Christopher Neil
2751,Bradford May
2752,Phil Traill
2753,Paddy Breathnach
2754,Hoyt Yeatman
2755,Stuart Beattie
2756,Bill Forsyth
2757,Trevor Wall
2758,Torgny Wickman
2759,Hans Alfredson
2760,Hans Petter Moland
2761,Predrag Antonijević
2762,Tarik Saleh
2763,Sven Nykvist
2764,Stig Lasseby
2765,Jan Gissberg
2766,Sturla Gunnarsson
2767,Finn Taylor
2768,Bob Spiers
2769,Mark Gill
2770,Mark Webber
2771,Michel Ocelot
2772,Jiang Wen
2773,Johnnie To
2774,Wong Jing
2775,Ringo Lam
2776,Mabel Cheung
2777,Hu Mei
2778,Morgan Neville
2779,Nora Twomey
2780,Don McKellar
2781,Brad Gann
2782,Jaco Van Dormael
2783,A.J. Edwards
2784,Fred Cavayé
2785,Stéphane Rybojad
2786,Stephen St. Leger
2787,Rupert Sanders
2788,Sacha Bennett
2789,Juraj Jakubisko
2790,Buck Henry
2791,Natalie Portman
2792,Fatih Akin
2793,Yvan Attal
2794,Shunji Iwai
2795,Randall Balsmeyer
2796,Ken Annakin
2797,Clive Maltby
2798,Jonny Campbell
2799,Rob Ashford
2800,Jonas McCord
2801,Ronny Yu
2802,Prachya Pinkaew
2803,Nonthakorn Thaveesuk
2804,Michael Gottlieb
2805,Todd Holland
2806,Catherine Cyran
2807,Richard Danus
2808,Andrew Marton
2809,Bernhard Wicki
2810,Mikhail Kalatozov
2811,Terence Young
2812,Willard Carroll
2813,Lewis Allen
2814,George More O'Ferrall
2815,Charles Frend
2816,Douglas Hickox
2817,Bryan Forbes
2818,Dino Risi
2819,Roy Ward Baker
2820,Franklin J. Schaffner
2821,Jack Cardiff
2822,Thornton Freeland
2823,Francis Megahy
2824,Robert Fuest
2825,Jean-Baptiste Andrea
2826,Frank Tashlin
2827,Michael Gillis
2828,Søren Kragh-Jacobsen
2829,David Green
2830,Steve Barker
2831,Basil Dearden
2832,John Moore
2833,Lusin Dink
2834,Michael Powell
2835,Cirio H. Santiago
2836,Mary Lambert
2837,Herbert J. Leder
2838,Isaac Florentine
2839,Marguerite Duras
2840,Dick Richards
2841,Sylvie Testud
2842,Oley Sassone
2843,Elaine May
2844,Bernard Kowalski
2845,Andrew L. Stone
2846,Tom Toelle
2847,Maggie Greenwald
2848,Thea Sharrock
2849,Crispian Mills
2850,Chris Hopewell
2851,Bryan Spicer
2852,Tom Reeve
2853,Tsui Hark
2854,David L.G. Hughes
2855,Ken Hughes
2856,Daniel Ragussis
2857,Tony Maylam
2858,Andrew V. McLaglen
2859,William Hale
2860,Nick Ormerod
2861,Declan Donnellan
2862,Val Guest
2863,Alexander Mackendrick
2864,Robert Parrish
2865,Jerzy Skolimowski
2866,Michael Hewitt
2867,Dermot Lavery
2868,Jerry London
2869,Richard Elson
2870,Simon Moore
2871,Atom Egoyan
2872,Joan Freeman
2873,David Von Ancken
2874,Thomas Lucas
2875,Yann Arthus-Bertrand
2876,Antonio Cuadri
2877,Jorge Fons
2878,Mathieu Demy
2879,Mark Christopher
2880,Benh Zeitlin
2881,Mark F. Voizard
2882,Lloyd A. Simandl
2883,Alfonso Brescia
2884,John Derek
2885,Fred Williamson
2886,John Davies
2887,Tony Wharmby
2888,Carol Reed
2889,László Benedek
2890,Lewis Milestone
2891,Luchino Visconti
2892,Roy Boulting
2893,Tim Burstall
2894,Mark Robson
2895,Michael Anderson
2896,Georges Lautner
2897,Alain Robbe-Grillet
2898,Caroline Roboh
2899,Michael Carreras
2900,Alfred J. Goulding
2901,Tay Garnett
2902,Kevin Davies
2903,Edward Dmytryk
2904,Rudolf Cartier
2905,Paul Annett
2906,Robert Rossen
2907,Jimmy Sangster
2908,Juan Antonio Bardem
2909,Jacques Becker
2910,Mihalis Kakogiannis
2911,Bryan Izzard
2912,Jeremy Summers
2913,Terence Davies
2914,Michael Reeves
2915,Ernest Morris
2916,Paul de Lussanet
2917,Mike Mitchell
2918,Marcus Nispel
2919,Paul Hoen
2920,Megan Griffiths
2921,Rick Rosenthal
2922,Nick Agiashvili
2923,Irakli Chkhikvadze
2924,Levan Glonti
2925,Alexander Kviria
2926,Tako Shavgulidze
2927,Kote Takaishvili
2928,Levan Tutberidze
2929,Rick Famuyiwa
2930,Giancarlo Volpe
2931,Dominique Deruddere
2932,Pete Walker
2933,Kelly Asbury
2934,Raman Hui
2935,Walter Bernstein
2936,Michael Lembeck
2937,Mervyn LeRoy
2938,Gary Trousdale
2939,Kirk Wise
2940,Bernard McEveety
2941,Charles Grosvenor
2942,Paul Bogart
2943,Michael Gordon
2944,Morton DaCosta
2945,Frank Tuttle
2946,Delbert Mann
2947,Zoltan Korda
2948,Francis Searle
2949,John Farrow
2950,Cecil B. DeMille
2951,Will Mackenzie
2952,Jack Regas
2953,John Florea
2954,Salvador Litvak
2955,Barry W. Blaustein
2956,John A. Alonzo
2957,Ray Cameron
2958,Cliff Owen
2959,Charles Band
2960,Philip Leacock
2961,Eliot Elisofon
2962,Pedro Masó
2963,Clive Donner
2964,Vincente Minnelli
2965,William K. Howard
2966,Lance Comfort
2967,Lawrence Huntington
2968,Silvio Narizzano
2969,Anthony Asquith
2970,Richard Thorpe
2971,Karel Lamač
2972,Andrzej Żuławski
2973,Michael Cohn
2974,Graham Baker
2975,Michael Spierig
2976,Peter Spierig
2977,Ann Turner
2978,Trond Eliassen
2979,Simon Nasht
2980,John Duigan
2981,Craig R. Baxley
2982,Gordon Parry
2983,Alan Grint
2984,Anthony Kimmins
2985,Brian Desmond Hurst
2986,James Neilson
2987,Anthony Pelissier
2988,Martin Ritt
2989,Chris Taylor
2990,Mark Hall
2991,Antony Darnborough
2992,Elijah Moshinsky
2993,Pete Riski
2994,David Wickes
2995,John Caird
2996,Ademir Kenović
2997,Joanna Quinn
2998,Peter Rowe
2999,Greg Moodie
3000,Aaron Norris
3001,Richard Quine
3002,Stuart Gillard
3003,Christian Ford
3004,Antonio Isasi-Isasmendi
3005,Tommy Lee Wallace
3006,Radley Metzger
3007,Robert Day
3008,Thom Eberhardt
3009,David Price
3010,Tom Ropelewski
3011,Jonathan Glendening
3012,Alan Roberts
3013,Robert Michael Lewis
3014,Nicholas Corea
3015,Peter Hall
3016,Marina Zenovich
3017,Bruce Gowers
3018,John Scheinfeld
3019,Kirsten Sheridan
3020,Erik Nelson
3021,Lynne Margulies
3022,Joe Orr
3023,Jamie Mitchell
3024,Alan Zaslove
3025,Doug Campbell
