1,Peter Jackson
2,Michel Gondry
3,Hayao Miyazaki
4,Liev Schreiber
5,Mark Christopher Covino
6,Jeff Howlett
7,Donna Davies
8,Robert Zemeckis
9,Frank Miller
10,Robert Rodriguez
11,Quentin Tarantino
12,Olivier Assayas
13,Frédéric Auburtin
14,Gurinder Chadha
15,Sylvain Chomet
16,Ethan Coen
17,Isabel Coixet
18,Wes Craven
19,Alfonso Cuarón
20,Gérard Depardieu
21,Christopher Doyle
22,Richard LaGravenese
23,Vincenzo Natali
24,Alexander Payne
25,Walter Salles
26,Oliver Schmitz
27,Nobuhiro Suwa
28,Daniela Thomas
29,Tom Tykwer
30,Gus Van Sant
31,Bruno Podalydès
32,Joel Coen
33,Lexi Alexander
34,Shane Acker
35,Stephen Sommers
36,Bryan Singer
37,David Mackenzie
38,Matthew Vaughn
39,Joshua Michael Stern
40,Beeban Kidron
41,Richard Loncraine
42,Bill Condon
43,James Mangold
44,Ron Howard
45,Sean Mathias
46,Brett Ratner
47,Brian De Palma
48,David Cronenberg
49,John Hillcoat
50,Tony Scott
51,Peter Weir
52,Michael Moore
53,Renny Harlin
54,Jane Campion
55,Andrew Davis
56,Joe Johnston
57,Allan Moyle
58,Tom Hanks
59,James Gunn
60,Jake Schreier
61,Mike Binder
62,Pat O'Connor
63,Joachim Rønning
64,Espen Sandberg
65,Gore Verbinski
66,Ridley Scott
67,Wolfgang Petersen
68,Stephen Herek
69,David Armstrong
70,Steven Spielberg
71,Roger Allers
72,Nina Paley
73,Bill Plympton
74,Mohammed Saeed Harib
75,Gaëtan Brizzi
76,Paul Brizzi
77,Joan Gratz
78,Tomm Moore
79,Joann Sfar
80,Michal Socha
81,Stephen Weeks
82,Bradley King
83,Blake Edwards
84,Douglas Camfield
85,Tad Stones
86,John Shepphird
87,Michael O. Sajbel
88,John Glen
89,Klaus Knoesel
90,Holger Neuhäuser
91,Chad Burns
92,Garry Marshall
93,Anthony Hickox
94,Howard E. Baker
95,John Fox
96,Brad Mirman
97,Rich Wilkes
98,Steve Trenbirth
99,Reginald Hudlin
100,Gordon Chan
101,Kurt Wimmer
102,Niki Caro
103,Asif Kapadia
104,John Frankenheimer
105,Mike Figgis
106,Caroline Thompson
107,Ken Russell
108,Michael Bay
109,Jon Turteltaub
110,Jim Sheridan
111,Christophe Gans
112,Martin Campbell
113,Derek Jarman
114,Nick Love
115,Gary Fleder
116,Chris Columbus
117,Jamil Dehlavi
118,Gene Quintano
119,Terence Fisher
120,Tim Burton
121,Mike Johnson
122,T.Y. Drake
123,George Lucas
124,Jules Bass
125,|Arthur Rankin, Jr.|
126,Jesús Franco
127,Stevan Riley
128,Vladimir Grammatikov
129,Robin Hardy
130,Andrei Konchalovsky
131,Martin Scorsese
132,Raoul Walsh
133,Richard Lester
134,Bill Persky
135,Peter Sasdy
136,Stuart Burge
137,Edmond T. Gréville
138,Peter Duffell
139,Bille August
140,Burt Kennedy
141,Eugenio Martín
142,Mario Bava
143,Vadim Jean
144,Don Sharp
145,Billy Wilder
146,Freddie Francis
147,Gordon Hessler
148,Jean Flynn
149,Robert Siodmak
150,Dave Filoni
151,Peter Sykes
152,Lawrence Roeck
153,Charles Martin Smith
154,Gaby Dellal
155,Gavin Hood
156,Christopher N. Rowley
157,Jeremiah Kipp
158,Zeke Dunn
159,Nicole Real
160,Glenn McQuaid
161,Ryan Little
162,David Anspaugh
163,Jonathan M. Gunn
164,Richard Donner
165,Jay Oliva
166,Xu Kerr
167,Bruce Pittman
168,Terry Dougas
169,Nikki Frakes
170,Will Hess
171,|Daniel Petrie, Jr.|
172,Peter Segal
173,Ethan Spaulding
174,Scott Rodgers
175,Andrew Erwin
176,Jon Erwin
177,Warren Beatty
178,Edward Zwick
179,Christopher Nolan
180,J.J. Abrams
181,Mike Leigh
182,Matt Reeves
183,Joss Whedon
184,Rupert Wyatt
185,Mat Whitecross
186,Paul Andrew Williams
187,Michael Winterbottom
188,Yahoo Serious
189,Andy Wachowski
190,Lana Wachowski
191,Jocelyn Moorhouse
192,James McTeigue
193,Josh Oreck
194,Stephan Elliott
195,Zack Snyder
196,Dean DeBlois
197,Todd Haynes
198,Edgar Wright
199,Wes Anderson
200,David Fincher
201,Daniel Geller
202,Dayna Goldfine
203,Anthony Minghella
204,Kenneth Branagh
205,Woody Allen
206,Shekhar Kapur
207,Lasse Hallström
208,Jim Jarmusch
209,Terry Gilliam
210,Brad Bird
211,Zach Braff
212,Luc Besson
213,Andrew Niccol
214,Christian Volckman
215,Steven Soderbergh
216,Hugh Hudson
217,Dick Clement
218,Stanley Tucci
219,Campbell Scott
220,Alan Bridges
221,Franco Zeffirelli
222,John Laing
223,Sam Pillsbury
224,Toa Fraser
225,Costa Botes
226,Antoine Fuqua
227,Paul Greengrass
228,Marc Webb
229,Julie Bertuccelli
230,Kevin Connor
231,James Cameron
232,Richard Attenborough
233,Bob Rafelson
234,Sam Fell
235,Chris Butler
236,John Irvin
237,Roger Donaldson
238,Stephen Hopkins
239,Clint Eastwood
240,Mathieu Kassovitz
241,Gerald McMorrow
242,Brad McGann
243,Chris Roache
244,Terrence Malick
245,Bruno Barreto
246,Simone North
247,Tommy Lee Jones
248,Nick Willing
249,Baz Luhrmann
250,Sam Neill
251,Garth Davis
252,Ira Sachs
253,Michael Mann
254,Bonner Bellew
255,Erik Van Looy
256,Robert Schwentke
257,Pete Travis
258,David Twohy
259,Wayne Kramer
260,James Tucker
261,Tony Mahony
262,Patrick Tatopoulos
263,Wayne Coe
264,Miloš Forman
265,David Lynch
266,Alan Parker
267,John Huston
268,Marc Rocco
269,Brian Yuzna
270,Tom Holland
271,Stephen Norrington
272,John Lafia
273,Werner Herzog
274,Ken Loach
275,Rob Zombie
276,Michael Cimino
277,Irvin Kershner
278,Ole Bornedal
279,Madellaine Paxson
280,Stephen Kay
281,Neill Blomkamp
282,Sngmoo Lee
283,Tom Hooper
284,Simon Pattison
285,David Gould
286,Peter Fisk
287,Mark Farrell
288,Don Roy King
289,Beth McCarthy-Miller
290,Stacey Foster
291,James Signorelli
292,Mark Steven Johnson
293,Howard Hall
294,Peter Farrelly
295,Bobby Farrelly
296,Chuck Russell
297,Frank Darabont
298,Ang Lee
299,Marc Forster
300,Danny Boyle
301,Stephen Daldry
302,Roman Polanski
303,Neil Burger
304,Ryan Murphy
305,Tom McCarthy
306,Jon M. Chu
307,Louis Leterrier
308,Rod Lurie
309,Brian Goodman
310,Maya Forbes
311,Rian Johnson
312,Barbara Leibovitz
313,Neil Jordan
314,Sofia Coppola
315,Don Bluth
316,Gary Goldman
317,Lars von Trier
318,Barry Levinson
319,John Stockwell
320,Gillian Armstrong
321,Sam Raimi
322,Keith Gordon
323,Ava DuVernay
324,Amma Asante
325,Oliver Parker
326,Guy Ritchie
327,John Madden
328,Roland Emmerich
329,Max Lang
330,Jakob Schuh
331,Peter Cattaneo
332,Uwe Heidschötter
333,Johannes Weiland
334,Todd Solondz
335,Curtis Hanson
336,Todd Field
337,Jonathan Levine
338,Brad Silberling
339,Troy Miller
340,Ryan Polito
341,Bobcat Goldthwait
342,Casper Kelly
343,Terry Zwigoff
344,Elizabeth Banks
345,Mark Osborne
346,John Stevenson
347,Peter Avanzino
348,Jennifer Yuh
349,Gillian Robespierre
350,Tom McGrath
351,Robert Benton
352,Bill Paxton
353,Jimmy Hayward
354,Steve Martino
355,Robert Kirbyson
356,Spike Lee
357,Charlie Kaufman
358,Dan Harris
359,Mami Sunada
360,Katsuhito Ishii
361,Hirokazu Koreeda
362,Akihiko Shiota
363,Takashi Miike
364,John Woo
365,Takashi Yamazaki
366,Sion Sono
367,Takeshi Kitano
368,Itsuji Itao
369,Shimako Sato
370,Tôya Satô
371,Hiromasa Yonebayashi
372,Kim Tae-Gyun
373,Hiroshi Ishikawa
374,Isao Takahata
375,Kiyoshi Kurosawa
376,Jun Ichikawa
377,Kazuyuki Izutsu
378,Hoshino Kazunari
379,Gil Junger
380,Gregg Araki
381,Ron Clements
382,John Musker
383,Robert Redford
384,Dan Scanlon
385,Nancy Meyers
386,Sam Mendes
387,James Bobin
388,Doug Liman
389,Denis Villeneuve
390,Cedric Nicolas-Troyan
391,David Frankel
392,Jean-Marc Vallée
393,Peter Hedges
394,George Nolfi
395,William Lau
396,Brenda Chapman
397,Steve Hickner
398,Simon Wells
399,Eric Darnell
400,Conrad Vernon
401,Francis Veber
402,Charles Shyer
403,Paul Thomas Anderson
404,Joe Dante
405,John Landis
406,Diarmuid Lawrence
407,Francis Lawrence
408,Paul McGuigan
409,Rob Minkoff
410,Steve Antin
411,Will Gluck
412,Gary Ross
413,Howard Franklin
414,Bill Murray
415,Patricia Rozema
416,Rob Reiner
417,Randa Haines
418,Barbra Streisand
419,Jonathan Demme
420,John Sayles
421,Michael Pressman
422,Stephen Chbosky
423,Steve Loter
424,Les Blank
425,Dominik Wessely
426,Laurens Straub
427,Dmitry Vasyukov
428,Harmony Korine
429,Gus Holwerda
430,Simon J. Smith
431,Vincent Ward
432,John Hughes
433,Todd Kessler
434,Brin Hill
435,Emile Ardolino
436,John Milius
437,Lenny Abrahamson
438,Stéphane Aubier
439,Vincent Patar
440,Benjamin Renner
441,Steven Schachter
442,David Mamet
443,Jason Reitman
444,William H. Macy
