1,elves
2,dwarves
3,orcs
4,middle-earth (tolkien)
5,hobbits
6,mountains
7,fireworks
8,castle
9,volcano
10,password
11,death of a friend
12,uncle
13,based on book
14,sword and sorcery
15,mirror
16,wizards
17,middle earth
18,suspicion
19,bravery
20,honor
21,crushed to death
22,troll
23,brutality
24,ghosts
25,end of trilogy
26,quest
27,war
28,explosive
29,cave
30,fort
31,army
32,mission
33,attack
34,guide
35,deja vu
36,brain-washing
37,lovesickness
38,jealousy
39,amnesia
40,loss of sense of reality
41,dream
42,operation
43,future
44,relationship problems
45,love
46,love story
47,japan
48,flying
49,earthquake
50,airplane
51,biography
52,airplane manufacturer
53,grandfather grandson relationship
54,mass murder
55,ukraine
56,pop culture
57,blindness and impaired vision
58,journey in the past
59,passion for collection
60,souvenir
61,nazis
62,anti-semitism
63,photograph
64,punk
65,punk rock
66,rock band
67,rockumentary
68,punk band
69,horror filmmaking
70,makeup artist
71,corruption
72,dragon
73,battle
74,unlikely friendship
75,epic battle
76,skateboarding
77,flying car
78,car race
79,delorean
80,lightning
81,almanac
82,inventor
83,hill valley
84,black and white scene
85,black & white to color
86,mysterious killer
87,doing the right thing
88,mercedes
89,tied to a chair
90,silhouette
91,dystopia
92,dystopie
93,dystopian movie
94,paris
95,city portrait
96,jazz
97,subway
98,new love
99,immigration
100,nanny
101,tourist
102,woman director
103,police brutality
104,us-amerikanerin
105,fußball
106,harvard university
107,grausamkeit
108,sports and spare time
109,sport
110,hooligan
111,violence
112,students
113,firm
114,west ham united
115,riddle
116,mountain
117,journey
118,ring
119,goblin
120,courage
121,giant
122,wizard
123,tunnel
124,underground lake
125,orc
126,hobbit
127,buried treasure
128,climbing a tree
129,invisibility
130,ancient
131,arm cut off
132,gnomes
133,man versus machine
134,hope
135,post-apocalypse
136,friendship
137,steampunk
138,coward
139,end of world
140,rag doll
141,southern accent
142,wanted man
143,lynch mob
144,reflection in water
145,lesson
146,nosebleed
147,bloodhound
148,fake accent
149,grave digging
150,adventure
151,the lord of the rings
152,magic ring
153,medieval
154,magic
155,wizardry
156,dwarf
157,tolkien
158,magical world
159,mutant
160,time travel
161,superhuman
162,storm
163,based on comic book
164,marvel comics
165,beast
166,aftercreditsstinger
167,mutants
168,x-men
169,changing the past or future
170,1970s
171,70s
172,psychiatrist
173,witch
174,königshaus
175,prince
176,beauty
177,star
178,kingdom
179,wall
180,falling star
181,based on novel
182,unrequited love
183,good versus evil
184,fratricide
185,secret
186,book
187,novelist
188,schizophrenic
189,wolverine
190,cyclops
191,rogue
192,x-men (2000)
193,professor x
194,magneto
195,mystique
196,jean grey
197,x2: x-men united (2003)
198,underdog
199,ausländerfeindlichkeit
200,sea
201,wales
202,strangeness
203,shipwreck
204,Ärzte
205,loss of husband
206,fremde frau
207,england
208,kidnapper
209,shakespeare adaptation
210,murder
211,king
212,london
213,detective
214,sherlock holmes
215,first world war
216,duringcreditsstinger
217,samurái
218,the wolverine (2013)
219,holy grail
220,christianity
221,monk
222,zurich
223,sekte
224,secret society
225,louvre
226,curator
227,symbologist
228,opus dei
229,heresy
230,mona lisa
231,freemason
232,conspiracy
233,pentagram
234,tomb
235,catholicism
236,cryptologist
237,iconography
238,albino
239,apocalypse
240,world domination
241,marvel
242,1980s
243,concentration camp prisoner
244,nazi
245,gay interest
246,indie
247,prison
248,seventies
249,release from prison
250,criminal past
251,night club
252,drugs
253,disco
254,puerto rican
255,illegale prostitution
256,father-son relationship
257,prostitute
258,mutter-tochter-beziehung
259,tradition
260,refugee
261,gangstersyndikat
262,underworld
263,russia
264,hitman
265,gangster boss
266,motorräder
267,undercover agent
268,threat to death
269,midwife
270,killer
271,hoodlum
272,orphan girl
273,paternity
274,mutiny
275,missile
276,nuclear missile
277,embassy
278,us navy
279,battle for power
280,nuclea power
281,amish
282,suspense
283,barn raising
284,presidential elections
285,prisoner
286,revenge
287,haunting
288,electric chair
289,robbery
290,double life
291,dual identity
292,small town
293,indiana
294,distrust
295,fight
296,marriage
297,family relationships
298,mistaken identity
299,diner
300,lawyer
301,mobster
302,attempted robbery
303,self defense
304,europe
305,intellectual
306,money
307,american
308,girl
309,art
310,rich
311,blackmail
312,artist
313,planned murder
314,affair
315,horse race
316,horse
317,racehorse
318,cupcake
319,twenty something
320,gameboy
321,money bag
322,sidewalk
323,popstar
324,musical
325,record label
326,music
327,musicband
328,bomb
329,gun
330,drug dealer
331,costume
332,comic book
333,party
334,superhero
335,shot in the chest
336,gore
337,blood
338,comic book shop
339,comic book collector
340,shot in the head
341,dinner
342,cutting in line
343,shot in the leg
344,police officer
345,cosplay
346,comic books
347,robot
348,senior citizen
349,cat thief
350,confidence
351,trauma
352,leaving one's family
353,childhood memory
354,war on terror
355,loss of daughter
356,alone
357,cowardliness
358,family
359,siblings
360,dysfunctional marriage
361,working class
362,wrong side of the tracks
363,ship
364,sequel
365,artifact
366,period piece
367,pirate
368,caribbean
369,pirates
370,ghost
371,exotic island
372,blacksmith
373,east india trading company
374,gold
375,corset
376,marriage proposal
377,cannon
378,skeleton
379,daughter
380,governor
381,telescope
382,kids and family
383,wooden eye
384,gold coin
385,walt disney
386,prisoner of war
387,wound
388,somalia
389,warlord
390,famine
391,delta force
392,rescue operation
393,fortuneteller
394,bondage
395,monster
396,captain
397,card game
398,compass
399,ocean
400,drug abuse
401,love of one's life
402,traitor
403,strong woman
404,ex-frau
405,alliance
406,calypso
407,afterlife
408,fighter
409,adultery
410,trojan war
411,fraud
412,hostility
413,sword fight
414,battlefield
415,title spoken by character
416,ancient world
417,brothers
418,pyre
419,ancient greece
420,psychic
421,boy genius
422,healing power
423,lost mother
424,healing gift
425,watchmaker
426,saving the world
427,venice
428,library
429,whip
430,treasure
431,entrapment
432,crusader
433,treasure hunt
434,panzer
435,order of the templars
436,archeologist
437,marine propelling screw
438,indiana jones
439,archeology 
440,nepal
441,himalaya
442,cairo
443,moses
444,egypt
445,medaillon
446,leather jacket
447,hat
448,mediterranean
449,ark of the covenant
450,ten commandments
451,ausgrabung
452,swastika
453,archaeologist
454,remake
455,knight
456,king arthur
457,gambling
458,gambling debts
459,photography
460,cabaret
461,cross dresser
462,middle ages
463,orient
464,genie
465,mythology
466,cruise ship
467,navy seal
468,cryptozoology
469,persia
470,queen
471,esther
472,smuggling of arms
473,assassination
474,spy
475,falsely accused person
476,secret identity
477,flucht
478,country estate
479,arms deal
480,drug traffic
481,moskau
482,secret mission
483,secret intelligence service
484,kgb
485,villain
486,renegade
487,special car
488,tangier
489,big wheel
490,pipeline
491,cello
492,orchestra
493,freedom fighter
494,czechoslovakia
495,afghanistan
496,marsmenschen
497,space marine
498,crusade
499,jerusalem
500,ritter
501,mercenary
502,coronation
503,verlieben
504,duty
505,heirat
506,wax museum
507,fish
508,hai
509,italy
510,isolation
511,author
512,loss of wife
513,alcohol
514,sex
515,nudity
516,graduation
517,beer
518,police
519,friends
520,teacher
521,student
522,drunk
523,roller coaster
524,keg
525,doubts
526,river
527,tiger
528,village
529,bear
530,jungle
531,orphan
532,vulture
533,gong
534,lost
535,shake
536,mango
537,boxer
538,boxing
539,sports film
540,promoter
541,wretch
542,interpol
543,kämpfer
544,mars
545,nasa
546,botanist
547,stranded
548,space
549,engineering
550,survival
551,mars the planet
552,astronaut
553,science
554,space ship
555,deep space explorer
556,battle for survival
557,resistance
558,fascism
559,totalitarian regime
560,destroy
561,phasing
562,book burning
563,outlaw
564,government agent
565,rape
566,minnesota
567,witness
568,miner
569,insult
570,court
571,lawsuit
572,lesbian
573,case
574,woman
575,landmark
576,harrassment
577,legal
578,ice
579,tent
580,girlfriend
581,freundin
582,glacier
583,audi
584,impostor
585,ice skating
586,computer expert
587,ex kgb
588,preparation
589,screenwriter credited under pseudonym
590,hit with a car door
591,cellular phone trace
592,merry go round
593,|newcastle, england|
594,country life
595,sexual awakening
596,mini series
597,seuche
598,clone
599,transplantation
600,flucht aus dem gefängnis
601,genetics
602,freedom
603,cloning
604,mother role
605,burning of witches
606,fog
607,suffering
608,darkness
609,sadism
610,supernatural
611,surrealism
612,another dimension
613,torture
614,creature
615,demon
616,witch burning
617,dismemberment
618,religious fanatic
619,ghost town
620,sleepwalking
621,cuba
622,computer virus
623,secret base
624,satellit
625,cossack
626,electromagnetic pulse
627,time bomb
628,st. petersburg
629,ejection seat
630,red army
631,return
632,arbitrary law
633,paratroops
634,iraq war veteran
635,iraq war
636,security guard
637,cctv
638,cemetery
639,diamant
640,greek mythology
641,god
642,poseidon  
643,lightning bolt
644,monsters
645,based on ya novel
646,muslim
647,pakistan
648,political unrest
649,honeymoon
650,transylvania
651,vampire
652,dracula
653,victim
654,hammer horror
655,grave
656,stop motion
657,animation
658,wedding
659,dark fantasy
660,european
661,asylum
662,twins
663,loot
664,showdown
665,star wars
666,death star
667,vision
668,cult figure
669,hatred
670,dream sequence
671,expectant mother
672,chancel
673,childbirth
674,dying in childbirth
675,galactic war
676,alter zauberer
677,magician performance
678,sorcerer's apprentice
679,magic wand
680,enchantment
681,hobby-magician
682,einhorn
683,17th century
684,witchcraft
685,reference to james bond
686,official james bond series
687,boy
688,island
689,virgin
690,human sacrifice
691,paganism
692,seduction
693,voyage
694,the odyssey
695,clock
696,film director
697,key
698,toy
699,automaton
700,hiding
701,filmmaking
702,leg brace
703,doberman
704,hanging from a clock
705,3d
706,british
707,napoleonic wars
708,sea battle
709,cut-off head
710,horseman
711,head
712,france
713,louis xiii.
714,d'artagnan
715,experiment
716,brain
717,guillotine
718,frankenstein
719,reanimation
720,mad scientist
721,morgue
722,decapitation
723,severed head
724,horror movie remake
725,gothic horror
726,severed hand
727,told in flashback
728,reanimated corpse
729,brain transplant
730,unfaithfulness
731,resurrection
732,shakespeare
733,courtly life
734,intrige
735,musketier
736,degen
737,musketeer
738,intrique
739,mad doctor
740,centenarian
741,transplant
742,adrenal gland
743,delinquent
744,teen
745,scotland yard
746,investigator
747,anthology film
748,mummy
749,swamp
750,princess
751,nursing home
752,ancient egypt
753,train station
754,loneliness
755,gunslinger
756,mexico
757,bounty hunter
758,texas
759,independent film
760,shootout
761,bank robbery
762,knife throwing
763,gunfighter
764,old west
765,female gunfighter
766,rape revenge
767,cowboy
768,bank robbers
769,expedition
770,alien
771,train
772,stockings
773,anthropologist
774,whipping
775,siberia
776,public domain
777,fossil
778,hidden identity
779,animal senses evil
780,pair of evil eyes
781,crate
782,hercules
783,university
784,discworld
785,black magic
786,satanist
787,occult
788,ritual sacrifice
789,occult horror
790,chocolate
791,factory worker
792,parents kids relationship
793,candy
794,overweight child
795,zahnarzt
796,squirrel
797,factory
798,armer lehrer
799,senate
800,investigation
801,jedi
802,kendo
803,laser gun
804,spaceport
805,teenage rebellion
806,good becoming evil
807,ends with wedding
808,alien race
809,mechanical hand
810,war violence
811,yoda
812,shanghai
813,dr. fu man chu
814,dr. fu manchu
815,coffin
816,priest
817,scientist
818,novel
819,spain
820,protection
821,fictional place
822,fantastic
823,curse
824,werewolf
825,sith
826,space opera
827,3d animation
828,clone army
829,separatists
830,droids
831,satanism
832,ritual
833,cult
834,writer
835,deal with the devil
836,california
837,painter
838,beach
839,gallery
840,stripper
841,tragedy
842,counterfeit
843,teenager
844,independent movie
845,forgery
846,canvas
847,naturalist
848,frigate
849,self surgery
850,weevil
851,patriotism
852,nationalism
853,students' movement
854,heist
855,english channel
856,swimmer
857,hypnotism
858,undead
859,grave robber
860,american football
861,family relationship
862,aspiration
863,biopic
864,christian
865,urination
866,hidden
867,reference to liberace
868,group vomit
869,exercise machine
870,running gunfight
871,water slide
872,housing
873,foreclosure
874,walking the plank
875,lost treasure
876,lifting male in air
877,superman
878,batman
879,dc comics
880,superhero team
881,wonder women
882,green lantern
883,the flash
884,dcau
885,shazam
886,cannes
887,cannes film festival
888, fantastic four
889,terrorist
890,hostage-taking
891,high school
892,ladykiller
893,aquaman
894,wonder woman
895,actress
896,racism
897,mission of murder
898,politics
899,election campaign
900,swearing
901,political satire
902,hip hop culture
903,gulf war
904,pilot
905,us-army
906,praise
907,rescue mission
908,dead soldier
909,tank
910,medal
911,competition
912,dying and death
913,class society
914,tricks
915,class
916,rivalry
917,magician
918,spaceship
919,imax
920,college
921,reunion
922,reunited friends
923,leader
924,colony
925,woods
926,forest
927,ape
928,monkey
929,medical research
930,animal attack
931,plague
932,comic
933,marvel cinematic universe
934,avengers
935,intelligence
936,zoo
937,cage
938,golden gate bridge
939,alzheimer's disease
940,liquor
941,sunken treasure
942,plot
943,reporter
944,ransom
945,hostage
946,hostage drama
947,feier
948,manchester city
949,nightclub
950,film business
951,screenplay
952,show business
953,film making
954,film producer
955,indigenous
956,dinosaurs
957,bank robber
958,australia
959,motorcycle
960,artificial intelligence
961,philosophy
962,prophecy
963,self sacrifice
964,insurgence
965,messias
966,virtual reality
967,truth
968,gnosticism
969,vatican
970,fascist
971,government
972,chancellor
973,vengeance
974,personification of satan
975,vengeance is fatal
976,guy fawkes
977,masked vigilante
978,catholic priest
979,catholic guilt
980,jesuit
981,vengeful spirit
982,irish catholic
983,vengeful
984,vaticano
985,jesuit priest
986,occultism
987,short
988,gay
989,drag queen
990,homophobia
991,van
992,transgender
993,australian aborigine
994,transformation
995,martial arts
996,kung fu
997,underground world
998,hero
999,plato
1000,precognition
1001,rave
1002,computer
1003,faith
1004,world religion
1005,owl
1006,behind the scenes
1007,fan culture
1008,visual effect
1009,new york
1010,nazi germany
1011,america
1012,brooklyn
1013,ww2
1014,world war ii
1015,killer robot
1016,temple
1017,sun
1018,rettung
1019,sunlight
1020,super computer
1021,machine town
1022,ying yang
1023,yin yang
1024,ensemble cast
1025,year 2144
1026,year 1931
1027,century
1028,viking
1029,female nudity
1030,chicago
1031,hotel
1032,new year's eve
1033,age difference
1034,lesbian kiss
1035,road trip
1036,lesbian couple
1037,mother daughter relationship
1038,divorce
1039,lesbian sex
1040,department store
1041,lgbt
1042,mother child relationship
1043,child custody
1044,older woman younger woman relationship
1045,christmas
1046,50s
1047,arrest
1048,partner
1049,gunfight
1050,police force
1051,cowboy costume
1052,accident
1053,loss of mother
1054,cynic
1055,red cap
1056,diary
1057,navy
1058,funeral
1059,tea
1060,travel
1061,hospital
1062,police investigation
1063,deserted island
1064,dissension
1065,floreana island
1066,new settlers
1067,deaths
1068,male director
1069,reichtum
1070,mordkommission
1071,atlantic ocean
1072,new identity
1073,prosecution
1074,yacht
1075,inferiority
1076,false identity
1077,neidische
1078,beguilement
1079,rejection
1080,inferiority complex
1081,ocean liner
1082,homosexuality
1083,cinderella
1084,fairy tale
1085,shoe
1086,retelling
1087,san francisco
1088,two word title
1089,new york city
1090,narcissism
1091,xanax
1092,duke
1093,historical figure
1094,treason
1095,catholic
1096,protestant
1097,fishing
1098,newfoundland
1099,kidnapping
1100,smoking
1101,bar
1102,coffee
1103,autograph
1104,cigarette
1105,bartender
1106,smalltalk
1107,jukebox
1108,gathering
1109,conversation
1110,interview
1111,addicted
1112,teslaspule
1113,cousin
1114,emergency doctor
1115,wu-tang
1116,android
1117,self-destruction
1118,countdown
1119,space suit
1120,beheading
1121,biology
1122,female protagonist
1123,parasite
1124,h. r. giger
1125,based on play
1126,gritty
1127,king of england
1128,bureaucracy
1129,police state
1130,terror
1131,great britain
1132,brother brother relationship
1133,expensive restaurant
1134,cook
1135,mouse
1136,roof
1137,window
1138,work
1139,restaurant critic
1140,kitchen
1141,spice
1142,cookbook
1143,chef
1144,rat
1145,pixar
1146,individual
1147,marihuana
1148,new jersey
1149,paraplegic
1150,hamster
1151,ecstasy
1152,epilepsy
1153,lethargy
1154,answering machine
1155,difficult childhood
1156,gravedigger
1157,singles
1158,unsociability
1159,los angeles
1160,secret passage
1161,exploding planet
1162,stone
1163,taxi driver weapon
1164,resort hotel
1165,cyborg redneck
1166,cold war
1167,weapon
1168,arms dealer
1169,robin hood
1170,king richard
1171,writing
1172,exterminator
1173,phobia
1174,japanese
1175,identity
1176,monopoly
1177,boss
1178,president
1179,disappearance
1180,cgi
1181,black and white
1182,theft
1183,dystopian
1184,researcher
1185,corporation
1186,black-and-white
1187,videogame
1188,hacker
1189,bodyguard
1190,virtual fight
1191,worker
1192,co worker
1193,kafka
1194,scotland
1195,jewry
1196,olympic games
1197,jew
1198,olympian sports team
1199,ambition
1200,infidelity
1201,married couple
1202,restaurant
1203,food
1204,italian restaurant
1205,feast
1206,world war
1207,apostle
1208,last supper
1209,three kings
1210,archangel gabriel
1211,sermon on the mount
1212,psychopath
1213,teen horror
1214,new zealand
1215,maori
1216,historical society
1217,tribal warfare
1218,star trek
1219,spacecraft
1220,teleportation
1221,space mission
1222,parachute
1223,black hole
1224,supernova
1225,prequel
1226,warp speed
1227,futuristic
1228,warp engine
1229,outer space
1230,vulcan
1231,alternate reality
1232,series reboot
1233,romulan
1234,commando
1235,gangsters
1236,faked death
1237,black ops
1238,lie
1239,on the run
1240,though guy
1241,one against many
1242,rail car
1243,based on comic
1244,sequel to a reboot
1245,sony
1246,stan lee
1247,spider-man
1248,epic
1249,swordsman
1250,religious
1251,knights
1252,saladin
1253,tree
1254,grief
1255,children
1256,single mother
1257,rural
1258,dominatrix
1259,based on graphic novel
1260,dark horse comics
1261,neo-noir
1262,police inspector
1263,trial by combat
1264,iceberg
1265,panic
1266,titanic
1267,disaster
1268,class differences
1269,steerage
1270,salvage
1271,rich snob
1272,not an action movie
1273,demonstration
1274,second world war
1275,indien
1276,imprisonment
1277,south africa
1278,hunger strike
1279,morning prayer
1280,hindu
1281,independence
1282,british army
1283,political negotiations
1284,conference
1285,nonviolent resistance
1286,apartheid
1287,british empire
1288,protest
1289,independence movement
1290,bombay
1291,strike
1292,prayer
1293,hinduism
1294,mahatma gandhi
1295,calcutta
1296,africa
1297,nile
1298,exploration
1299,jock
1300,stop motion animation
1301,communicating with the dead
1302,dealing with the past
1303,contact with the dead
1304,hanged child
1305,talking with the dead
1306,town hall
1307,ghostly voice
1308,man wearing towel
1309,witch trial
1310,child witch
1311,empathy
1312,musician
1313,ireland
1314,lake
1315,tahiti
1316,lion
1317,bridge
1318,based on true story
1319,kenya
1320,lion attack
1321,colonialism
1322,swahili
1323,journalist
1324,death penalty
1325,death row
1326,doomed man
1327,recovering alcoholic
1328,patient
1329,trust
1330,false accusations
1331,medication
1332,tennis
1333,tennis player
1334,wimbledon
1335,jugendliche
1336,lehrerin
1337,soulmates
1338,home
1339,ex-girlfriend
1340,suppressed past
1341,village life
1342,jugendliebe
1343,loss of father
1344,province
1345,family history
1346,war photographer
1347,lodge
1348,electrocution
1349,child murder
1350,battle assignment
1351,invasion
1352,marine corps
1353,commander
1354,pacific
1355,rifle
1356,wwii
1357,infantry
1358,steel helmet
1359,sergeant
1360,pacific island
1361,soldier
1362,fighting
1363,u.s. army
1364,guadalcanal
1365,awol
1366,brazil
1367,babysitter
1368,australian
1369,dancing
1370,native american
1371,tied feet
1372,driven insane
1373,abusive marriage
1374,refused services
1375,prison wagon
1376,lost in the desert
1377,buffalo skin
1378,mystery
1379,psychologie
1380,writer's block
1381,terminal illness
1382,exclamation point in title
1383,no opening credits
1384,moulin rouge
1385,bohemian
1386,toulouse lautrec
1387,red curtain
1388,dance hall maid uniform
1389,cancan dance
1390,indian music
1391,la traviata
1392,orpheus and eurydice
1393,evisceration
1394,javelin
1395,shield
1396,fall from height
1397,s.a.t.
1398,liebesakt
1399,mordzeugin
1400,lover (female)
1401,deceived husband
1402,wife
1403,deceived wive
1404,jugendfreund
1405,cinema
1406,hiding place
1407,machinegun
1408,prison guard
1409,escape from prison
1410,dillinger
1411,aliens
1412,terrorist bombing
1413,court métrage
1414,drama
1415,love affair
1416,apartment
1417,male friendship
1418,murder mystery
1419,extramarital affair
1420,cia
1421,retirement
1422,shot to death
1423,sniper rifle
1424,retired
1425,female spy
1426,alarm
1427,crime fighter
1428,judge
1429,metropolis
1430,law
1431,executive case
1432,bloody violence
1433,gangster
1434,criminal
1435,justice
1436,drug lord
1437,dystopic future
1438,based on british comic book
1439,dark humor
1440,expert marksman
1441,rookie
1442,dredd
1443,sunrise
1444,matter of life and death
1445,raid
1446,ice hockey
1447,pedophile
1448,throat slitting
1449,shot in the stomach
1450,head blown off
1451,pistol whip
1452,shot in the shoulder
1453,child uses gun
1454,ankle holster
1455,ethnic slur
1456,breaking finger
1457,superhuman strength
1458,save the world
1459,supergirl
1460,brainiac
1461,drug mule
1462,slavery
1463,slave
1464,dungeon
1465,portmanteau
1466,rebel
1467,wheelchair
1468,lunatic asylum
1469,rage and hate
1470,insanity
1471,basic rights and human rights
1472,ear
1473,policeman
1474,ear cut off
1475,suicide
1476,mississippi
1477,sheriff
1478,shotgun
1479,deputy sheriff
1480,fbi
1481,death by hanging
1482,motel
1483,victim of murder
1484,ku-klux-klan
1485,burning cross
1486,rope
1487,fbi agent
1488,based on true events
1489,preacher
1490,american south
1491,alcatraz
1492,courtroom
1493,murder trial
1494,'40s
1495,mistreatment
1496,public defender
1497,prisoner abuse
1498,denunziation
1499,telepathy
1500,atomic bomb
1501,emperor
1502,mutation
1503,space travel
1504,guild
1505,water
1506,chosen one
1507,jihad
1508,alien abduction
1509,pregnancy
1510,alien baby
1511,birthday
1512,voodoo
1513,stalker
1514,slasher
1515,explosion
1516,doll
1517,evil
1518,toy comes to life
1519,ginger
1520,faithlessness
1521,puppet
1522,killer toys
1523,police standoff
1524,cover up
1525,terrorism
1526,parade
1527,political
1528,irish rebellion
1529,mask
1530,graphic violence
1531,maniac
1532,reboot
1533,disturbed child
1534,michael myers
1535,montana
1536,brothel
1537,marshall
1538,dance
1539,immigrant
1540,studies
1541,idealist
1542,photographer
1543,fashion photographer
1544,night watchman
1545,best friend
1546,trennung
1547,nightmare
1548,childhood trauma
1549,halluzinationen
1550,psychotherapie
1551,heimatstadt
1552,poison
1553,part stop motion
1554,cheating husband
1555,zombies
1556,back from the dead
1557,person on fire
1558,attempted rape
1559,exploding body
1560,nagging mother
1561,director cameo
1562,head cut in half
1563,leg ripped off
1564,stop motion scene
1565,slum
1566,street gang
1567,refugee camp
1568,extraterrestrial technology
1569,johannesburg
1570,science fiction
1571,prawn
1572,social commentary
1573,illegal prostitution
1574,mother
1575,obsession
1576,literature
1577,fantasy
1578,passion
1579,true
1580,relationship
1581,assassin
1582,deception
1583,super speed
1584,surprise ending
1585,radio
1586,monarchy
1587,therapist
1588,adolf hitler
1589,humor
1590,radio transmission
1591,royal family
1592,speech
1593,royalty
1594,death of father
1595,cigar smoking
1596,microphone
1597,senior citizens
1598,train crash
1599,monogamy
1600,race relations
1601,class conflict
1602,exploring sexuality
1603,round table
1604,discussion
1605,stand up comedy
1606,improvisation
1607,guest
1608,celebrity
1609,comedy
1610,live
1611,tv special
1612,anniversary
1613,claustrophobia
1614,hidden camera
1615,reality show
1616,make believe
1617,pretend
1618,illegitimate son
1619,underwater
1620,south pacific
1621,comedian
1622,wrestling
1623,gas station
1624,utah
1625,stupidity
1626,character says i love you
1627,singing in a car
1628,fired from the job
1629,clumsiness
1630,stepmother stepdaughter relationship
1631,pills
1632,aspen colorado
1633,parakeet
1634,defecation
1635,heart ripped out
1636,reference to cinderella
1637,kicked in the face
1638,punched in the crotch
1639,scooter
1640,jumping on a bed
1641,hotel suite
1642,endangered species
1643,bulletproof vest
1644,foolish
1645,bank
1646,mockery
1647,green
1648,balloon
1649,jail cell
1650,pig latin
1651,anti-communism
1652,hollywood
1653,innocent
1654,bowling
1655,servant
1656,inheritance
1657,military officer
1658,rainstorm
1659,horse and carriage
1660,decorum
1661,freibeuter
1662,schauspi
1663,krankheit
1664,becoming an adult
1665,kind
1666,success
1667,widow
1668,theatre play
1669,stroke of fate
1670,peter pan
1671,theatre group
1672,phantastic world
1673,marriage crisis
1674,theatermilieu
1675,father daughter relationship
1676,apple computer
1677,steve jobs
1678,denmark
1679,madness
1680,germany
1681,war crimes
1682,trial
1683,female prisoner
1684,law student
1685,flat
1686,mobile phone
1687,black comedy
1688,tulips
1689,meeting
1690,puke
1691,pants
1692,liberal
1693,youth
1694,caste system
1695,divergent
1696,aids
1697,epidemic
1698,child abuse
1699,journalism
1700,florida
1701,boston
1702,pedophilia
1703,catholic church
1704,boston massachusetts
1705,investigative journalism
1706,cardinal
1707,9/11
1708,hurricane
1709,psychiatric hospital
1710,u.s. marshal
1711,conspiracy theory
1712,alien invasion
1713,vault
1714,new orleans
1715,escape
1716,las vegas
1717,killing
1718,newspaper
1719,code
1720,serial killer
1721,general
1722,drug addiction
1723,punched in the face
1724,semi autobiographical
1725,bipolar
1726,manic depression
1727,absent  mother
1728,con man
1729,estafa
1730,clock tower
1731,cat
1732,bicycle accident
1733,broom
1734,bakery
1735,dog
1736,studio ghibli
1737,baking
1738,friendship between girls
1739,seaside town
1740,talking cat
1741,courier service
1742,delivery service
1743,plantation
1744,pity
1745,michigan
1746,russian revolution
1747,czar
1748,train explosion
1749,foreign language adaptation
1750,exploding train
1751,wedding reception
1752,power outage
1753,destruction of planet
1754,wedding toast
1755,verschworene gemeinschaft
1756,washington d.c.
1757,u.s. president
1758,war veteran
1759,häftlinge
1760,staging
1761,film maker
1762,triebtäter
1763,albania
1764,sex scandal
1765,senator
1766,president elections
1767,oppositionelle
1768,media adviser
1769,manipulation of the media
1770,jugendschwarm
1771,cutting the cord
1772,forbidden love
1773,kiss
1774,missgünstiger vater
1775,liebeschaos
1776,unglückliche liebe
1777,recluse
1778,giant insect
1779,blockbuster
1780,pregnant sister
1781,chalkboard
1782, nightgown
1783,louisa may alcott
1784,self desire
1785,birth of twins
1786,emotional depression
1787,loss of lover
1788,spider
1789,thanksgiving
1790,bad boss
1791,pokies
1792,reference to superman
1793,painting
1794,wartime
1795,mentor protégé relationship
1796,hotel lobby
1797,renaissance painting
1798,first person narration
1799,alabama
1800,black american
1801,civil rights
1802,protest march
1803,selma
1804,montgomery
1805,irish
1806,undercover
1807,society
1808,gotham city
1809,tragic hero
1810,ninjas
1811,vigilante
1812,crimes
1813,haunted by the past
1814,himalayas
1815,evil doctor
1816,heroes
1817,escapades
1818,master villain
1819,fighting crime
1820,unfulfillment
1821,love and romance
1822,unfulfilled love
1823,victorian era
1824,black woman
1825,high society
1826,slaves
1827,social issues
1828,country house
1829,relatives
1830,victorian england
1831,vergnügen
1832,verbrecherbande
1833,gang leader
1834,crime
1835,jaipur india
1836,telemarketer
1837,telemarketing
1838,flower in title
1839,gay man
1840,personal growth
1841,gin and tonic
1842,plant in title
1843,outsourcing
1844,cricket the game
1845,hip replacement
1846,oscar award
1847,speculative
1848,false history
1849,southern u.s.
1850,loss of son
1851,loss of family
1852,french
1853,south carolina
1854,two man army
1855,consul
1856,crime lord
1857,art treasures
1858,reference to chelsea clinton
1859,roses are red poem
1860,snake
1861,fox
1862,copenhagen
1863,inuit
1864,comet
1865,arctic
1866,snow
1867,berlin
1868,plan
1869,colonel
1870,husband wife relationship
1871,german officer
1872,piano wire
1873,suicide by gunshot
1874,fourth part
1875,broken arm
1876,nuclear threat
1877,suicide attempt
1878,striptease
1879,steel worker
1880,repossession
1881,male stripper
1882,imaginary creature
1883,sister sister relationship
1884,sister
1885,partnership
1886,secret love
1887,familienkonflikte
1888,sadness
1889,young people
1890,romance
1891,kamikaze
1892,teen movie
1893,death of parent
1894,professor
1895,liar
1896,marijuana
1897,wife husband relationship
1898,eroticism
1899,selbstbefriedigung
1900,vororte
1901,loser
1902,infant
1903,housewife
1904,bourgeoisie
1905,ex-polizist
1906,playground
1907,stay-at-home dad
1908,castration
1909,psychopathy
1910,coming of age
1911,summer
1912,baby
1913,banane
1914,baudelaire
1915,stand-up
1916,standup
1917,standup comedy
1918,stand-up comedy
1919,charity
1920,sketch comedy
1921,childhood sexual abuse
1922,parody
1923,art class
1924,record collector
1925,plaster
1926,personal ad
1927,blues music
1928,nunchaku
1929,high school friend
1930,prank telephone call
1931,singer
1932,boy girl relationship
1933,audition
1934,group of friends
1935,singing competition
1936,music education
1937,female musician
1938,group leader
1939,singing contest
1940,acapella
1941,china
1942,mentor
1943,turtle
1944,panda
1945,destiny
1946,fleet
1947,cine independiente
1948,date
1949,dna
1950,mayor
1951,rain
1952,museum
1953,serum
1954,talking animal
1955,rock and roll
1956,music style
1957,john f. kennedy
1958,advancement
1959,bob dylan
1960,rock
1961,singen
1962,beatnik
1963,motor-bike accident
1964,illegal employment
1965,son
1966,urwald
1967,elephant
1968,caretaker
1969,bully
1970,bank manager
1971,nazi background
1972,document
1973,ultimatum
1974,court case
1975,financial transactions
1976,man-woman-relation
1977,suicide mission
1978,guilt
1979,mental health
1980,pain
1981,morality
1982,media manipulation
1983,moral dilemma
1984,assisted suicide
1985,hayao miyazaki
1986,isao takahata
1987,coma
1988,sword
1989,bride
1990,cut-off arm
1991,swordplay
1992,katana
1993,right and justice
1994,childhood
1995,eating with chopsticks
1996,disability
1997,violence against women
1998,japanese mafia
1999,piercing
2000,drug
2001,disembowelment
2002,twin
2003,blade
2004,masochist
2005,stabbed in the face
2006,severed tongue
2007,sadistic torture
2008,predator turns victim
2009,pointless violence
2010,rauschgift
2011,hongkong
2012,inspector
2013,manga
2014,manga-anime-liveaction
2015,man looking for wife
2016,schöne frauen
2017,samurai
2018,yakuza
2019,gang war
2020,filmmaker
2021,babes
2022,guns
2023,wtf
2024,blades
2025,evidence
2026,hand grenade
2027,tattoo
2028,stabbed in the back
2029,roulette wheel
2030,hanging
2031,mob violence
2032,stabbed in the ear
2033,chopsticks
2034,power politics
2035,tattoo on back
2036,racist comment
2037,crime family
2038,cynical
2039,gang member
2040,gash in the face
2041,finger cut off
2042,japanese culture
2043,jail break
2044,police headquarter
2045,little people
2046,teenage hero
2047,women's friendship
2048,japanese woman
2049,based on fairy tale
2050,japanese folklore
2051,bamboo
2052,kaguya
2053,anime
2054,mord
2055,broken engagement
2056,allegory
2057,bunraku
2058,loft
2059,onryo
2060,family drama
2061,medical profession
2062,sleep
2063,subconsciousness
2064,redemption
2065,burglar
2066,villainess
2067,destruction
2068,fictional city
2069,catwoman
2070,cat burglar
2071,statue
2072,flood
2073,hostage killed
2074,criminal underworld
2075,bane
2076,talia al ghul
2077,architect
2078,fate
2079,ikea
2080,year
2081,heartache
2082,highschool
2083,cannabis
2084,shrew
2085,archery
2086,opposites attract
2087,teen romance
2088,overprotective father
2089,trainer
2090,hustler
2091,child abuser
2092,cyborg
2093,planeten
2094,weltraumpiraten
2095,kleiner junge
2096,schatzkarte
2097,weltraum
2098,lone wolf
2099,leave
2100,anruf
2101,skyscraper
2102,tightrope
2103,planning
2104,world trade center
2105,world trade center manhattan new york city
2106,prohibition
2107,fly fishing
2108,pastor
2109,cancer
2110,therapist patient relationship
2111,hippie
2112,roommate
2113,stoned
2114,grass
2115,desire
2116,stoner
2117,misadventure
2118,tripping
2119,high
2120,pot
2121,silly
2122,paranoid
2123,flashback
2124,holiday
2125,christmas party
2126,room exchange
2127,surrey
2128,multiple storylines
2129,white male black female relationship
2130,dead father
2131,reference to bob dylan
2132,biracial
2133,bedtime story
2134,unmarried couple
2135,medical illustrator
2136,disguised voice
2137,reference to huckleberry finn
2138,student protest
2139,sonogram
2140,expectant grandmother
2141,dead parents
2142,testicles
2143,sniper
2144,saudi-arabia
2145,petrol
2146,golf war
2147,u.s. marine
2148,the muppets
2149,oil tycoon
2150,studio tour
2151,time warp
2152,exoskeleton
2153,cigarette smoking
2154,soccer
2155,corrupt cop
2156,night vision
2157,night vision goggles
2158,death of daughter
2159,el paso
2160,death of wife
2161,mexican cartel
2162,snow white
2163,fairytale
2164,huntsman
2165,world of fasion
2166,fashion journal
2167,assistant
2168,job entrant
2169,job interview
2170,editor-in-chief
2171,period drama
2172,queen victoria
2173,prince albert
2174,19th century
2175,british monarchy
2176,bookshop
2177,widower
2178,shore
2179,advice columnist
2180,single father
2181,dancer
2182,honesty
2183,politician
2184,foot chase
2185,covert agency
2186,courthouse
2187,political campaign
2188,based on short story
2189,homelessness
2190,lawlessness
2191,slow motion scene
2192,interracial marriage
2193,organized crime
2194,one word title
2195,shot in the back
2196,blood spatter
2197,bag over head
2198,execution
2199,written by director
2200,severed finger
2201,covered in blood
2202,voice over narration
2203,drug addict
2204,montage
2205,hit with a hammer
2206,face slap
2207,shot in the face
2208,topless female nudity
2209,shot through a window
2210,urban decay
2211,body landing on a car
2212,contract killer
2213,younger version of character
2214,underground tunnel
2215,barbie
2216,wig
2217,cats
2218,pyramid
2219,exodus
2220,governance
2221,hebrew
2222,pharaoh
2223,shyness
2224,retro
2225,animal death
2226,animal lover
2227,madagascar
2228,country name in title
2229,comedy of errors
2230,son-in-law
2231,father-in-law
2232,trottel
2233,private investigator
2234,smoking marijuana
2235,year 1969
2236,year 1970
2237,shrinking
2238,united states–mexico barrier
2239,confusion
2240,spoof
2241,western hero
2242,western band
2243,actor
2244,television
2245,propaganda
2246,games
2247,uprising
2248,rebellion
2249,tournament
2250,danger
2251,winner
2252,flames
2253,mockingjay
2254,hunger games
2255,mistake in person
2256,horse racing
2257,gambler
2258,slevin
2259,caso
2260,assasination
2261,black man
2262,assasin
2263,stowaway
2264,cheating
2265,zwietracht
2266,graphic novel
2267,homework
2268,shot in the chin
2269,soft boiled egg
2270,learning to drive
2271,spoiled son
2272,scarred face
2273,thompson sub machine gun
2274,frost on a window
2275,cauterizing a wound
2276,liberty half dollar
2277,airport
2278,translation
2279,craftsman
2280,stewardess
2281,illegal immigration
2282,language barrier
2283,jfk international airport
2284,immigration law
2285,fast food restaurant
2286,security camera
2287,jazz musician
2288,saxophonist
2289,passport
2290,eastern europe
2291,revolution
2292,game of death
2293,strong female lead
2294,bow and arrow
2295,game
2296,future war
2297,revolt
2298,class prejudice
2299,human subjugation
2300,corpse
2301,teenage love
2302,burlesque
2303,burlesque dancer
2304,school
2305,rumor
2306,hallucination
2307,knife fight
2308,blindness
2309,glamour
2310,roasted pig
2311,sponsor
2312,chariot
2313,fictional tv show
2314,mine explosion
2315,getaway
2316,jousting match
2317,crime gone awry
2318,bumbler
2319,hostage negotiator
2320,clown makeup
2321,cincinnati
2322,swashbuckler
2323,evil prince
2324,reference to socrates
2325,reference to plato
2326,screwball
2327,impersonation
2328,verkleidung
2329,männerschule
2330,paranoia
2331,hitchcockian
2332,based on comic strip
2333,dick tracy
2334,angel
2335,wish
2336,will
2337,bethlehem
2338,miracle
2339,snow globe
2340,freshman
2341,teenage boy
2342,high school senior
2343,first love
2344,aunt nephew relationship
2345,santa hat
2346,gay character
2347,gay teenager
2348,aunt nephew incest
2349,disney short
2350,fairies
2351,hipster
2352,underage girlfriend
2353,animated flashback
2354,character's point of view camera shot
2355,unconsciousness
2356,girl fight
2357,vegan
2358,double agent
2359,anthropomorphic animal
2360,spy hero
2361,sidekick
2362,henchmen
2363,macguffin
2364,landschloß
2365,gut und böse
2366,pest
2367,bed
2368,bite
2369,house
2370,central and south america
2371,shooting
2372,munich
2373,film and cinema
2374,cave painting
2375,southern france
2376,historian
2377,scientiest
2378,wilderness
2379,remoteness
2380,dog sled
2381,commune
2382,michael jackson
2383,life and death
2384,camping
2385,camcorder
2386,self-abandonment
2387,grizzly bear
2388,non-governmental organisation
2389,human being-animal relationship
2390,katmai national park
2391,alaska
2392,atheist
2393,history
2394,skepticism
2395,atheism
2396,secularism
2397,richard dawkins
2398,lawrence krauss
2399,ski jump
2400,portrait
2401,professional sports
2402,walter steiner
2403,dogme 95
2404,penguin
2405,paradise
2406,soul
2407,heaven
2408,hell
2409,espiritismo
2410,new mexico
2411,ex-con
2412,understated
2413,offbeat
2414,dancing master
2415,mambo
2416,dance performance
2417,animateur
2418,biergartenbedienungen
2419,summer camp
2420,family holiday
2421,guerilla
2422,colorado
2423,near future
2424,carpet
2425,grandparents
2426,captive
2427,pickup truck
2428,lego
2429,mother son relationship
2430,abduction
2431,shed
2432,skylight
2433,salesclerk
2434,winter
2435,auto
2436,north dakota
2437,car dealership
2438,woodchipper
2439,coen bros
2440,funny accent
2441,prejudice
2442,film critic
2443,farewell
2444,regret
2445,chance
2446,child prodigy
2447,reconciliation
2448,pornography
2449,porn actor
2450,pornographic video
2451,from rags to riches
2452,porn industry
2453,noir
2454,capitalism
2455,health
2456,marketing
2457,tobacco
2458,social satire
2459,business
2460,advertising
2461,humiliation
2462,lobby
2463,bribe
2464,lung cancer
2465,father son relationship
2466,scientific research
2467,lobbyist
2468,tobacco industry
2469,nicotine
2470,grieving father
