0,Adventure
1,Fantasy
2,Action
3,Science Fiction
4,Drama
5,Romance
6,Animation
7,History
8,Comedy
9,Documentary
10,Music
11,Family
12,Thriller
13,Crime
14,Mystery
15,Foreign
16,War
17,Horror
18,Western
19,TV Movie
20,elves
21,dwarves
22,orcs
23,middle-earth (tolkien)
24,hobbits
25,mountains
26,fireworks
27,castle
28,volcano
29,password
30,death of a friend
31,uncle
32,based on book
33,sword and sorcery
34,mirror
35,wizards
36,middle earth
37,suspicion
38,bravery
39,honor
40,crushed to death
41,troll
42,brutality
43,ghosts
44,end of trilogy
45,quest
46,war
47,explosive
48,cave
49,fort
50,army
51,mission
52,attack
53,guide
54,deja vu
55,brain-washing
56,lovesickness
57,jealousy
58,amnesia
59,loss of sense of reality
60,dream
61,operation
62,future
63,relationship problems
64,love
65,love story
66,japan
67,flying
68,earthquake
69,airplane
70,biography
71,airplane manufacturer
72,grandfather grandson relationship
73,mass murder
74,ukraine
75,pop culture
76,blindness and impaired vision
77,journey in the past
78,passion for collection
79,souvenir
80,nazis
81,anti-semitism
82,photograph
83,punk
84,punk rock
85,rock band
86,rockumentary
87,punk band
88,horror filmmaking
89,makeup artist
90,corruption
91,dragon
92,battle
93,unlikely friendship
94,epic battle
95,skateboarding
96,flying car
97,car race
98,delorean
99,lightning
100,almanac
101,inventor
102,hill valley
103,black and white scene
104,black & white to color
105,mysterious killer
106,doing the right thing
107,mercedes
108,tied to a chair
109,silhouette
110,dystopia
111,dystopie
112,dystopian movie
113,paris
114,city portrait
115,jazz
116,subway
117,new love
118,immigration
119,nanny
120,tourist
121,woman director
122,police brutality
123,us-amerikanerin
124,fußball
125,harvard university
126,grausamkeit
127,sports and spare time
128,sport
129,hooligan
130,violence
131,students
132,firm
133,west ham united
134,riddle
135,mountain
136,journey
137,ring
138,goblin
139,courage
140,giant
141,wizard
142,tunnel
143,underground lake
144,orc
145,hobbit
146,buried treasure
147,climbing a tree
148,invisibility
149,ancient
150,arm cut off
151,gnomes
152,man versus machine
153,hope
154,post-apocalypse
155,friendship
156,steampunk
157,coward
158,end of world
159,rag doll
160,southern accent
161,wanted man
162,lynch mob
163,reflection in water
164,lesson
165,nosebleed
166,bloodhound
167,fake accent
168,grave digging
169,adventure
170,the lord of the rings
171,magic ring
172,medieval
173,magic
174,wizardry
175,dwarf
176,tolkien
177,magical world
178,mutant
179,time travel
180,superhuman
181,storm
182,based on comic book
183,marvel comics
184,beast
185,aftercreditsstinger
186,mutants
187,x-men
188,changing the past or future
189,1970s
190,70s
191,psychiatrist
192,witch
193,königshaus
194,prince
195,beauty
196,star
197,kingdom
198,wall
199,falling star
200,based on novel
201,unrequited love
202,good versus evil
203,fratricide
204,secret
205,book
206,novelist
207,schizophrenic
208,wolverine
209,cyclops
210,rogue
211,x-men (2000)
212,professor x
213,magneto
214,mystique
215,jean grey
216,x2: x-men united (2003)
217,underdog
218,ausländerfeindlichkeit
219,sea
220,wales
221,strangeness
222,shipwreck
223,Ärzte
224,loss of husband
225,fremde frau
226,england
227,kidnapper
228,shakespeare adaptation
229,murder
230,king
231,london
232,detective
233,sherlock holmes
234,first world war
235,duringcreditsstinger
236,samurái
237,the wolverine (2013)
238,holy grail
239,christianity
240,monk
241,zurich
242,sekte
243,secret society
244,louvre
245,curator
246,symbologist
247,opus dei
248,heresy
249,mona lisa
250,freemason
251,conspiracy
252,pentagram
253,tomb
254,catholicism
255,cryptologist
256,iconography
257,albino
258,apocalypse
259,world domination
260,marvel
261,1980s
262,concentration camp prisoner
263,nazi
264,gay interest
265,indie
266,prison
267,seventies
268,release from prison
269,criminal past
270,night club
271,drugs
272,disco
273,puerto rican
274,illegale prostitution
275,father-son relationship
276,prostitute
277,mutter-tochter-beziehung
278,tradition
279,refugee
280,gangstersyndikat
281,underworld
282,russia
283,hitman
284,gangster boss
285,motorräder
286,undercover agent
287,threat to death
288,midwife
289,killer
290,hoodlum
291,orphan girl
292,paternity
293,mutiny
294,missile
295,nuclear missile
296,embassy
297,us navy
298,battle for power
299,nuclea power
300,amish
301,suspense
302,barn raising
303,presidential elections
304,prisoner
305,revenge
306,haunting
307,electric chair
308,robbery
309,double life
310,dual identity
311,small town
312,indiana
313,distrust
314,fight
315,marriage
316,family relationships
317,mistaken identity
318,diner
319,lawyer
320,mobster
321,attempted robbery
322,self defense
323,europe
324,intellectual
325,money
326,american
327,girl
328,art
329,rich
330,blackmail
331,artist
332,planned murder
333,affair
334,horse race
335,horse
336,racehorse
337,cupcake
338,twenty something
339,gameboy
340,money bag
341,sidewalk
342,popstar
343,musical
344,record label
345,music
346,musicband
347,bomb
348,gun
349,drug dealer
350,costume
351,comic book
352,party
353,superhero
354,shot in the chest
355,gore
356,blood
357,comic book shop
358,comic book collector
359,shot in the head
360,dinner
361,cutting in line
362,shot in the leg
363,police officer
364,cosplay
365,comic books
366,robot
367,senior citizen
368,cat thief
369,confidence
370,trauma
371,leaving one's family
372,childhood memory
373,war on terror
374,loss of daughter
375,alone
376,cowardliness
377,family
378,siblings
379,dysfunctional marriage
380,working class
381,wrong side of the tracks
382,ship
383,sequel
384,artifact
385,period piece
386,pirate
387,caribbean
388,pirates
389,ghost
390,exotic island
391,blacksmith
392,east india trading company
393,gold
394,corset
395,marriage proposal
396,cannon
397,skeleton
398,daughter
399,governor
400,telescope
401,kids and family
402,wooden eye
403,gold coin
404,walt disney
405,prisoner of war
406,wound
407,somalia
408,warlord
409,famine
410,delta force
411,rescue operation
412,fortuneteller
413,bondage
414,monster
415,captain
416,card game
417,compass
418,ocean
419,drug abuse
420,love of one's life
421,traitor
422,strong woman
423,ex-frau
424,alliance
425,calypso
426,afterlife
427,fighter
428,adultery
429,trojan war
430,fraud
431,hostility
432,sword fight
433,battlefield
434,title spoken by character
435,ancient world
436,brothers
437,pyre
438,ancient greece
439,psychic
440,boy genius
441,healing power
442,lost mother
443,healing gift
444,watchmaker
445,saving the world
446,venice
447,library
448,whip
449,treasure
450,entrapment
451,crusader
452,treasure hunt
453,panzer
454,order of the templars
455,archeologist
456,marine propelling screw
457,indiana jones
458,archeology 
459,nepal
460,himalaya
461,cairo
462,moses
463,egypt
464,medaillon
465,leather jacket
466,hat
467,mediterranean
468,ark of the covenant
469,ten commandments
470,ausgrabung
471,swastika
472,archaeologist
473,remake
474,knight
475,king arthur
476,gambling
477,gambling debts
478,photography
479,cabaret
480,cross dresser
481,middle ages
482,orient
483,genie
484,mythology
485,cruise ship
486,navy seal
487,cryptozoology
488,persia
489,queen
490,esther
491,smuggling of arms
492,assassination
493,spy
494,falsely accused person
495,secret identity
496,flucht
497,country estate
498,arms deal
499,drug traffic
500,moskau
501,secret mission
502,secret intelligence service
503,kgb
504,villain
505,renegade
506,special car
507,tangier
508,big wheel
509,pipeline
510,cello
511,orchestra
512,freedom fighter
513,czechoslovakia
514,afghanistan
515,marsmenschen
516,space marine
517,crusade
518,jerusalem
519,ritter
520,mercenary
521,coronation
522,verlieben
523,duty
524,heirat
525,wax museum
526,fish
527,hai
528,italy
529,isolation
530,author
531,loss of wife
532,alcohol
533,sex
534,nudity
535,graduation
536,beer
537,police
538,friends
539,teacher
540,student
541,drunk
542,roller coaster
543,keg
544,doubts
545,river
546,tiger
547,village
548,bear
549,jungle
550,orphan
551,vulture
552,gong
553,lost
554,shake
555,mango
556,boxer
557,boxing
558,sports film
559,promoter
560,wretch
561,interpol
562,kämpfer
563,mars
564,nasa
565,botanist
566,stranded
567,space
568,engineering
569,survival
570,mars the planet
571,astronaut
572,science
573,space ship
574,deep space explorer
575,battle for survival
576,resistance
577,fascism
578,totalitarian regime
579,destroy
580,phasing
581,book burning
582,outlaw
583,government agent
584,rape
585,minnesota
586,witness
587,miner
588,insult
589,court
590,lawsuit
591,lesbian
592,case
593,woman
594,landmark
595,harrassment
596,legal
597,ice
598,tent
599,girlfriend
600,freundin
601,glacier
602,audi
603,impostor
604,ice skating
605,computer expert
606,ex kgb
607,preparation
608,screenwriter credited under pseudonym
609,hit with a car door
610,cellular phone trace
611,merry go round
612,|newcastle, england|
613,country life
614,sexual awakening
615,mini series
616,seuche
617,clone
618,transplantation
619,flucht aus dem gefängnis
620,genetics
621,freedom
622,cloning
623,mother role
624,burning of witches
625,fog
626,suffering
627,darkness
628,sadism
629,supernatural
630,surrealism
631,another dimension
632,torture
633,creature
634,demon
635,witch burning
636,dismemberment
637,religious fanatic
638,ghost town
639,sleepwalking
640,cuba
641,computer virus
642,secret base
643,satellit
644,cossack
645,electromagnetic pulse
646,time bomb
647,st. petersburg
648,ejection seat
649,red army
650,return
651,arbitrary law
652,paratroops
653,iraq war veteran
654,iraq war
655,security guard
656,cctv
657,cemetery
658,diamant
659,greek mythology
660,god
661,poseidon  
662,lightning bolt
663,monsters
664,based on ya novel
665,muslim
666,pakistan
667,political unrest
668,honeymoon
669,transylvania
670,vampire
671,dracula
672,victim
673,hammer horror
674,grave
675,stop motion
676,animation
677,wedding
678,dark fantasy
679,european
680,asylum
681,twins
682,loot
683,showdown
684,star wars
685,death star
686,vision
687,cult figure
688,hatred
689,dream sequence
690,expectant mother
691,chancel
692,childbirth
693,dying in childbirth
694,galactic war
695,alter zauberer
696,magician performance
697,sorcerer's apprentice
698,magic wand
699,enchantment
700,hobby-magician
701,einhorn
702,17th century
703,witchcraft
704,reference to james bond
705,official james bond series
706,boy
707,island
708,virgin
709,human sacrifice
710,paganism
711,seduction
712,voyage
713,the odyssey
714,clock
715,film director
716,key
717,toy
718,automaton
719,hiding
720,filmmaking
721,leg brace
722,doberman
723,hanging from a clock
724,3d
725,british
726,napoleonic wars
727,sea battle
728,cut-off head
729,horseman
730,head
731,france
732,louis xiii.
733,d'artagnan
734,experiment
735,brain
736,guillotine
737,frankenstein
738,reanimation
739,mad scientist
740,morgue
741,decapitation
742,severed head
743,horror movie remake
744,gothic horror
745,severed hand
746,told in flashback
747,reanimated corpse
748,brain transplant
749,unfaithfulness
750,resurrection
751,shakespeare
752,courtly life
753,intrige
754,musketier
755,degen
756,musketeer
757,intrique
758,mad doctor
759,centenarian
760,transplant
761,adrenal gland
762,delinquent
763,teen
764,scotland yard
765,investigator
766,anthology film
767,mummy
768,swamp
769,princess
770,nursing home
771,ancient egypt
772,train station
773,loneliness
774,gunslinger
775,mexico
776,bounty hunter
777,texas
778,independent film
779,shootout
780,bank robbery
781,knife throwing
782,gunfighter
783,old west
784,female gunfighter
785,rape revenge
786,cowboy
787,bank robbers
788,expedition
789,alien
790,train
791,stockings
792,anthropologist
793,whipping
794,siberia
795,public domain
796,fossil
797,hidden identity
798,animal senses evil
799,pair of evil eyes
800,crate
801,hercules
802,university
803,discworld
804,black magic
805,satanist
806,occult
807,ritual sacrifice
808,occult horror
809,chocolate
810,factory worker
811,parents kids relationship
812,candy
813,overweight child
814,zahnarzt
815,squirrel
816,factory
817,armer lehrer
818,senate
819,investigation
820,jedi
821,kendo
822,laser gun
823,spaceport
824,teenage rebellion
825,good becoming evil
826,ends with wedding
827,alien race
828,mechanical hand
829,war violence
830,yoda
831,shanghai
832,dr. fu man chu
833,dr. fu manchu
834,coffin
835,priest
836,scientist
837,novel
838,spain
839,protection
840,fictional place
841,fantastic
842,curse
843,werewolf
844,sith
845,space opera
846,3d animation
847,clone army
848,separatists
849,droids
850,satanism
851,ritual
852,cult
853,writer
854,deal with the devil
855,california
856,painter
857,beach
858,gallery
859,stripper
860,tragedy
861,counterfeit
862,teenager
863,independent movie
864,forgery
865,canvas
866,naturalist
867,frigate
868,self surgery
869,weevil
870,patriotism
871,nationalism
872,students' movement
873,heist
874,english channel
875,swimmer
876,hypnotism
877,undead
878,grave robber
879,american football
880,family relationship
881,aspiration
882,biopic
883,christian
884,urination
885,hidden
886,reference to liberace
887,group vomit
888,exercise machine
889,running gunfight
890,water slide
891,housing
892,foreclosure
893,walking the plank
894,lost treasure
895,lifting male in air
896,superman
897,batman
898,dc comics
899,superhero team
900,wonder women
901,green lantern
902,the flash
903,dcau
904,shazam
905,cannes
906,cannes film festival
907, fantastic four
908,terrorist
909,hostage-taking
910,high school
911,ladykiller
912,aquaman
913,wonder woman
914,actress
915,racism
916,mission of murder
917,politics
918,election campaign
919,swearing
920,political satire
921,hip hop culture
922,gulf war
923,pilot
924,us-army
925,praise
926,rescue mission
927,dead soldier
928,tank
929,medal
930,competition
931,dying and death
932,class society
933,tricks
934,class
935,rivalry
936,magician
937,spaceship
938,imax
939,college
940,reunion
941,reunited friends
942,leader
943,colony
944,woods
945,forest
946,ape
947,monkey
948,medical research
949,animal attack
950,plague
951,comic
952,marvel cinematic universe
953,avengers
954,intelligence
955,zoo
956,cage
957,golden gate bridge
958,alzheimer's disease
959,liquor
960,sunken treasure
961,plot
962,reporter
963,ransom
964,hostage
965,hostage drama
966,feier
967,manchester city
968,nightclub
969,film business
970,screenplay
971,show business
972,film making
973,film producer
974,indigenous
975,dinosaurs
976,bank robber
977,australia
978,motorcycle
979,artificial intelligence
980,philosophy
981,prophecy
982,self sacrifice
983,insurgence
984,messias
985,virtual reality
986,truth
987,gnosticism
988,vatican
989,fascist
990,government
991,chancellor
992,vengeance
993,personification of satan
994,vengeance is fatal
995,guy fawkes
996,masked vigilante
997,catholic priest
998,catholic guilt
999,jesuit
1000,vengeful spirit
1001,irish catholic
1002,vengeful
1003,vaticano
1004,jesuit priest
1005,occultism
1006,short
1007,gay
1008,drag queen
1009,homophobia
1010,van
1011,transgender
1012,australian aborigine
1013,transformation
1014,martial arts
1015,kung fu
1016,underground world
1017,hero
1018,plato
1019,precognition
1020,rave
1021,computer
1022,faith
1023,world religion
1024,owl
1025,behind the scenes
1026,fan culture
1027,visual effect
1028,new york
1029,nazi germany
1030,america
1031,brooklyn
1032,ww2
1033,world war ii
1034,killer robot
1035,temple
1036,sun
1037,rettung
1038,sunlight
1039,super computer
1040,machine town
1041,ying yang
1042,yin yang
1043,ensemble cast
1044,year 2144
1045,year 1931
1046,century
1047,viking
1048,female nudity
1049,chicago
1050,hotel
1051,new year's eve
1052,age difference
1053,lesbian kiss
1054,road trip
1055,lesbian couple
1056,mother daughter relationship
1057,divorce
1058,lesbian sex
1059,department store
1060,lgbt
1061,mother child relationship
1062,child custody
1063,older woman younger woman relationship
1064,christmas
1065,50s
1066,arrest
1067,partner
1068,gunfight
1069,police force
1070,cowboy costume
1071,accident
1072,loss of mother
1073,cynic
1074,red cap
1075,diary
1076,navy
1077,funeral
1078,tea
1079,travel
1080,hospital
1081,police investigation
1082,deserted island
1083,dissension
1084,floreana island
1085,new settlers
1086,deaths
1087,male director
1088,reichtum
1089,mordkommission
1090,atlantic ocean
1091,new identity
1092,prosecution
1093,yacht
1094,inferiority
1095,false identity
1096,neidische
1097,beguilement
1098,rejection
1099,inferiority complex
1100,ocean liner
1101,homosexuality
1102,cinderella
1103,fairy tale
1104,shoe
1105,retelling
1106,san francisco
1107,two word title
1108,new york city
1109,narcissism
1110,xanax
1111,duke
1112,historical figure
1113,treason
1114,catholic
1115,protestant
1116,fishing
1117,newfoundland
1118,kidnapping
1119,smoking
1120,bar
1121,coffee
1122,autograph
1123,cigarette
1124,bartender
1125,smalltalk
1126,jukebox
1127,gathering
1128,conversation
1129,interview
1130,addicted
1131,teslaspule
1132,cousin
1133,emergency doctor
1134,wu-tang
1135,android
1136,self-destruction
1137,countdown
1138,space suit
1139,beheading
1140,biology
1141,female protagonist
1142,parasite
1143,h. r. giger
1144,based on play
1145,gritty
1146,king of england
1147,bureaucracy
1148,police state
1149,terror
1150,great britain
1151,brother brother relationship
1152,expensive restaurant
1153,cook
1154,mouse
1155,roof
1156,window
1157,work
1158,restaurant critic
1159,kitchen
1160,spice
1161,cookbook
1162,chef
1163,rat
1164,pixar
1165,individual
1166,marihuana
1167,new jersey
1168,paraplegic
1169,hamster
1170,ecstasy
1171,epilepsy
1172,lethargy
1173,answering machine
1174,difficult childhood
1175,gravedigger
1176,singles
1177,unsociability
1178,los angeles
1179,secret passage
1180,exploding planet
1181,stone
1182,taxi driver weapon
1183,resort hotel
1184,cyborg redneck
1185,cold war
1186,weapon
1187,arms dealer
1188,robin hood
1189,king richard
1190,writing
1191,exterminator
1192,phobia
1193,japanese
1194,identity
1195,monopoly
1196,boss
1197,president
1198,disappearance
1199,cgi
1200,black and white
1201,theft
1202,dystopian
1203,researcher
1204,corporation
1205,black-and-white
1206,videogame
1207,hacker
1208,bodyguard
1209,virtual fight
1210,worker
1211,co worker
1212,kafka
1213,scotland
1214,jewry
1215,olympic games
1216,jew
1217,olympian sports team
1218,ambition
1219,infidelity
1220,married couple
1221,restaurant
1222,food
1223,italian restaurant
1224,feast
1225,world war
1226,apostle
1227,last supper
1228,three kings
1229,archangel gabriel
1230,sermon on the mount
1231,psychopath
1232,teen horror
1233,new zealand
1234,maori
1235,historical society
1236,tribal warfare
1237,star trek
1238,spacecraft
1239,teleportation
1240,space mission
1241,parachute
1242,black hole
1243,supernova
1244,prequel
1245,warp speed
1246,futuristic
1247,warp engine
1248,outer space
1249,vulcan
1250,alternate reality
1251,series reboot
1252,romulan
1253,commando
1254,gangsters
1255,faked death
1256,black ops
1257,lie
1258,on the run
1259,though guy
1260,one against many
1261,rail car
1262,based on comic
1263,sequel to a reboot
1264,sony
1265,stan lee
1266,spider-man
1267,epic
1268,swordsman
1269,religious
1270,knights
1271,saladin
1272,tree
1273,grief
1274,children
1275,single mother
1276,rural
1277,dominatrix
1278,based on graphic novel
1279,dark horse comics
1280,neo-noir
1281,police inspector
1282,trial by combat
1283,iceberg
1284,panic
1285,titanic
1286,disaster
1287,class differences
1288,steerage
1289,salvage
1290,rich snob
1291,not an action movie
1292,demonstration
1293,second world war
1294,indien
1295,imprisonment
1296,south africa
1297,hunger strike
1298,morning prayer
1299,hindu
1300,independence
1301,british army
1302,political negotiations
1303,conference
1304,nonviolent resistance
1305,apartheid
1306,british empire
1307,protest
1308,independence movement
1309,bombay
1310,strike
1311,prayer
1312,hinduism
1313,mahatma gandhi
1314,calcutta
1315,africa
1316,nile
1317,exploration
1318,jock
1319,stop motion animation
1320,communicating with the dead
1321,dealing with the past
1322,contact with the dead
1323,hanged child
1324,talking with the dead
1325,town hall
1326,ghostly voice
1327,man wearing towel
1328,witch trial
1329,child witch
1330,empathy
1331,musician
1332,ireland
1333,lake
1334,tahiti
1335,lion
1336,bridge
1337,based on true story
1338,kenya
1339,lion attack
1340,colonialism
1341,swahili
1342,journalist
1343,death penalty
1344,death row
1345,doomed man
1346,recovering alcoholic
1347,patient
1348,trust
1349,false accusations
1350,medication
1351,tennis
1352,tennis player
1353,wimbledon
1354,jugendliche
1355,lehrerin
1356,soulmates
1357,home
1358,ex-girlfriend
1359,suppressed past
1360,village life
1361,jugendliebe
1362,loss of father
1363,province
1364,family history
1365,war photographer
1366,lodge
1367,electrocution
1368,child murder
1369,battle assignment
1370,invasion
1371,marine corps
1372,commander
1373,pacific
1374,rifle
1375,wwii
1376,infantry
1377,steel helmet
1378,sergeant
1379,pacific island
1380,soldier
1381,fighting
1382,u.s. army
1383,guadalcanal
1384,awol
1385,brazil
1386,babysitter
1387,australian
1388,dancing
1389,native american
1390,tied feet
1391,driven insane
1392,abusive marriage
1393,refused services
1394,prison wagon
1395,lost in the desert
1396,buffalo skin
1397,mystery
1398,psychologie
1399,writer's block
1400,terminal illness
1401,exclamation point in title
1402,no opening credits
1403,moulin rouge
1404,bohemian
1405,toulouse lautrec
1406,red curtain
1407,dance hall maid uniform
1408,cancan dance
1409,indian music
1410,la traviata
1411,orpheus and eurydice
1412,evisceration
1413,javelin
1414,shield
1415,fall from height
1416,s.a.t.
1417,liebesakt
1418,mordzeugin
1419,lover (female)
1420,deceived husband
1421,wife
1422,deceived wive
1423,jugendfreund
1424,cinema
1425,hiding place
1426,machinegun
1427,prison guard
1428,escape from prison
1429,dillinger
1430,aliens
1431,terrorist bombing
1432,court métrage
1433,drama
1434,love affair
1435,apartment
1436,male friendship
1437,murder mystery
1438,extramarital affair
1439,cia
1440,retirement
1441,shot to death
1442,sniper rifle
1443,retired
1444,female spy
1445,alarm
1446,crime fighter
1447,judge
1448,metropolis
1449,law
1450,executive case
1451,bloody violence
1452,gangster
1453,criminal
1454,justice
1455,drug lord
1456,dystopic future
1457,based on british comic book
1458,dark humor
1459,expert marksman
1460,rookie
1461,dredd
1462,sunrise
1463,matter of life and death
1464,raid
1465,ice hockey
1466,pedophile
1467,throat slitting
1468,shot in the stomach
1469,head blown off
1470,pistol whip
1471,shot in the shoulder
1472,child uses gun
1473,ankle holster
1474,ethnic slur
1475,breaking finger
1476,superhuman strength
1477,save the world
1478,supergirl
1479,brainiac
1480,drug mule
1481,slavery
1482,slave
1483,dungeon
1484,portmanteau
1485,rebel
1486,wheelchair
1487,lunatic asylum
1488,rage and hate
1489,insanity
1490,basic rights and human rights
1491,ear
1492,policeman
1493,ear cut off
1494,suicide
1495,mississippi
1496,sheriff
1497,shotgun
1498,deputy sheriff
1499,fbi
1500,death by hanging
1501,motel
1502,victim of murder
1503,ku-klux-klan
1504,burning cross
1505,rope
1506,fbi agent
1507,based on true events
1508,preacher
1509,american south
1510,alcatraz
1511,courtroom
1512,murder trial
1513,'40s
1514,mistreatment
1515,public defender
1516,prisoner abuse
1517,denunziation
1518,telepathy
1519,atomic bomb
1520,emperor
1521,mutation
1522,space travel
1523,guild
1524,water
1525,chosen one
1526,jihad
1527,alien abduction
1528,pregnancy
1529,alien baby
1530,birthday
1531,voodoo
1532,stalker
1533,slasher
1534,explosion
1535,doll
1536,evil
1537,toy comes to life
1538,ginger
1539,faithlessness
1540,puppet
1541,killer toys
1542,police standoff
1543,cover up
1544,terrorism
1545,parade
1546,political
1547,irish rebellion
1548,mask
1549,graphic violence
1550,maniac
1551,reboot
1552,disturbed child
1553,michael myers
1554,montana
1555,brothel
1556,marshall
1557,dance
1558,immigrant
1559,studies
1560,idealist
1561,photographer
1562,fashion photographer
1563,night watchman
1564,best friend
1565,trennung
1566,nightmare
1567,childhood trauma
1568,halluzinationen
1569,psychotherapie
1570,heimatstadt
1571,poison
1572,part stop motion
1573,cheating husband
1574,zombies
1575,back from the dead
1576,person on fire
1577,attempted rape
1578,exploding body
1579,nagging mother
1580,director cameo
1581,head cut in half
1582,leg ripped off
1583,stop motion scene
1584,slum
1585,street gang
1586,refugee camp
1587,extraterrestrial technology
1588,johannesburg
1589,science fiction
1590,prawn
1591,social commentary
1592,illegal prostitution
1593,mother
1594,obsession
1595,literature
1596,fantasy
1597,passion
1598,true
1599,relationship
1600,assassin
1601,deception
1602,super speed
1603,surprise ending
1604,radio
1605,monarchy
1606,therapist
1607,adolf hitler
1608,humor
1609,radio transmission
1610,royal family
1611,speech
1612,royalty
1613,death of father
1614,cigar smoking
1615,microphone
1616,senior citizens
1617,train crash
1618,monogamy
1619,race relations
1620,class conflict
1621,exploring sexuality
1622,round table
1623,discussion
1624,stand up comedy
1625,improvisation
1626,guest
1627,celebrity
1628,comedy
1629,live
1630,tv special
1631,anniversary
1632,claustrophobia
1633,hidden camera
1634,reality show
1635,make believe
1636,pretend
1637,illegitimate son
1638,underwater
1639,south pacific
1640,comedian
1641,wrestling
1642,gas station
1643,utah
1644,stupidity
1645,character says i love you
1646,singing in a car
1647,fired from the job
1648,clumsiness
1649,stepmother stepdaughter relationship
1650,pills
1651,aspen colorado
1652,parakeet
1653,defecation
1654,heart ripped out
1655,reference to cinderella
1656,kicked in the face
1657,punched in the crotch
1658,scooter
1659,jumping on a bed
1660,hotel suite
1661,endangered species
1662,bulletproof vest
1663,foolish
1664,bank
1665,mockery
1666,green
1667,balloon
1668,jail cell
1669,pig latin
1670,anti-communism
1671,hollywood
1672,innocent
1673,bowling
1674,servant
1675,inheritance
1676,military officer
1677,rainstorm
1678,horse and carriage
1679,decorum
1680,freibeuter
1681,schauspi
1682,krankheit
1683,becoming an adult
1684,kind
1685,success
1686,widow
1687,theatre play
1688,stroke of fate
1689,peter pan
1690,theatre group
1691,phantastic world
1692,marriage crisis
1693,theatermilieu
1694,father daughter relationship
1695,apple computer
1696,steve jobs
1697,denmark
1698,madness
1699,germany
1700,war crimes
1701,trial
1702,female prisoner
1703,law student
1704,flat
1705,mobile phone
1706,black comedy
1707,tulips
1708,meeting
1709,puke
1710,pants
1711,liberal
1712,youth
1713,caste system
1714,divergent
1715,aids
1716,epidemic
1717,child abuse
1718,journalism
1719,florida
1720,boston
1721,pedophilia
1722,catholic church
1723,boston massachusetts
1724,investigative journalism
1725,cardinal
1726,9/11
1727,hurricane
1728,psychiatric hospital
1729,u.s. marshal
1730,conspiracy theory
1731,alien invasion
1732,vault
1733,new orleans
1734,escape
1735,las vegas
1736,killing
1737,newspaper
1738,code
1739,serial killer
1740,general
1741,drug addiction
1742,punched in the face
1743,semi autobiographical
1744,bipolar
1745,manic depression
1746,absent  mother
1747,con man
1748,estafa
1749,clock tower
1750,cat
1751,bicycle accident
1752,broom
1753,bakery
1754,dog
1755,studio ghibli
1756,baking
1757,friendship between girls
1758,seaside town
1759,talking cat
1760,courier service
1761,delivery service
1762,plantation
1763,pity
1764,michigan
1765,russian revolution
1766,czar
1767,train explosion
1768,foreign language adaptation
1769,exploding train
1770,wedding reception
1771,power outage
1772,destruction of planet
1773,wedding toast
1774,verschworene gemeinschaft
1775,washington d.c.
1776,u.s. president
1777,war veteran
1778,häftlinge
1779,staging
1780,film maker
1781,triebtäter
1782,albania
1783,sex scandal
1784,senator
1785,president elections
1786,oppositionelle
1787,media adviser
1788,manipulation of the media
1789,jugendschwarm
1790,cutting the cord
1791,forbidden love
1792,kiss
1793,missgünstiger vater
1794,liebeschaos
1795,unglückliche liebe
1796,recluse
1797,giant insect
1798,blockbuster
1799,pregnant sister
1800,chalkboard
1801, nightgown
1802,louisa may alcott
1803,self desire
1804,birth of twins
1805,emotional depression
1806,loss of lover
1807,spider
1808,thanksgiving
1809,bad boss
1810,pokies
1811,reference to superman
1812,painting
1813,wartime
1814,mentor protégé relationship
1815,hotel lobby
1816,renaissance painting
1817,first person narration
1818,alabama
1819,black american
1820,civil rights
1821,protest march
1822,selma
1823,montgomery
1824,irish
1825,undercover
1826,society
1827,gotham city
1828,tragic hero
1829,ninjas
1830,vigilante
1831,crimes
1832,haunted by the past
1833,himalayas
1834,evil doctor
1835,heroes
1836,escapades
1837,master villain
1838,fighting crime
1839,unfulfillment
1840,love and romance
1841,unfulfilled love
1842,victorian era
1843,black woman
1844,high society
1845,slaves
1846,social issues
1847,country house
1848,relatives
1849,victorian england
1850,vergnügen
1851,verbrecherbande
1852,gang leader
1853,crime
1854,jaipur india
1855,telemarketer
1856,telemarketing
1857,flower in title
1858,gay man
1859,personal growth
1860,gin and tonic
1861,plant in title
1862,outsourcing
1863,cricket the game
1864,hip replacement
1865,oscar award
1866,speculative
1867,false history
1868,southern u.s.
1869,loss of son
1870,loss of family
1871,french
1872,south carolina
1873,two man army
1874,consul
1875,crime lord
1876,art treasures
1877,reference to chelsea clinton
1878,roses are red poem
1879,snake
1880,fox
1881,copenhagen
1882,inuit
1883,comet
1884,arctic
1885,snow
1886,berlin
1887,plan
1888,colonel
1889,husband wife relationship
1890,german officer
1891,piano wire
1892,suicide by gunshot
1893,fourth part
1894,broken arm
1895,nuclear threat
1896,suicide attempt
1897,striptease
1898,steel worker
1899,repossession
1900,male stripper
1901,imaginary creature
1902,sister sister relationship
1903,sister
1904,partnership
1905,secret love
1906,familienkonflikte
1907,sadness
1908,young people
1909,romance
1910,kamikaze
1911,teen movie
1912,death of parent
1913,professor
1914,liar
1915,marijuana
1916,wife husband relationship
1917,eroticism
1918,selbstbefriedigung
1919,vororte
1920,loser
1921,infant
1922,housewife
1923,bourgeoisie
1924,ex-polizist
1925,playground
1926,stay-at-home dad
1927,castration
1928,psychopathy
1929,coming of age
1930,summer
1931,baby
1932,banane
1933,baudelaire
1934,stand-up
1935,standup
1936,standup comedy
1937,stand-up comedy
1938,charity
1939,sketch comedy
1940,childhood sexual abuse
1941,parody
1942,art class
1943,record collector
1944,plaster
1945,personal ad
1946,blues music
1947,nunchaku
1948,high school friend
1949,prank telephone call
1950,singer
1951,boy girl relationship
1952,audition
1953,group of friends
1954,singing competition
1955,music education
1956,female musician
1957,group leader
1958,singing contest
1959,acapella
1960,china
1961,mentor
1962,turtle
1963,panda
1964,destiny
1965,fleet
1966,cine independiente
1967,date
1968,dna
1969,mayor
1970,rain
1971,museum
1972,serum
1973,talking animal
1974,rock and roll
1975,music style
1976,john f. kennedy
1977,advancement
1978,bob dylan
1979,rock
1980,singen
1981,beatnik
1982,motor-bike accident
1983,illegal employment
1984,son
1985,urwald
1986,elephant
1987,caretaker
1988,bully
1989,bank manager
1990,nazi background
1991,document
1992,ultimatum
1993,court case
1994,financial transactions
1995,man-woman-relation
1996,suicide mission
1997,guilt
1998,mental health
1999,pain
2000,morality
2001,media manipulation
2002,moral dilemma
2003,assisted suicide
2004,hayao miyazaki
2005,isao takahata
2006,coma
2007,sword
2008,bride
2009,cut-off arm
2010,swordplay
2011,katana
2012,right and justice
2013,childhood
2014,eating with chopsticks
2015,disability
2016,violence against women
2017,japanese mafia
2018,piercing
2019,drug
2020,disembowelment
2021,twin
2022,blade
2023,masochist
2024,stabbed in the face
2025,severed tongue
2026,sadistic torture
2027,predator turns victim
2028,pointless violence
2029,rauschgift
2030,hongkong
2031,inspector
2032,manga
2033,manga-anime-liveaction
2034,man looking for wife
2035,schöne frauen
2036,samurai
2037,yakuza
2038,gang war
2039,filmmaker
2040,babes
2041,guns
2042,wtf
2043,blades
2044,evidence
2045,hand grenade
2046,tattoo
2047,stabbed in the back
2048,roulette wheel
2049,hanging
2050,mob violence
2051,stabbed in the ear
2052,chopsticks
2053,power politics
2054,tattoo on back
2055,racist comment
2056,crime family
2057,cynical
2058,gang member
2059,gash in the face
2060,finger cut off
2061,japanese culture
2062,jail break
2063,police headquarter
2064,little people
2065,teenage hero
2066,women's friendship
2067,japanese woman
2068,based on fairy tale
2069,japanese folklore
2070,bamboo
2071,kaguya
2072,anime
2073,mord
2074,broken engagement
2075,allegory
2076,bunraku
2077,loft
2078,onryo
2079,family drama
2080,medical profession
2081,sleep
2082,subconsciousness
2083,redemption
2084,burglar
2085,villainess
2086,destruction
2087,fictional city
2088,catwoman
2089,cat burglar
2090,statue
2091,flood
2092,hostage killed
2093,criminal underworld
2094,bane
2095,talia al ghul
2096,architect
2097,fate
2098,ikea
2099,year
2100,heartache
2101,highschool
2102,cannabis
2103,shrew
2104,archery
2105,opposites attract
2106,teen romance
2107,overprotective father
2108,trainer
2109,hustler
2110,child abuser
2111,cyborg
2112,planeten
2113,weltraumpiraten
2114,kleiner junge
2115,schatzkarte
2116,weltraum
2117,lone wolf
2118,leave
2119,anruf
2120,skyscraper
2121,tightrope
2122,planning
2123,world trade center
2124,world trade center manhattan new york city
2125,prohibition
2126,fly fishing
2127,pastor
2128,cancer
2129,therapist patient relationship
2130,hippie
2131,roommate
2132,stoned
2133,grass
2134,desire
2135,stoner
2136,misadventure
2137,tripping
2138,high
2139,pot
2140,silly
2141,paranoid
2142,flashback
2143,holiday
2144,christmas party
2145,room exchange
2146,surrey
2147,multiple storylines
2148,white male black female relationship
2149,dead father
2150,reference to bob dylan
2151,biracial
2152,bedtime story
2153,unmarried couple
2154,medical illustrator
2155,disguised voice
2156,reference to huckleberry finn
2157,student protest
2158,sonogram
2159,expectant grandmother
2160,dead parents
2161,testicles
2162,sniper
2163,saudi-arabia
2164,petrol
2165,golf war
2166,u.s. marine
2167,the muppets
2168,oil tycoon
2169,studio tour
2170,time warp
2171,exoskeleton
2172,cigarette smoking
2173,soccer
2174,corrupt cop
2175,night vision
2176,night vision goggles
2177,death of daughter
2178,el paso
2179,death of wife
2180,mexican cartel
2181,snow white
2182,fairytale
2183,huntsman
2184,world of fasion
2185,fashion journal
2186,assistant
2187,job entrant
2188,job interview
2189,editor-in-chief
2190,period drama
2191,queen victoria
2192,prince albert
2193,19th century
2194,british monarchy
2195,bookshop
2196,widower
2197,shore
2198,advice columnist
2199,single father
2200,dancer
2201,honesty
2202,politician
2203,foot chase
2204,covert agency
2205,courthouse
2206,political campaign
2207,based on short story
2208,homelessness
2209,lawlessness
2210,slow motion scene
2211,interracial marriage
2212,organized crime
2213,one word title
2214,shot in the back
2215,blood spatter
2216,bag over head
2217,execution
2218,written by director
2219,severed finger
2220,covered in blood
2221,voice over narration
2222,drug addict
2223,montage
2224,hit with a hammer
2225,face slap
2226,shot in the face
2227,topless female nudity
2228,shot through a window
2229,urban decay
2230,body landing on a car
2231,contract killer
2232,younger version of character
2233,underground tunnel
2234,barbie
2235,wig
2236,cats
2237,pyramid
2238,exodus
2239,governance
2240,hebrew
2241,pharaoh
2242,shyness
2243,retro
2244,animal death
2245,animal lover
2246,madagascar
2247,country name in title
2248,comedy of errors
2249,son-in-law
2250,father-in-law
2251,trottel
2252,private investigator
2253,smoking marijuana
2254,year 1969
2255,year 1970
2256,shrinking
2257,united states–mexico barrier
2258,confusion
2259,spoof
2260,western hero
2261,western band
2262,actor
2263,television
2264,propaganda
2265,games
2266,uprising
2267,rebellion
2268,tournament
2269,danger
2270,winner
2271,flames
2272,mockingjay
2273,hunger games
2274,mistake in person
2275,horse racing
2276,gambler
2277,slevin
2278,caso
2279,assasination
2280,black man
2281,assasin
2282,stowaway
2283,cheating
2284,zwietracht
2285,graphic novel
2286,homework
2287,shot in the chin
2288,soft boiled egg
2289,learning to drive
2290,spoiled son
2291,scarred face
2292,thompson sub machine gun
2293,frost on a window
2294,cauterizing a wound
2295,liberty half dollar
2296,airport
2297,translation
2298,craftsman
2299,stewardess
2300,illegal immigration
2301,language barrier
2302,jfk international airport
2303,immigration law
2304,fast food restaurant
2305,security camera
2306,jazz musician
2307,saxophonist
2308,passport
2309,eastern europe
2310,revolution
2311,game of death
2312,strong female lead
2313,bow and arrow
2314,game
2315,future war
2316,revolt
2317,class prejudice
2318,human subjugation
2319,corpse
2320,teenage love
2321,burlesque
2322,burlesque dancer
2323,school
2324,rumor
2325,hallucination
2326,knife fight
2327,blindness
2328,glamour
2329,roasted pig
2330,sponsor
2331,chariot
2332,fictional tv show
2333,mine explosion
2334,getaway
2335,jousting match
2336,crime gone awry
2337,bumbler
2338,hostage negotiator
2339,clown makeup
2340,cincinnati
2341,swashbuckler
2342,evil prince
2343,reference to socrates
2344,reference to plato
2345,screwball
2346,impersonation
2347,verkleidung
2348,männerschule
2349,paranoia
2350,hitchcockian
2351,based on comic strip
2352,dick tracy
2353,angel
2354,wish
2355,will
2356,bethlehem
2357,miracle
2358,snow globe
2359,freshman
2360,teenage boy
2361,high school senior
2362,first love
2363,aunt nephew relationship
2364,santa hat
2365,gay character
2366,gay teenager
2367,aunt nephew incest
2368,disney short
2369,fairies
2370,hipster
2371,underage girlfriend
2372,animated flashback
2373,character's point of view camera shot
2374,unconsciousness
2375,girl fight
2376,vegan
2377,double agent
2378,anthropomorphic animal
2379,spy hero
2380,sidekick
2381,henchmen
2382,macguffin
2383,landschloß
2384,gut und böse
2385,pest
2386,bed
2387,bite
2388,house
2389,central and south america
2390,shooting
2391,munich
2392,film and cinema
2393,cave painting
2394,southern france
2395,historian
2396,scientiest
2397,wilderness
2398,remoteness
2399,dog sled
2400,commune
2401,michael jackson
2402,life and death
2403,camping
2404,camcorder
2405,self-abandonment
2406,grizzly bear
2407,non-governmental organisation
2408,human being-animal relationship
2409,katmai national park
2410,alaska
2411,atheist
2412,history
2413,skepticism
2414,atheism
2415,secularism
2416,richard dawkins
2417,lawrence krauss
2418,ski jump
2419,portrait
2420,professional sports
2421,walter steiner
2422,dogme 95
2423,penguin
2424,paradise
2425,soul
2426,heaven
2427,hell
2428,espiritismo
2429,new mexico
2430,ex-con
2431,understated
2432,offbeat
2433,dancing master
2434,mambo
2435,dance performance
2436,animateur
2437,biergartenbedienungen
2438,summer camp
2439,family holiday
2440,guerilla
2441,colorado
2442,near future
2443,carpet
2444,grandparents
2445,captive
2446,pickup truck
2447,lego
2448,mother son relationship
2449,abduction
2450,shed
2451,skylight
2452,salesclerk
2453,winter
2454,auto
2455,north dakota
2456,car dealership
2457,woodchipper
2458,coen bros
2459,funny accent
2460,prejudice
2461,film critic
2462,farewell
2463,regret
2464,chance
2465,child prodigy
2466,reconciliation
2467,pornography
2468,porn actor
2469,pornographic video
2470,from rags to riches
2471,porn industry
2472,noir
2473,capitalism
2474,health
2475,marketing
2476,tobacco
2477,social satire
2478,business
2479,advertising
2480,humiliation
2481,lobby
2482,bribe
2483,lung cancer
2484,father son relationship
2485,scientific research
2486,lobbyist
2487,tobacco industry
2488,nicotine
2489,grieving father
